epoch,train_total,train_recon,train_mixing,train_zero_recon,train_z_l2,val_recon,val_separation,sep_base,n_dup,tops,clean_max_corr,max_pair_corr,min_energy_ratio,n_dead,lr,sec,corr_e0_x_clean,corr_e1_x_clean,corr_e2_x_clean,corr_e3_x_clean,corr_e4_x_clean,corr_e5_x_clean,corr_e6_x_clean,corr_e7_x_clean,corr_e0_bw,corr_e1_bw,corr_e2_bw,corr_e3_bw,corr_e4_bw,corr_e5_bw,corr_e6_bw,corr_e7_bw,corr_e0_ma,corr_e1_ma,corr_e2_ma,corr_e3_ma,corr_e4_ma,corr_e5_ma,corr_e6_ma,corr_e7_ma,corr_e0_em,corr_e1_em,corr_e2_em,corr_e3_em,corr_e4_em,corr_e5_em,corr_e6_em,corr_e7_em
1,0.3814350645179334,0.3421629602494447,3.563936585965364,0.14439729042351246,2.1887657279553623,0.16725218822337962,0.02388693094253541,0.3238869309425354,2,5444,0.11407820880413055,0.7782204747200012,0.04853757843375206,0,0.001,4.973417520523071,0.09333856403827667,0.10226848721504211,0.0868576243519783,0.07800442725419998,0.1127256229519844,0.11407820880413055,0.08866041898727417,0.06942657381296158,0.3633655607700348,0.45421531796455383,0.3848875164985657,0.3092026114463806,0.534490704536438,0.493395060300827,0.3564014136791229,0.3333876132965088,0.30602213740348816,0.31904080510139465,0.305101603269577,0.26390525698661804,0.39645901322364807,0.38587671518325806,0.25588664412498474,0.2575693428516388,0.18823298811912537,0.2193797528743744,0.19957251846790314,0.1791500747203827,0.2505197525024414,0.23245981335639954,0.18862052261829376,0.17724449932575226
2,0.24919868487378824,0.2111923927846162,3.5194024106730586,0.03318652200877019,2.480405278827833,0.1472944810655382,0.04137260913848878,0.34137260913848877,2,4454,0.12173406779766083,0.8009555339813232,0.020867671817541122,0,0.001,4.511281967163086,0.09157713502645493,0.10285062342882156,0.09658157080411911,0.08928175270557404,0.12173406779766083,0.11923526972532272,0.0840592086315155,0.06827805191278458,0.29965588450431824,0.4665747284889221,0.3864619731903076,0.3240124583244324,0.5537768602371216,0.5166919231414795,0.29575642943382263,0.2699628472328186,0.2953492999076843,0.36305803060531616,0.36818936467170715,0.2686804234981537,0.42481082677841187,0.43992695212364197,0.28935152292251587,0.23457245528697968,0.17037102580070496,0.22875851392745972,0.20074954628944397,0.17392517626285553,0.25005263090133667,0.2364654541015625,0.15609215199947357,0.15501512587070465
3,0.2281377717204716,0.1915475466976995,3.424648803213368,0.02465336006539671,2.097205877304077,0.1285959630895544,-0.09558899402618404,0.3544110059738159,3,4444,0.12235558032989502,0.8126409649848938,0.02259247750043869,0,0.001,4.379559516906738,0.09498097747564316,0.09817798435688019,0.09795978665351868,0.08537489920854568,0.12235558032989502,0.11783680319786072,0.08325531333684921,0.07604061812162399,0.3006879985332489,0.48652422428131104,0.36610639095306396,0.29510360956192017,0.5807033777236938,0.4896080791950226,0.27912676334381104,0.2879627048969269,0.30742308497428894,0.3751804232597351,0.37178099155426025,0.25546950101852417,0.4511251151561737,0.42374616861343384,0.28524723649024963,0.2606804370880127,0.17103664577007294,0.24433478713035583,0.1922033131122589,0.1608097106218338,0.2634598910808563,0.23014366626739502,0.15259341895580292,0.16451291739940643
4,0.21451472005118494,0.17985979500024216,3.294201073439225,0.011286321602275839,1.6000508743783701,0.11724497703269676,-0.09106589555740352,0.35893410444259644,3,4444,0.1235482394695282,0.8098143935203552,0.017526622861623764,0,0.001,4.5333874225616455,0.10595536977052689,0.09967063367366791,0.10317803919315338,0.08697374165058136,0.1235482394695282,0.12026754766702652,0.11018512398004532,0.08941605687141418,0.29755347967147827,0.41524583101272583,0.35002264380455017,0.29765796661376953,0.5888006687164307,0.5117831230163574,0.28777480125427246,0.20107291638851166,0.3079862892627716,0.3244067430496216,0.36394354701042175,0.2666817605495453,0.4581429362297058,0.4402136504650116,0.26959747076034546,0.18433448672294617,0.16478696465492249,0.2128996104001999,0.19634073972702026,0.15566882491111755,0.2652445435523987,0.23690390586853027,0.2140115648508072,0.1443118155002594
5,0.20316832156284995,0.17016674966915793,3.160246113072271,0.008643596726672156,1.3126751754594885,0.11147336154513889,0.08190409541130067,0.38190409541130066,2,4446,0.12569575011730194,0.8049977421760559,0.013762777671217918,0,0.001,4.51894474029541,0.11489930748939514,0.1022023931145668,0.10938974469900131,0.08485013991594315,0.12569575011730194,0.12362151592969894,0.11176549643278122,0.08067112416028976,0.2750248908996582,0.45446017384529114,0.3538799583911896,0.286098837852478,0.5817365646362305,0.5031902194023132,0.25359228253364563,0.18226514756679535,0.283322274684906,0.3573499321937561,0.34664615988731384,0.2467956244945526,0.4777970314025879,0.4331246614456177,0.22607214748859406,0.15844771265983582,0.1886310875415802,0.22771666944026947,0.24111449718475342,0.16219256818294525,0.2634737491607666,0.23432238399982452,0.3423871099948883,0.21625511348247528
6,0.19399230441321497,0.16225733510825946,3.0472918697025464,0.005983289260336239,1.2022167236908623,0.10594939281322338,0.08810163736343385,0.38810163736343384,2,6446,0.13345856964588165,0.7758233547210693,0.006572940852493048,2,0.001,4.492487907409668,0.11836040019989014,0.10252727568149567,0.10323510318994522,0.080983005464077,0.1251024305820465,0.12440021336078644,0.13345856964588165,0.08073874562978745,0.24870912730693817,0.46139952540397644,0.32052701711654663,0.2685684263706207,0.5913645029067993,0.5024250745773315,0.2299542874097824,0.2157983034849167,0.25782841444015503,0.3675852417945862,0.3214266002178192,0.2367696762084961,0.4804200828075409,0.4380077123641968,0.22913417220115662,0.16668708622455597,0.19264589250087738,0.23080220818519592,0.2180398404598236,0.15270525217056274,0.27014240622520447,0.24197129905223846,0.34716343879699707,0.19606123864650726
7,0.19020334274872489,0.15963202974070673,2.9364959675332774,0.010895639728835744,1.097397171932718,0.10403919248227719,0.08970917463302613,0.3897091746330261,2,6446,0.15438055992126465,0.7985066771507263,0.023000208660960197,0,0.001,4.4510157108306885,0.13527800142765045,0.10147453844547272,0.11561137437820435,0.07760600000619888,0.12565091252326965,0.12274489551782608,0.15438055992126465,0.08174170553684235,0.26259613037109375,0.4304882884025574,0.38490939140319824,0.2633680999279022,0.5987271666526794,0.5103240013122559,0.18884694576263428,0.17595483362674713,0.2799438238143921,0.3403341770172119,0.3814246356487274,0.22928592562675476,0.483852744102478,0.4446977376937866,0.20821434259414673,0.14828859269618988,0.20760765671730042,0.21622541546821594,0.24524307250976562,0.15314656496047974,0.2711089849472046,0.24399639666080475,0.3218763470649719,0.17890769243240356
8,0.18219215584837872,0.15267531314621802,2.8375618250473686,0.009879699705735497,1.0424283846564915,0.10161385317201968,0.08756012916564943,0.3875601291656494,2,6446,0.16785959899425507,0.821010172367096,0.019783824682235718,0,0.001,4.495907783508301,0.13747724890708923,0.10330934077501297,0.11981657892465591,0.07603996992111206,0.12401385605335236,0.12193521112203598,0.16785959899425507,0.08356378972530365,0.298319935798645,0.4673435389995575,0.39622601866722107,0.2670942544937134,0.6047461032867432,0.5087302327156067,0.1377175748348236,0.23641976714134216,0.3053710162639618,0.3663056492805481,0.38619986176490784,0.22227701544761658,0.48074308037757874,0.4499014914035797,0.15863364934921265,0.21016313135623932,0.21415813267230988,0.23185530304908752,0.2437455803155899,0.14882011711597443,0.27373331785202026,0.24130557477474213,0.2968917489051819,0.18277324736118317
9,0.17233572381993997,0.1437649500110875,2.7422550657521123,0.013910332573172838,1.0091222809708638,0.09979125524450232,0.07590479850769044,0.37590479850769043,2,6444,0.16397719085216522,0.7830418348312378,0.020604636520147324,0,0.001,4.5280351638793945,0.13967522978782654,0.10337093472480774,0.12552815675735474,0.08104671537876129,0.12395177036523819,0.121430404484272,0.16397719085216522,0.08843595534563065,0.25527483224868774,0.4435723125934601,0.3699476718902588,0.296138197183609,0.5915793180465698,0.5013235211372375,0.09552505612373352,0.2623848617076874,0.2642011046409607,0.37105920910835266,0.36226871609687805,0.26790207624435425,0.4773671329021454,0.43019840121269226,0.10327544063329697,0.23016490042209625,0.20388676226139069,0.23235411942005157,0.2390231341123581,0.158370703458786,0.27069562673568726,0.242213636636734,0.2687146067619324,0.1857522875070572
10,0.16189321940359863,0.1342456755430802,2.6564220449198848,0.013191405400309874,0.9514087283092997,0.09295032642505786,0.08374811410903932,0.3837481141090393,2,6444,0.17739105224609375,0.7796740531921387,0.014711867086589336,0,0.001,4.548039674758911,0.16381493210792542,0.1007983535528183,0.14182817935943604,0.08270511031150818,0.12447850406169891,0.12817633152008057,0.17739105224609375,0.08963993191719055,0.2434907704591751,0.4063778221607208,0.3656632602214813,0.3100231885910034,0.5939428806304932,0.5082212090492249,0.05580397695302963,0.14174942672252655,0.25522446632385254,0.3311048150062561,0.34186631441116333,0.2657947838306427,0.4891149699687958,0.44372501969337463,0.07291515916585922,0.12759557366371155,0.2108806073665619,0.21302977204322815,0.26835763454437256,0.16546744108200073,0.27454355359077454,0.2597561776638031,0.26053646206855774,0.15919283032417297
11,0.15056013866611148,0.12381137875111206,2.5753660202026367,0.007983553952173046,0.9152625565943511,0.09010707713939525,0.0831913471221924,0.3831913471221924,2,6444,0.17484797537326813,0.7813642621040344,0.013016494922339916,0,0.001,4.5204784870147705,0.16960300505161285,0.10745520889759064,0.15555809438228607,0.08462542295455933,0.1258786916732788,0.12777386605739594,0.17484797537326813,0.09411744773387909,0.2247038036584854,0.4506533741950989,0.2913999557495117,0.32058364152908325,0.5930470824241638,0.5064509510993958,0.0525721050798893,0.19780275225639343,0.24400699138641357,0.37001892924308777,0.2816063165664673,0.27948397397994995,0.48992645740509033,0.43257901072502136,0.06026502698659897,0.17316699028015137,0.20264242589473724,0.23806874454021454,0.270729660987854,0.16551733016967773,0.27494385838508606,0.2677547037601471,0.21120905876159668,0.1625996083021164
12,0.14342707525128903,0.1173438983766929,2.507423971010291,0.00978665442570396,0.91107337889464,0.08738027275933159,0.23846960663795472,0.3884696066379547,1,6445,0.19177278876304626,0.7847004532814026,0.013431265018880367,0,0.001,4.484305143356323,0.1773362159729004,0.10321342200040817,0.16918611526489258,0.08493918180465698,0.12689585983753204,0.13200168311595917,0.19177278876304626,0.10455531626939774,0.206748366355896,0.4177246689796448,0.260416179895401,0.3011856973171234,0.5911512970924377,0.5047862529754639,0.0487113855779171,0.15086598694324493,0.22400373220443726,0.3402654826641083,0.24704532325267792,0.260883629322052,0.4891951382160187,0.4332771599292755,0.0558316595852375,0.1373322308063507,0.2017601728439331,0.2274695187807083,0.2558419704437256,0.15482774376869202,0.27638521790504456,0.28175923228263855,0.17837275564670563,0.15708008408546448
13,0.13311438262462616,0.10775259590667227,2.4415102523306143,0.0059556819336569825,0.8871261425640272,0.08088555908203125,0.250687038898468,0.400687038898468,1,6445,0.22899186611175537,0.7606186270713806,0.009447932243347168,1,0.001,4.512463569641113,0.19106505811214447,0.10536688566207886,0.19079594314098358,0.08037076890468597,0.12900154292583466,0.13119618594646454,0.22899186611175537,0.1143915057182312,0.167928546667099,0.39751532673835754,0.23504884541034698,0.26568716764450073,0.587469220161438,0.48171865940093994,0.038555849343538284,0.10538823157548904,0.1785779893398285,0.3237365186214447,0.22051012516021729,0.2342296987771988,0.4928959012031555,0.41468900442123413,0.04569205269217491,0.09894078224897385,0.1896054893732071,0.22811535000801086,0.2480282187461853,0.1378902643918991,0.2782238721847534,0.2933911681175232,0.1507013887166977,0.15044745802879333
14,0.12599432241657507,0.10128028593633485,2.378024028695148,0.005799717755745287,0.8758000757383264,0.08180379457826968,0.27012882232666013,0.42012882232666016,1,6445,0.29737070202827454,0.7255618572235107,0.016430407762527466,0,0.001,4.4264349937438965,0.20357374846935272,0.10610665380954742,0.18722829222679138,0.07754521071910858,0.1295672506093979,0.1297660619020462,0.29737070202827454,0.11399790644645691,0.14341561496257782,0.4038326144218445,0.19989101588726044,0.277775377035141,0.583829402923584,0.45754751563072205,0.03481410816311836,0.09711463749408722,0.1633908748626709,0.33089011907577515,0.19578184187412262,0.23782651126384735,0.4982012212276459,0.3998086154460907,0.037321507930755615,0.09175551682710648,0.18526315689086914,0.2359342724084854,0.24591325223445892,0.14749062061309814,0.2795039713382721,0.30111396312713623,0.12918758392333984,0.13889722526073456
15,0.12035012180390565,0.09612423602653586,2.327580337939055,0.006697918369394281,0.883104858191117,0.08124078708224826,0.2908118724822998,0.4408118724822998,1,6445,0.3590121567249298,0.7726791501045227,0.011522119864821434,0,0.001,4.516186714172363,0.21260450780391693,0.10319754481315613,0.18789006769657135,0.08151669055223465,0.12980981171131134,0.12852439284324646,0.3590121567249298,0.11173664778470993,0.2009134292602539,0.31557926535606384,0.20791731774806976,0.28636419773101807,0.5997614860534668,0.49547433853149414,0.03269589692354202,0.117104172706604,0.2025645673274994,0.2729535400867462,0.18819715082645416,0.24562519788742065,0.5011937618255615,0.42431581020355225,0.035735856741666794,0.10641597211360931,0.18873272836208344,0.2102634310722351,0.22614890336990356,0.14674095809459686,0.2820066213607788,0.30328014492988586,0.11087018251419067,0.1324794888496399
16,0.11814330485851868,0.09437004379604173,2.281061835910963,0.008201677655882162,0.8806269894475522,0.07465312025282118,0.29677987694740293,0.44677987694740295,1,6445,0.3783256709575653,0.7542468309402466,0.012035548686981201,0,0.001,4.44622540473938,0.2145533263683319,0.10199431329965591,0.1863030642271042,0.08357379585504532,0.13033729791641235,0.13031472265720367,0.3783256709575653,0.10924532264471054,0.19580839574337006,0.28905582427978516,0.19670157134532928,0.28476688265800476,0.6001840829849243,0.4854740500450134,0.02953902818262577,0.13951770961284637,0.19820010662078857,0.26034700870513916,0.18423761427402496,0.2478693276643753,0.5021017789840698,0.41474002599716187,0.03161546215415001,0.130262091755867,0.1894608736038208,0.212813600897789,0.230650395154953,0.1388574093580246,0.28307604789733887,0.30650797486305237,0.09626214951276779,0.13224999606609344
17,0.10898880822503049,0.08570241474586984,2.2354999521504277,0.004593734072683298,0.8854569844577623,0.06342373657226562,0.3165577411651611,0.46655774116516113,1,6445,0.4455842971801758,0.7613676190376282,0.010797712951898575,0,0.001,4.4599831104278564,0.22748881578445435,0.10341080278158188,0.20796003937721252,0.07491885125637054,0.1319415122270584,0.13170456886291504,0.4455842971801758,0.11825644969940186,0.16800439357757568,0.343534380197525,0.17896875739097595,0.25070950388908386,0.592475175857544,0.48665568232536316,0.029921581968665123,0.10676905512809753,0.17820236086845398,0.29151538014411926,0.17312917113304138,0.21817678213119507,0.5075533986091614,0.42070454359054565,0.029110312461853027,0.10236664116382599,0.19075235724449158,0.23956333100795746,0.2456001490354538,0.13653895258903503,0.2831450402736664,0.3206181526184082,0.08263853937387466,0.13101200759410858
18,0.1078963992388352,0.08500952662333199,2.1930509961169697,0.007062253521998291,0.8857391295225724,0.07119051219798901,0.3174065113067627,0.4674065113067627,1,6445,0.4655117094516754,0.7251168489456177,0.02162742242217064,0,0.001,4.476405382156372,0.2311464548110962,0.10170124471187592,0.20599591732025146,0.07675294578075409,0.1307959109544754,0.13046865165233612,0.4655117094516754,0.1081671491265297,0.15294422209262848,0.2714962363243103,0.1583677977323532,0.272978812456131,0.592657744884491,0.46328720450401306,0.035680752247571945,0.1164601594209671,0.15720295906066895,0.24712514877319336,0.15583477914333344,0.23840872943401337,0.5010332465171814,0.4017905294895172,0.03599926456809044,0.11057688295841217,0.18139204382896423,0.22047856450080872,0.23738378286361694,0.14126648008823395,0.28316277265548706,0.3104233145713806,0.06926091015338898,0.11800132691860199
19,0.10415387898683548,0.08157749959956044,2.1607644454292627,0.007638259507391764,0.8923525317855503,0.06789881275318287,0.32109800577163694,0.47109800577163696,1,6445,0.4507594406604767,0.7148556113243103,0.009805319830775261,1,0.001,4.529640436172485,0.22906652092933655,0.10099821537733078,0.20596909523010254,0.07416892051696777,0.13016921281814575,0.13396982848644257,0.4507594406604767,0.1143467053771019,0.12158668041229248,0.27529916167259216,0.12371663749217987,0.24876749515533447,0.6002413034439087,0.4489361345767975,0.03571558743715286,0.12819628417491913,0.13148434460163116,0.24297980964183807,0.12502285838127136,0.2258085161447525,0.5002047419548035,0.4037030339241028,0.03524330258369446,0.11999714374542236,0.17466804385185242,0.21221312880516052,0.22149474918842316,0.12726238369941711,0.28524506092071533,0.33318662643432617,0.06849611550569534,0.12113457918167114
20,0.1011859738956327,0.07896185666322708,2.1274699128192402,0.004699735345480883,0.902421412260636,0.0681031335901331,0.3403207719326019,0.49032077193260193,1,6445,0.5242318511009216,0.6855055689811707,0.010646607726812363,0,0.001,4.565455913543701,0.22275429964065552,0.09914196282625198,0.21498653292655945,0.0776267945766449,0.13223810493946075,0.1309354156255722,0.5242318511009216,0.11301126331090927,0.1391882300376892,0.27830439805984497,0.14938585460186005,0.25410184264183044,0.5933049321174622,0.4260064661502838,0.02390647865831852,0.12468688935041428,0.14047779142856598,0.235550656914711,0.14741070568561554,0.22492165863513947,0.5063415765762329,0.3883045017719269,0.02476513385772705,0.11746412515640259,0.18350687623023987,0.2327185422182083,0.23371945321559906,0.14093829691410065,0.28497594594955444,0.3374047577381134,0.059000056236982346,0.14114981889724731
21,0.09227658063173294,0.07038043342206789,2.0937729918438457,0.005747163779628666,0.9009470524995223,0.05263385461877894,0.34520441889762876,0.4952044188976288,1,6445,0.5471628308296204,0.6972231864929199,0.015318803489208221,0,0.001,4.507880449295044,0.21733157336711884,0.09740662574768066,0.22582335770130157,0.07679916173219681,0.13016334176063538,0.13040360808372498,0.5471628308296204,0.10767059028148651,0.12341487407684326,0.28288745880126953,0.14856600761413574,0.25119513273239136,0.5915560722351074,0.43715688586235046,0.026811666786670685,0.11949945986270905,0.12432023882865906,0.24301138520240784,0.14454779028892517,0.22803162038326263,0.5019786953926086,0.39530518651008606,0.026607541367411613,0.11092662066221237,0.1734943985939026,0.24182038009166718,0.24836203455924988,0.13433612883090973,0.2847563922405243,0.34012019634246826,0.05478945001959801,0.13855759799480438
22,0.08670365194911542,0.06519749209932658,2.0579441837642505,0.003939958051373454,0.8873195700023485,0.047666607892071756,0.356854772567749,0.506854772567749,1,6445,0.5840483903884888,0.6908252239227295,0.007731922902166843,2,0.001,4.579336404800415,0.23054693639278412,0.09701806306838989,0.23182417452335358,0.07992782443761826,0.13250410556793213,0.12765371799468994,0.5840483903884888,0.11435756832361221,0.11293086409568787,0.2520589530467987,0.12969468533992767,0.2670881152153015,0.5978708863258362,0.43369531631469727,0.023952294141054153,0.10375405848026276,0.11564844846725464,0.2146199345588684,0.12460572272539139,0.236323282122612,0.5053447484970093,0.3866161108016968,0.023839375004172325,0.1019824892282486,0.1657242774963379,0.21997341513633728,0.2361760139465332,0.1324223428964615,0.2860111892223358,0.3401550352573395,0.04406624659895897,0.14530856907367706
23,0.08822923574758612,0.06707181376607521,2.0242731363877007,0.0028216707489817686,0.8864733654519786,0.047272576226128474,0.35699615478515623,0.5069961547851562,1,6445,0.5647667050361633,0.6700230836868286,0.007754312828183174,2,0.001,4.521620273590088,0.21979190409183502,0.0984477549791336,0.24102619290351868,0.0803876593708992,0.13103444874286652,0.13189196586608887,0.5647667050361633,0.12125223875045776,0.10248466581106186,0.2399420440196991,0.10683108866214752,0.2775805592536926,0.593755304813385,0.41247081756591797,0.018927890807390213,0.11105901747941971,0.10806459188461304,0.20840507745742798,0.11011528968811035,0.23480713367462158,0.5065578818321228,0.378078818321228,0.01953822746872902,0.10535334050655365,0.17057496309280396,0.2386271208524704,0.2616272270679474,0.1443842053413391,0.2869802415370941,0.3629046678543091,0.046071045100688934,0.17279773950576782
24,0.08453203996886378,0.06368707152812378,1.9939005063927693,0.002489584234907575,0.8810680560443712,0.046943784360532405,0.35217330455780027,0.5021733045578003,1,6445,0.5437553524971008,0.6589314341545105,0.0049825310707092285,2,0.001,4.536816120147705,0.2283392995595932,0.1009475439786911,0.24090197682380676,0.07775697857141495,0.13178077340126038,0.1307515650987625,0.5437553524971008,0.11575312167406082,0.10123889148235321,0.26313066482543945,0.09708403050899506,0.218612939119339,0.5951285362243652,0.39949482679367065,0.028821157291531563,0.1107867956161499,0.0980386883020401,0.2239617556333542,0.10117994248867035,0.19548539817333221,0.5046747326850891,0.3717707097530365,0.028724966570734978,0.10306267440319061,0.1632089763879776,0.23659555613994598,0.2664973735809326,0.1296287178993225,0.28728044033050537,0.36513468623161316,0.044621702283620834,0.17075912654399872
25,0.08131173998117447,0.060763539179511696,1.9644603832908298,0.0030819017986726503,0.8727798150933307,0.04578209827564381,0.35769174098968504,0.5076917409896851,1,6445,0.5730239748954773,0.6574052572250366,0.01466951984912157,0,0.001,4.475878953933716,0.22505269944667816,0.09746094793081284,0.23454871773719788,0.08550354093313217,0.13325676321983337,0.12953701615333557,0.5730239748954773,0.12116312980651855,0.13910514116287231,0.2796506881713867,0.12467159330844879,0.2978523373603821,0.5932372808456421,0.41425156593322754,0.02227860316634178,0.13088741898536682,0.13069415092468262,0.2321951687335968,0.12384292483329773,0.2564733624458313,0.5100760459899902,0.3717135488986969,0.022912926971912384,0.1158781349658966,0.1681305319070816,0.244170144200325,0.27647513151168823,0.15939851105213165,0.2876266837120056,0.35442960262298584,0.03976402431726456,0.18230658769607544
26,0.07453586161136627,0.054265191859525184,1.9377618250639543,0.002349335072643083,0.8695584898409636,0.04432192484537761,0.3568548321723938,0.5068548321723938,1,6445,0.5692059993743896,0.6973638534545898,0.007549187634140253,1,0.001,4.531434535980225,0.2141900658607483,0.09889253228902817,0.23479753732681274,0.08349081873893738,0.1326536238193512,0.13253194093704224,0.5692059993743896,0.11875118315219879,0.11501569300889969,0.2718847692012787,0.1129823848605156,0.286421000957489,0.59510737657547,0.4346822202205658,0.02804209478199482,0.1287233531475067,0.11027208715677261,0.22445954382419586,0.11280101537704468,0.25017622113227844,0.505702793598175,0.3912169337272644,0.02808328904211521,0.10792893916368484,0.15774288773536682,0.24018919467926025,0.2806805968284607,0.1608155369758606,0.2881323993206024,0.3574031889438629,0.04155035316944122,0.18010273575782776
27,0.07453599539787872,0.054558402170305664,1.9075664851976477,0.003600801791712318,0.865921007550281,0.04261332589608652,0.35874626636505125,0.5087462663650513,1,6445,0.574552595615387,0.6569169163703918,0.012826254591345787,0,0.001,4.443958759307861,0.22241632640361786,0.10042455047369003,0.2388485074043274,0.08051837980747223,0.13200686872005463,0.13084416091442108,0.574552595615387,0.12125831842422485,0.10320320725440979,0.25850117206573486,0.12362831830978394,0.26719844341278076,0.5990198254585266,0.41205519437789917,0.02661995403468609,0.10589440166950226,0.10517527908086777,0.2188195437192917,0.12149713188409805,0.22915340960025787,0.5038800239562988,0.3724316358566284,0.0261810515075922,0.09443362057209015,0.16158172488212585,0.2405565083026886,0.2830241024494171,0.14682535827159882,0.28871282935142517,0.3575325608253479,0.03864414617419243,0.19608689844608307
28,0.07509937104971512,0.05533983574613281,1.8837303337843523,0.005577878905055316,0.8664540907611018,0.04889017571343316,0.3489397823810577,0.49893978238105774,1,6445,0.5354881286621094,0.6424744129180908,0.00964307226240635,1,0.001,4.457045316696167,0.21337997913360596,0.09762900322675705,0.24064351618289948,0.0759553611278534,0.13227182626724243,0.13005031645298004,0.5354881286621094,0.11611587554216385,0.10629671066999435,0.2527737021446228,0.10791285336017609,0.25664210319519043,0.5960608124732971,0.3946686089038849,0.022030934691429138,0.09123336523771286,0.10560239851474762,0.22349737584590912,0.10854016989469528,0.22505350410938263,0.5046547651290894,0.3610075116157532,0.022467637434601784,0.08682453632354736,0.15664486587047577,0.2285095602273941,0.27542054653167725,0.13480433821678162,0.28795284032821655,0.3595554828643799,0.03765222057700157,0.18276116251945496
29,0.07388331805882246,0.05437888221248337,1.8615755879360696,0.0028411586536094546,0.8602696112964464,0.044007321958188655,0.36001757383346555,0.5100175738334656,1,6445,0.5867401361465454,0.6539484262466431,0.007143321912735701,1,0.001,4.465517282485962,0.21531341969966888,0.099530890583992,0.23442226648330688,0.0794709101319313,0.13361307978630066,0.1316000074148178,0.5867401361465454,0.11908021569252014,0.12269894033670425,0.26828283071517944,0.12406910955905914,0.2445705384016037,0.5925668478012085,0.403839111328125,0.022621965035796165,0.12412858754396439,0.11373841017484665,0.2242383509874344,0.12224425375461578,0.21641099452972412,0.5069124102592468,0.37103167176246643,0.0225555207580328,0.10502356290817261,0.14636662602424622,0.23677748441696167,0.27897539734840393,0.13062693178653717,0.2882158160209656,0.3538508415222168,0.03727847710251808,0.18460412323474884
30,0.07054889234511749,0.05127544992643854,1.8376353408979333,0.004031451697380323,0.856773342775262,0.03947853710033276,0.3537514567375183,0.5037514567375183,1,6445,0.560684323310852,0.6744841933250427,0.008634382858872414,1,0.001,4.513529539108276,0.21398136019706726,0.09787733852863312,0.24051335453987122,0.08473503589630127,0.13235501945018768,0.1318560242652893,0.560684323310852,0.11707882583141327,0.1279526650905609,0.2413700670003891,0.13027311861515045,0.2855089008808136,0.594170868396759,0.42457982897758484,0.02368813380599022,0.09239549189805984,0.1268520951271057,0.19997084140777588,0.1276908665895462,0.24790401756763458,0.5062240362167358,0.3842288553714752,0.024363549426198006,0.07927439361810684,0.16607233881950378,0.23301923274993896,0.29528385400772095,0.14412763714790344,0.2890796959400177,0.3539265990257263,0.04041401669383049,0.19652345776557922
31,0.06712805236811223,0.04812048132652822,1.8133085914280103,0.002361515860842622,0.8508697514948638,0.039553294994212965,0.3562054395675659,0.5062054395675659,1,6445,0.5642048120498657,0.6472920775413513,0.006212999578565359,1,0.001,4.447864294052124,0.2216494083404541,0.09710385650396347,0.2454671561717987,0.08154227584600449,0.13278916478157043,0.1326683908700943,0.5642048120498657,0.11999115347862244,0.11121409386396408,0.2547861337661743,0.11938894540071487,0.2569846510887146,0.5941703915596008,0.39906251430511475,0.020626582205295563,0.0813009962439537,0.10615017265081406,0.20772674679756165,0.11812848597764969,0.21751216053962708,0.50785893201828,0.36246025562286377,0.022652653977274895,0.07620353996753693,0.15040406584739685,0.22861972451210022,0.28568005561828613,0.13918203115463257,0.2876439094543457,0.3585875332355499,0.03912634029984474,0.19060945510864258
32,0.0643129256432471,0.045563291758298874,1.789125489151996,0.0017146171657773464,0.8412340438884237,0.03742519859031394,0.36241904497146604,0.5124190449714661,1,6445,0.58844393491745,0.6767588257789612,0.0036922337021678686,2,0.001,4.494417428970337,0.2164965122938156,0.0992058664560318,0.2472693771123886,0.07993761450052261,0.132559671998024,0.1318865269422531,0.58844393491745,0.11926998198032379,0.11242812871932983,0.25031378865242004,0.09156693518161774,0.28147807717323303,0.5945954322814941,0.42316073179244995,0.02190408669412136,0.11014711856842041,0.11247498542070389,0.20648817718029022,0.09529636800289154,0.24370473623275757,0.5048036575317383,0.38129106163978577,0.02163168042898178,0.09026996791362762,0.14938856661319733,0.22787326574325562,0.2728270888328552,0.1538916379213333,0.28856736421585083,0.3618331551551819,0.03699866309762001,0.1818656176328659
33,0.07080125241823819,0.052274115221655884,1.7678040421527366,0.0019543268287594874,0.8295543919438901,0.0392507245099103,0.35707727670669553,0.5070772767066956,1,6445,0.5861693620681763,0.6786265969276428,0.013256027363240719,0,0.001,4.498342037200928,0.2117195427417755,0.0990990698337555,0.2413145899772644,0.08742362260818481,0.13285435736179352,0.1302911788225174,0.5861693620681763,0.11853481829166412,0.16273581981658936,0.27558597922325134,0.11782064288854599,0.29306963086128235,0.5980021953582764,0.4375336468219757,0.024583149701356888,0.1505039781332016,0.14961525797843933,0.22858040034770966,0.11374867707490921,0.2540397346019745,0.5085439682006836,0.38663750886917114,0.024145811796188354,0.13501185178756714,0.15892571210861206,0.21688340604305267,0.28816792368888855,0.151895210146904,0.2868809103965759,0.3355936110019684,0.03619271144270897,0.19280527532100677
34,0.06355028275562369,0.045141125664762825,1.7543163092240044,0.0026462845980068264,0.8395313879717952,0.03579972330729167,0.3647886276245117,0.5147886276245117,1,6445,0.6038719415664673,0.6701265573501587,0.005185293965041637,1,0.001,4.578385829925537,0.23163558542728424,0.09868299961090088,0.24598151445388794,0.08420969545841217,0.13183876872062683,0.13274690508842468,0.6038719415664673,0.12137892097234726,0.14169995486736298,0.27498912811279297,0.11425032466650009,0.275191068649292,0.5949358344078064,0.42222195863723755,0.02147631160914898,0.08322617411613464,0.1398061215877533,0.22378234565258026,0.11494289338588715,0.23442304134368896,0.5039752125740051,0.37744376063346863,0.021411409601569176,0.07008258998394012,0.16052019596099854,0.2391204833984375,0.28102487325668335,0.14914588630199432,0.28778529167175293,0.35637155175209045,0.0363084152340889,0.18890541791915894
35,0.06116141524651776,0.043028562451186386,1.7278955915699834,0.0023839913748974063,0.8300575147504392,0.03669832921911169,0.3629663348197937,0.5129663348197937,1,6445,0.5976552367210388,0.6844512224197388,0.011708391830325127,0,0.001,4.545957803726196,0.2375711053609848,0.09743715077638626,0.24849870800971985,0.07922209054231644,0.13263413310050964,0.1318150758743286,0.5976552367210388,0.1191830262541771,0.14759114384651184,0.2750788629055023,0.10596540570259094,0.257850706577301,0.5938451290130615,0.43921685218811035,0.019199663773179054,0.10721080005168915,0.1361527144908905,0.2233925312757492,0.10431453585624695,0.2277124524116516,0.5081690549850464,0.385083943605423,0.019893724471330643,0.09292929619550705,0.1521071046590805,0.23656195402145386,0.2780667841434479,0.136483833193779,0.28816190361976624,0.3521958887577057,0.033250998705625534,0.18730264902114868
36,0.06302022399461787,0.045114456149547,1.7054436621458635,0.003039376369839453,0.8209374676580015,0.03709825190791377,0.37181965112686155,0.5218196511268616,1,6445,0.6260858178138733,0.6758257150650024,0.007851981557905674,1,0.001,4.474223613739014,0.2186877578496933,0.09687221795320511,0.24510115385055542,0.07938702404499054,0.13233959674835205,0.13323277235031128,0.6260858178138733,0.11693652719259262,0.13725849986076355,0.23927921056747437,0.11527416855096817,0.23739004135131836,0.5970536470413208,0.423231303691864,0.022447098046541214,0.08906932175159454,0.1328846514225006,0.1977449506521225,0.11379668861627579,0.20548775792121887,0.5083286762237549,0.38031333684921265,0.023296238854527473,0.07556861639022827,0.15684053301811218,0.22002218663692474,0.2885528802871704,0.13689114153385162,0.28866395354270935,0.35581034421920776,0.03671417757868767,0.19195504486560822
37,0.06093257617043412,0.04319916649357132,1.6895568111668462,0.001882035366219023,0.8190213960150013,0.03781416603370949,0.3611238360404968,0.5111238360404968,1,6445,0.5999429225921631,0.6900308132171631,0.008628301322460175,1,0.001,4.446730136871338,0.23467496037483215,0.09829097986221313,0.24511170387268066,0.08140165358781815,0.13240329921245575,0.13354063034057617,0.5999429225921631,0.12066753953695297,0.15621796250343323,0.28141269087791443,0.11127477884292603,0.26767033338546753,0.5938528180122375,0.4379703402519226,0.020554186776280403,0.13109605014324188,0.14978335797786713,0.23104144632816315,0.10817443579435349,0.23257191479206085,0.5037059187889099,0.3884434103965759,0.01973344013094902,0.11125766485929489,0.15676146745681763,0.22876958549022675,0.28216689825057983,0.14418566226959229,0.28699031472206116,0.34699368476867676,0.03227151930332184,0.18890735507011414
38,0.05783356661381929,0.04032296412017034,1.667425487352454,0.0025024816353359947,0.8113236064496248,0.035808523107458044,0.3627900242805481,0.5127900242805481,1,6445,0.604335367679596,0.6846892833709717,0.011148929595947266,0,0.001,4.5321364402771,0.22135576605796814,0.10096105933189392,0.2527126371860504,0.08903796970844269,0.1325366050004959,0.1301722228527069,0.604335367679596,0.12211737781763077,0.1426778882741928,0.31562668085098267,0.10133478045463562,0.3015935719013214,0.6011105179786682,0.44490939378738403,0.027996772900223732,0.14035621285438538,0.13374294340610504,0.2530651390552521,0.09916325658559799,0.2584873139858246,0.507197380065918,0.3830556273460388,0.025629505515098572,0.1167883649468422,0.14269185066223145,0.2306613177061081,0.2797641456127167,0.15677416324615479,0.28740885853767395,0.3385169208049774,0.03564504534006119,0.19195270538330078
39,0.058441106715927955,0.04112323875660482,1.6471871863240781,0.0035218063377491808,0.8107787189276322,0.035636516994900176,0.36291072368621824,0.5129107236862183,1,6445,0.5942354798316956,0.6381795406341553,0.009749743156135082,1,0.001,4.430631160736084,0.23991262912750244,0.09833092242479324,0.25246256589889526,0.07696633040904999,0.13152335584163666,0.12967433035373688,0.5942354798316956,0.11744764447212219,0.12264367938041687,0.2541597783565521,0.08341275900602341,0.2670115530490875,0.5980141162872314,0.40111082792282104,0.021239034831523895,0.09250617772340775,0.12710320949554443,0.2115030288696289,0.08872880041599274,0.2252783179283142,0.5058307647705078,0.3678189814090729,0.021724281832575798,0.08249130845069885,0.15936335921287537,0.2303287833929062,0.28933194279670715,0.1476762443780899,0.2873654067516327,0.3535625636577606,0.03405864164233208,0.18321079015731812
40,0.0575195972038352,0.040401283003713775,1.6282559011293494,0.0027978615177309384,0.8077773140824359,0.03980105477792245,0.36592224836349485,0.5159222483634949,1,6445,0.608727753162384,0.6610265374183655,0.012335199862718582,0,0.001,4.494772672653198,0.2427753359079361,0.09851662814617157,0.24834123253822327,0.08626332879066467,0.13240690529346466,0.13048981130123138,0.608727753162384,0.12513303756713867,0.14460605382919312,0.28647130727767944,0.090388722717762,0.2879447042942047,0.599674642086029,0.42026302218437195,0.023924345150589943,0.11132100224494934,0.13165917992591858,0.23490163683891296,0.09125139564275742,0.2413363754749298,0.5074357390403748,0.3666713833808899,0.022839082404971123,0.0914699137210846,0.1449369341135025,0.2357812225818634,0.2763351500034332,0.1460466831922531,0.2879028916358948,0.3478507697582245,0.035913627594709396,0.19212007522583008
41,0.056965544981800995,0.04004380333682765,1.6089275090590767,0.0032120303088880105,0.8003470871759497,0.032843362313729745,0.37290403842926023,0.5229040384292603,1,6445,0.6294423341751099,0.6252603530883789,0.008506031706929207,1,0.001,4.460974931716919,0.24889105558395386,0.09743723273277283,0.2599445581436157,0.07870756089687347,0.13078464567661285,0.1310877650976181,0.6294423341751099,0.1249319314956665,0.10846856981515884,0.2230347841978073,0.08855459094047546,0.2409612238407135,0.5982075929641724,0.39376282691955566,0.0203991811722517,0.1093996986746788,0.10262306034564972,0.19029439985752106,0.09177614003419876,0.20791471004486084,0.5059986114501953,0.36179015040397644,0.02043297328054905,0.09311221539974213,0.13888387382030487,0.22307509183883667,0.28228694200515747,0.14365869760513306,0.28699392080307007,0.35796767473220825,0.03358612209558487,0.18970923125743866
42,0.057945489559484566,0.0412160946947077,1.591470505880273,0.0023020713377501006,0.7916687338248544,0.04937385276511863,0.359790301322937,0.509790301322937,1,6445,0.5779082775115967,0.6893875598907471,0.00902314018458128,1,0.001,4.423570156097412,0.22660298645496368,0.10100136697292328,0.2493537962436676,0.08711613714694977,0.13200511038303375,0.13399140536785126,0.5779082775115967,0.11563289910554886,0.15725095570087433,0.3183928430080414,0.11305766552686691,0.2880486249923706,0.5995389223098755,0.43543317914009094,0.023229502141475677,0.11906852573156357,0.14901596307754517,0.2573833763599396,0.11185777932405472,0.257058322429657,0.5079542398452759,0.3851250410079956,0.02249078080058098,0.099063940346241,0.15411946177482605,0.2511376440525055,0.2892360985279083,0.15354499220848083,0.2887426018714905,0.3537597954273224,0.03728213906288147,0.18627770245075226
43,0.059930931938731155,0.043262440549290695,1.5821773694909138,0.0043065241720203476,0.8036531287690868,0.033494232177734375,0.36680678129196165,0.5168067812919617,1,6445,0.6106985211372375,0.6352159380912781,0.011727461591362953,0,0.001,4.448167562484741,0.2173769623041153,0.09586651623249054,0.24440382421016693,0.0810970589518547,0.13252098858356476,0.1336507648229599,0.6106985211372375,0.11622335016727448,0.1288304477930069,0.24319295585155487,0.09419219195842743,0.27924835681915283,0.6008877754211426,0.3980802297592163,0.025332940742373466,0.137383833527565,0.1247003823518753,0.20413987338542938,0.09330642223358154,0.240684375166893,0.5051287412643433,0.3594251573085785,0.024156130850315094,0.1121295765042305,0.1384653002023697,0.2219695746898651,0.28810757398605347,0.15258917212486267,0.2881985008716583,0.3505120575428009,0.034703727811574936,0.17843380570411682
44,0.05604929169235022,0.039516522022693054,1.5703589553418367,0.003233391386659249,0.7968458585117174,0.03639352077907986,0.3625002264976501,0.5125002264976501,1,6445,0.5961542129516602,0.6600816249847412,0.010321038775146008,0,0.001,4.446794033050537,0.2548361122608185,0.0990249291062355,0.25375252962112427,0.08762812614440918,0.13260166347026825,0.13168823719024658,0.5961542129516602,0.11972080171108246,0.1862807422876358,0.2924342453479767,0.11743040382862091,0.2987422049045563,0.6005930304527283,0.4184704124927521,0.02171311341226101,0.14378315210342407,0.17050692439079285,0.2367788404226303,0.10915786772966385,0.25565052032470703,0.5062225461006165,0.37216946482658386,0.020546454936265945,0.11959328502416611,0.16056357324123383,0.24026183784008026,0.2744208872318268,0.15214362740516663,0.28749755024909973,0.34703120589256287,0.033852752298116684,0.18812602758407593
45,0.05469845753649007,0.03837433279208515,1.5516158394191577,0.002109636658924105,0.786870987518974,0.033512287846318,0.36528626680374143,0.5152862668037415,1,6445,0.6106006503105164,0.6222333312034607,0.008847853168845177,1,0.001,4.466546535491943,0.24158573150634766,0.09797229617834091,0.2534281015396118,0.07300584763288498,0.13178059458732605,0.13020043075084686,0.6106006503105164,0.1181524470448494,0.1266983151435852,0.22490739822387695,0.10506533831357956,0.20221340656280518,0.5962244272232056,0.4006068706512451,0.022569958120584488,0.10911007970571518,0.11755800992250443,0.19325104355812073,0.1020546481013298,0.18539060652256012,0.5033904314041138,0.3516981303691864,0.02256057970225811,0.08990151435136795,0.13259348273277283,0.2249494045972824,0.28094780445098877,0.1317903697490692,0.28663015365600586,0.35092970728874207,0.03531775251030922,0.17786382138729095
46,0.05344247396873391,0.03732114544381266,1.5320828893910283,0.00187245216321848,0.7817756922348685,0.034015531751844616,0.36813578605651853,0.5181357860565186,1,6445,0.61698979139328,0.6310893297195435,0.007274881936609745,1,0.001,4.44412899017334,0.24017442762851715,0.10036064684391022,0.2533954083919525,0.08285337686538696,0.131777822971344,0.1312277913093567,0.61698979139328,0.12858077883720398,0.14854997396469116,0.263074666261673,0.10059069842100143,0.26322585344314575,0.5976031422615051,0.40052375197410583,0.022026754915714264,0.13111598789691925,0.1422196924686432,0.22138254344463348,0.099357008934021,0.23590528964996338,0.5029889345169067,0.3524989187717438,0.022073788568377495,0.11281801015138626,0.15066565573215485,0.22670553624629974,0.2859072983264923,0.14266754686832428,0.28773555159568787,0.3549613058567047,0.03602997958660126,0.17917218804359436
47,0.05557525076943895,0.03963581424044526,1.5147846989009692,0.0015196909206797895,0.7763929833536563,0.03923568838614005,0.35465953350067136,0.5046595335006714,1,6445,0.5549429655075073,0.636519193649292,0.005805715918540955,1,0.001,4.359723806381226,0.2551807463169098,0.09634166955947876,0.258093923330307,0.07509937882423401,0.1320624202489853,0.1303238719701767,0.5549429655075073,0.11500359326601028,0.13589225709438324,0.23120127618312836,0.09426397830247879,0.2236451953649521,0.5977148413658142,0.4002607464790344,0.02133815363049507,0.09172288328409195,0.12635937333106995,0.19611933827400208,0.09354812651872635,0.19281363487243652,0.5051059126853943,0.3532409071922302,0.020949583500623703,0.07647274434566498,0.14255808293819427,0.21830308437347412,0.28526049852371216,0.12718257308006287,0.2869492173194885,0.3608745038509369,0.035173967480659485,0.16231773793697357
48,0.05731109675505887,0.041511629100727,1.5013167028841765,0.001311227104768319,0.7731886557910753,0.03302035861545139,0.3687263488769531,0.5187263488769531,1,6445,0.6192288994789124,0.6054610013961792,0.00543780205771327,1,0.001,4.344460725784302,0.23174625635147095,0.09830082952976227,0.2502824664115906,0.07510870695114136,0.13240991532802582,0.1315028816461563,0.6192288994789124,0.12034386396408081,0.11261674761772156,0.23416298627853394,0.08313929289579391,0.21093687415122986,0.5936903357505798,0.3831665813922882,0.02060055360198021,0.10865265130996704,0.10414890944957733,0.2113254815340042,0.08802013844251633,0.1859598159790039,0.5064709782600403,0.3444441854953766,0.020253686234354973,0.0918118804693222,0.12592482566833496,0.2324441373348236,0.2824767529964447,0.12344124913215637,0.28853288292884827,0.35551512241363525,0.03497600182890892,0.1627398580312729
49,0.05786626883175062,0.042209600624830826,1.4875116711077483,0.0012118404442646904,0.769433749758679,0.0335617754900897,0.36991546154022215,0.5199154615402222,1,6445,0.6147098541259766,0.6356019377708435,0.005195708014070988,2,0.001,4.393733739852905,0.2327752560377121,0.09908613562583923,0.25470733642578125,0.08136849850416183,0.13118396699428558,0.13339199125766754,0.6147098541259766,0.11978547275066376,0.12113302201032639,0.25811171531677246,0.07831758260726929,0.2610946595668793,0.6008706092834473,0.3970186412334442,0.020726017653942108,0.14385871589183807,0.1125262975692749,0.2163059115409851,0.0798264816403389,0.23391100764274597,0.5052462220191956,0.36325690150260925,0.020359382033348083,0.12207439541816711,0.1387275755405426,0.22611425817012787,0.28362327814102173,0.14881913363933563,0.28811025619506836,0.3588351309299469,0.03500650078058243,0.17339837551116943
50,0.055915666663128395,0.040372615923052246,1.475730652394502,0.0015068531071807704,0.7706758872322415,0.03519503840693721,0.3644689679145813,0.5144689679145813,1,6445,0.6141844987869263,0.5829567909240723,0.0065011437982320786,1,0.0001,4.321591138839722,0.21702389419078827,0.09889406710863113,0.25708863139152527,0.07498668879270554,0.13195715844631195,0.12734495103359222,0.6141844987869263,0.11427489668130875,0.11165017634630203,0.2616020143032074,0.08645299077033997,0.22256755828857422,0.598437488079071,0.36983054876327515,0.021104514598846436,0.13235482573509216,0.10112682729959488,0.21664071083068848,0.08699313551187515,0.19580091536045074,0.5046582818031311,0.32830819487571716,0.020281124860048294,0.11038093268871307,0.11644680798053741,0.2187548279762268,0.28241923451423645,0.13020817935466766,0.2871248126029968,0.3405957818031311,0.03395889699459076,0.1681566834449768
51,0.04906811581357666,0.033617205269958664,1.465803405512934,0.0020715531984182157,0.7721613852874093,0.02968626912434896,0.37110898494720457,0.5211089849472046,1,6445,0.6268302202224731,0.6142268776893616,0.006838204804807901,1,0.0001,4.345738649368286,0.2284557968378067,0.1001761183142662,0.25889572501182556,0.07954178005456924,0.1318400502204895,0.13230000436306,0.6268302202224731,0.11584237962961197,0.1271437108516693,0.2349652200937271,0.08698605746030807,0.23312173783779144,0.5988245010375977,0.3884856402873993,0.021475451067090034,0.12110585719347,0.11871206015348434,0.20301930606365204,0.08862172812223434,0.21208709478378296,0.5073612332344055,0.3490082323551178,0.021062472835183144,0.09825411438941956,0.13231056928634644,0.2318858951330185,0.2865549623966217,0.13720114529132843,0.28740376234054565,0.3514200448989868,0.03449483960866928,0.16422365605831146
52,0.04626350930851439,0.030883786309024563,1.459483089654342,0.0015572326703240042,0.7693205138911372,0.03040966796875,0.36846736669540403,0.518467366695404,1,6445,0.6153020858764648,0.6243666410446167,0.007709167897701263,1,0.0001,4.391374111175537,0.22867833077907562,0.09915920346975327,0.2579614520072937,0.08005262911319733,0.13206231594085693,0.13067366182804108,0.6153020858764648,0.1166752278804779,0.14338411390781403,0.23673050105571747,0.09177306294441223,0.2423097789287567,0.5962401628494263,0.3949640095233917,0.020782483741641045,0.12120117992162704,0.1297619789838791,0.20747864246368408,0.09220539778470993,0.21994274854660034,0.5082292556762695,0.35089269280433655,0.020648999139666557,0.09901639819145203,0.1335078477859497,0.24049855768680573,0.28519347310066223,0.13762132823467255,0.2879379689693451,0.3540979027748108,0.034665048122406006,0.16110792756080627
53,0.0451016162076722,0.029775271435146747,1.4546971476596335,0.0012934158313209596,0.7664397410724474,0.02951275634765625,0.3715610861778259,0.5215610861778259,1,6445,0.6227807998657227,0.6357629895210266,0.0070670065470039845,1,0.0001,4.380266427993774,0.23512186110019684,0.1009085476398468,0.25616732239723206,0.07897424697875977,0.13168255984783173,0.1331886351108551,0.6227807998657227,0.11694448441267014,0.1447766274213791,0.24391868710517883,0.08888392895460129,0.24319569766521454,0.5982701778411865,0.40065237879753113,0.02171356976032257,0.12102561444044113,0.13112962245941162,0.2114051878452301,0.08987793326377869,0.22084645926952362,0.5075896382331848,0.35741564631462097,0.02091289684176445,0.0972619354724884,0.13674479722976685,0.240940660238266,0.28652554750442505,0.13665616512298584,0.2877660393714905,0.3576037585735321,0.034524835646152496,0.16459685564041138
54,0.044696968210780105,0.02941586020524087,1.4506235640981924,0.0010788554614207344,0.7640844194785409,0.028812425401475696,0.37144378423690794,0.521443784236908,1,6445,0.620022177696228,0.6199090480804443,0.006246596574783325,1,0.0001,4.287791013717651,0.2338789850473404,0.10010422766208649,0.25694459676742554,0.07894868403673172,0.13226647675037384,0.13264185190200806,0.620022177696228,0.117888443171978,0.1402418166399002,0.2430742383003235,0.08191320300102234,0.2450307160615921,0.5961690545082092,0.3880031108856201,0.0209567379206419,0.12055286765098572,0.12608598172664642,0.20674322545528412,0.08344855904579163,0.22186855971813202,0.5075141191482544,0.34910523891448975,0.02051825262606144,0.0983656495809555,0.1349160373210907,0.24040944874286652,0.2842870354652405,0.13899938762187958,0.28814229369163513,0.36206963658332825,0.03382648900151253,0.16861116886138916
55,0.044676123591868774,0.029432147579348606,1.4473658385484114,0.0008587751603361381,0.7617299686307493,0.029135553430627893,0.3714163064956665,0.5214163064956665,1,6445,0.6218287348747253,0.6072261333465576,0.006176508963108063,1,0.0001,4.359142780303955,0.23910367488861084,0.10040203481912613,0.259813129901886,0.07859569042921066,0.1323690265417099,0.1308593899011612,0.6218287348747253,0.1207188069820404,0.13859449326992035,0.24076487123966217,0.08027477562427521,0.2339218109846115,0.5967275500297546,0.3823842406272888,0.020479710772633553,0.1163519099354744,0.12413965165615082,0.20848366618156433,0.08217678219079971,0.2141193151473999,0.5068699717521667,0.3420717418193817,0.020160702988505363,0.09571108222007751,0.13334020972251892,0.2406827062368393,0.2807171046733856,0.13445647060871124,0.2883793115615845,0.36023905873298645,0.03481976315379143,0.1629696935415268
56,0.0444486891121968,0.029237020517820896,1.4442263893459155,0.0008279687861668999,0.761124963345735,0.028804257993344906,0.3728466987609863,0.5228466987609863,1,6445,0.6263876557350159,0.6102692484855652,0.004723711404949427,1,0.0001,4.300665855407715,0.2369157373905182,0.10121893882751465,0.2587197721004486,0.07845308631658554,0.13162793219089508,0.13313083350658417,0.6263876557350159,0.11943882703781128,0.13172806799411774,0.24468004703521729,0.07377497106790543,0.23006992042064667,0.5980772972106934,0.3827674090862274,0.019703645259141922,0.117599718272686,0.12097498774528503,0.20920443534851074,0.07699688524007797,0.2106698602437973,0.5057497620582581,0.3449847400188446,0.019492365419864655,0.09574165940284729,0.13303692638874054,0.2376827895641327,0.2803763449192047,0.13399368524551392,0.2880893349647522,0.3611721098423004,0.034228697419166565,0.16727511584758759
57,0.044249647337457405,0.02907285839319229,1.4410737493763799,0.0007105150523231081,0.7589472869168157,0.02858403636791088,0.3729941606521606,0.5229941606521606,1,6445,0.6249935626983643,0.6262179613113403,0.004623734392225742,1,0.0001,4.3284010887146,0.23449020087718964,0.10034972429275513,0.2593151032924652,0.07893171161413193,0.13188040256500244,0.1347113400697708,0.6249935626983643,0.11804531514644623,0.1396053582429886,0.24008522927761078,0.07781212031841278,0.22886453568935394,0.5970931053161621,0.39139553904533386,0.02040390856564045,0.12020217627286911,0.1281932145357132,0.20690132677555084,0.07981424778699875,0.2096615582704544,0.5064199566841125,0.3508349359035492,0.0198721531778574,0.09785948693752289,0.13560280203819275,0.23803283274173737,0.28056061267852783,0.13256233930587769,0.287979394197464,0.363470196723938,0.03400186076760292,0.16552725434303284
58,0.0442246624633022,0.029075447469949722,1.4385304036347761,0.0006119590353868578,0.7577920400578043,0.03012312599464699,0.3680757641792297,0.5180757641792297,1,6445,0.6119955778121948,0.645841658115387,0.0054827407002449036,1,0.0001,4.339181423187256,0.22616252303123474,0.10049611330032349,0.2562026083469391,0.08092159777879715,0.1320226639509201,0.1345788985490799,0.6119955778121948,0.11401158571243286,0.1460723876953125,0.2539331614971161,0.08608537167310715,0.23830528557300568,0.5969706177711487,0.4057024419307709,0.022137358784675598,0.1260085254907608,0.13300511240959167,0.21429775655269623,0.08637136965990067,0.2177153080701828,0.5065107941627502,0.3612523674964905,0.021343450993299484,0.10226215422153473,0.1348271518945694,0.24049821496009827,0.2818794250488281,0.1344107687473297,0.28790080547332764,0.35682597756385803,0.03428212180733681,0.16239069402217865
59,0.04402818206859672,0.02891227497678736,1.4354756241259368,0.000562278370362828,0.7555286055025847,0.02927551665129485,0.3684654593467712,0.5184654593467712,1,6445,0.6141023635864258,0.6188961863517761,0.005761056672781706,1,0.0001,4.427791118621826,0.2384408414363861,0.10154310613870621,0.25931674242019653,0.08014260232448578,0.13159513473510742,0.13328854739665985,0.6141023635864258,0.11921278387308121,0.1469496637582779,0.25682878494262695,0.0768144428730011,0.23660282790660858,0.5974019169807434,0.39144307374954224,0.020219171419739723,0.12101779878139496,0.13303285837173462,0.21544450521469116,0.07940598577260971,0.21472212672233582,0.5057677030563354,0.35089796781539917,0.01968531869351864,0.09768550097942352,0.13581737875938416,0.23721668124198914,0.27988603711128235,0.13156239688396454,0.2876325845718384,0.3565899431705475,0.03427611291408539,0.16288939118385315
60,0.04393352762512539,0.028846825999410255,1.432669618855352,0.0005171805374708998,0.7548339988874353,0.030452960544162327,0.3695019245147705,0.5195019245147705,1,6445,0.61444091796875,0.6182432770729065,0.005821050610393286,1,0.0001,4.383448362350464,0.2327728271484375,0.09824290126562119,0.2573547065258026,0.08046425879001617,0.131927028298378,0.13055667281150818,0.61444091796875,0.11618883162736893,0.15189909934997559,0.24658195674419403,0.0809875875711441,0.23647244274616241,0.5985009670257568,0.39257097244262695,0.021609680727124214,0.12703299522399902,0.13671830296516418,0.2036491185426712,0.08266816288232803,0.2120789736509323,0.5067716240882874,0.34760695695877075,0.02072691172361374,0.10492029786109924,0.13775111734867096,0.23257382214069366,0.2804914116859436,0.13647466897964478,0.28798580169677734,0.35829436779022217,0.03413208946585655,0.1630984991788864
61,0.04367322393733522,0.02861564201505288,1.429936383081519,0.00045206576950200224,0.753697289072949,0.02908973185221354,0.3710098028182983,0.5210098028182983,1,6445,0.6184930801391602,0.618645966053009,0.006035265978425741,1,0.0001,4.380565404891968,0.23115187883377075,0.10065494477748871,0.25857269763946533,0.08043614774942398,0.13200533390045166,0.1315464973449707,0.6184930801391602,0.11547166854143143,0.15143205225467682,0.2478189915418625,0.07968447357416153,0.22940663993358612,0.596813440322876,0.3893924355506897,0.02094201371073723,0.12367277592420578,0.13613900542259216,0.21120738983154297,0.08196710050106049,0.20902574062347412,0.5065170526504517,0.347087562084198,0.020554231479763985,0.10100794583559036,0.13730943202972412,0.23854348063468933,0.2808389663696289,0.13227039575576782,0.2882121801376343,0.3622157573699951,0.03494960814714432,0.15980155766010284
62,0.04356909834820291,0.028538211127338203,1.4274569076040518,0.0004238332393984108,0.752079849657805,0.0287665857385706,0.37178162336349485,0.5217816233634949,1,6445,0.6203722953796387,0.6110132336616516,0.004272735211998224,1,0.0001,4.332322120666504,0.24201205372810364,0.10138028115034103,0.2589978575706482,0.07628174126148224,0.13194207847118378,0.13350704312324524,0.6203722953796387,0.11951705813407898,0.13858574628829956,0.2545270025730133,0.07299566268920898,0.23103518784046173,0.5958940386772156,0.38252556324005127,0.019630158320069313,0.11776513606309891,0.1255810558795929,0.21472233533859253,0.07655884325504303,0.2071618139743805,0.5067216753959656,0.3462286591529846,0.019406400620937347,0.09594365954399109,0.13409990072250366,0.24277381598949432,0.2800537347793579,0.12976348400115967,0.28847548365592957,0.3641384243965149,0.03377855196595192,0.16032548248767853
63,0.04339172642516053,0.028386570675217587,1.4249330966368965,0.0004681018472183496,0.7511448160461758,0.028925218370225693,0.3694684863090515,0.5194684863090515,1,6445,0.6182555556297302,0.6288588047027588,0.006987888365983963,1,0.0001,4.372414588928223,0.22954224050045013,0.10081274062395096,0.2574339210987091,0.08386871963739395,0.13186493515968323,0.13274085521697998,0.6182555556297302,0.11512626707553864,0.159490168094635,0.25063908100128174,0.08479460328817368,0.24017277359962463,0.5978227853775024,0.3971228003501892,0.021281251683831215,0.1274496465921402,0.14464300870895386,0.2125568836927414,0.08591090887784958,0.2166510373353958,0.5068407654762268,0.3541072905063629,0.020721621811389923,0.10404863208532333,0.14070865511894226,0.2413308322429657,0.28331834077835083,0.13475465774536133,0.28802672028541565,0.3549550175666809,0.03438815101981163,0.15865764021873474
64,0.04330331070915512,0.028327091637512913,1.4221294496370398,0.00045595466761606866,0.7503651225048563,0.028722358421043113,0.37047246694564817,0.5204724669456482,1,6445,0.6184154748916626,0.6286148428916931,0.0047181230038404465,1,0.0001,4.376512050628662,0.22963543236255646,0.10131639242172241,0.2572602331638336,0.08004533499479294,0.1316782683134079,0.13294364511966705,0.6184154748916626,0.11589659750461578,0.15216515958309174,0.26351678371429443,0.08243416994810104,0.2265397310256958,0.5984641909599304,0.39645007252693176,0.02081386186182499,0.12590861320495605,0.1378791779279709,0.2190074324607849,0.08354495465755463,0.20664213597774506,0.5064014196395874,0.3534197211265564,0.020305447280406952,0.10154971480369568,0.13852740824222565,0.23845674097537994,0.28134885430336,0.13098081946372986,0.2879674732685089,0.3586089313030243,0.034221842885017395,0.16151097416877747
65,0.043272940846888916,0.028326862532159557,1.4192949326142021,0.00043174647726118565,0.7488116155499998,0.02851157068323206,0.37269643545150755,0.5226964354515076,1,6445,0.6241498589515686,0.606571614742279,0.005100097972899675,1,0.0001,4.324666976928711,0.23505431413650513,0.100951187312603,0.2583375573158264,0.07661626487970352,0.13224861025810242,0.13191808760166168,0.6241498589515686,0.11814496666193008,0.14561541378498077,0.24186648428440094,0.07422860711812973,0.21584051847457886,0.5968445539474487,0.3810276389122009,0.020315613597631454,0.11875434964895248,0.13078299164772034,0.20813025534152985,0.07734815031290054,0.1956944763660431,0.5062161684036255,0.3420240581035614,0.01986217312514782,0.09817327558994293,0.13551995158195496,0.23754896223545074,0.2821071147918701,0.12565752863883972,0.2884851396083832,0.3635751008987427,0.03423771634697914,0.15670359134674072
66,0.042885983443778496,0.027967708347284275,1.4167163268379543,0.00037192289828849226,0.747392669967983,0.02833945775915075,0.3689738273620605,0.5189738273620605,1,6445,0.6138949394226074,0.6176455616950989,0.005283020436763763,1,0.0001,4.435968637466431,0.23492774367332458,0.10095316916704178,0.25907155871391296,0.07884875684976578,0.1321083903312683,0.13159574568271637,0.6138949394226074,0.11805584281682968,0.15732555091381073,0.24179799854755402,0.0771520808339119,0.22045184671878815,0.597138524055481,0.38877543807029724,0.021564407274127007,0.11989521235227585,0.14175915718078613,0.2084130197763443,0.08037159591913223,0.20002222061157227,0.5060408711433411,0.3465549647808075,0.02081272564828396,0.09917670488357544,0.1391511708498001,0.2404589056968689,0.28300896286964417,0.1283833384513855,0.28812697529792786,0.35882091522216797,0.034702692180871964,0.1578311175107956
67,0.04305079903291619,0.028157487754588543,1.4143374432688174,0.0003587355477856877,0.7463494876156682,0.028824138500072337,0.3710906863212585,0.5210906863212585,1,6445,0.6201910972595215,0.6212778091430664,0.004288605414330959,1,0.0001,4.42955470085144,0.23704253137111664,0.10246746987104416,0.2620648145675659,0.07597078382968903,0.1320403665304184,0.134354367852211,0.6201910972595215,0.11799265444278717,0.1458130180835724,0.2461235523223877,0.07217581570148468,0.21393954753875732,0.5955916047096252,0.38706424832344055,0.01960611902177334,0.1202845647931099,0.13185378909111023,0.21442531049251556,0.07564471662044525,0.19527021050453186,0.5056297183036804,0.34840813279151917,0.01949438452720642,0.0991443321108818,0.13553306460380554,0.24426303803920746,0.2778709828853607,0.12528914213180542,0.2883514165878296,0.3629503846168518,0.0342213399708271,0.1594812422990799
68,0.04303619297950164,0.02817194163799286,1.4116661237633747,0.0003006160107400754,0.7445844645085542,0.029347154405381944,0.3702212929725647,0.5202212929725647,1,6445,0.6189638376235962,0.6111223697662354,0.004083587322384119,1,0.0001,4.347295045852661,0.23648002743721008,0.1009225994348526,0.26048824191093445,0.07679100334644318,0.13191939890384674,0.13234943151474,0.6189638376235962,0.11680398881435394,0.1438654214143753,0.24280276894569397,0.07328210771083832,0.21217092871665955,0.597484827041626,0.38500192761421204,0.01969897747039795,0.11886497586965561,0.13054761290550232,0.2122952938079834,0.0766630694270134,0.19229066371917725,0.505136251449585,0.34490180015563965,0.01950041949748993,0.09881764650344849,0.1353292018175125,0.23337319493293762,0.27932003140449524,0.12437896430492401,0.28849124908447266,0.3593003451824188,0.03441678732633591,0.15637432038784027
69,0.04319338678665783,0.02835410663291164,1.4092366073442542,0.00031906373877301,0.7437237812125165,0.02872384587040654,0.36987427473068235,0.5198742747306824,1,6445,0.615796685218811,0.6080917119979858,0.004574148450046778,1,0.0001,4.365809202194214,0.23631487786769867,0.09930972009897232,0.2598559558391571,0.07776513695716858,0.13200992345809937,0.13050629198551178,0.615796685218811,0.11697173863649368,0.15069891512393951,0.23724175989627838,0.07644275575876236,0.2129710167646408,0.5976527333259583,0.3853011131286621,0.02014004997909069,0.12255004793405533,0.13397738337516785,0.20661978423595428,0.07865312695503235,0.19225376844406128,0.5068104863166809,0.34213531017303467,0.019559895619750023,0.10273926705121994,0.1340847760438919,0.2324063777923584,0.2798785865306854,0.12483105063438416,0.2886628210544586,0.35923728346824646,0.034032661467790604,0.15811264514923096
70,0.042984455176021744,0.028172111786578014,1.4066229436708533,0.0002964403981383404,0.74314996988877,0.029446604975947626,0.3644553780555725,0.5144553780555725,1,6445,0.5979787707328796,0.6200359463691711,0.00553497951477766,1,0.0001,4.440259218215942,0.22250379621982574,0.09847008436918259,0.2565850019454956,0.07996904104948044,0.13215787708759308,0.1313653588294983,0.5979787707328796,0.11451143026351929,0.1538252979516983,0.23323294520378113,0.07866473495960236,0.22227346897125244,0.5960384011268616,0.3916398584842682,0.021111615002155304,0.12882058322429657,0.13703489303588867,0.20268164575099945,0.08089995384216309,0.19935841858386993,0.5073442459106445,0.34894290566444397,0.020524797961115837,0.10830825567245483,0.1343010812997818,0.23014183342456818,0.2804027497768402,0.12996429204940796,0.28859391808509827,0.3564601540565491,0.034425511956214905,0.15264829993247986
71,0.04251032824749532,0.027724345336141792,1.404027161390885,0.0003438478616653415,0.7422737375549648,0.028139927051685474,0.3701922059059143,0.5201922059059143,1,6445,0.6160562038421631,0.6148316860198975,0.004333368968218565,1,0.0001,4.371542453765869,0.2384919971227646,0.10046152770519257,0.25860023498535156,0.07765025645494461,0.13179561495780945,0.13297522068023682,0.6160562038421631,0.1176077127456665,0.1484520584344864,0.24457435309886932,0.07302188128232956,0.2275862842798233,0.5971924066543579,0.3873978555202484,0.019771965220570564,0.12325958907604218,0.1334284543991089,0.21295754611492157,0.0762551873922348,0.2025637924671173,0.5053619742393494,0.34743013978004456,0.01938874088227749,0.1022479236125946,0.13490675389766693,0.23334257304668427,0.2804008424282074,0.12860023975372314,0.2885875105857849,0.36215826869010925,0.03366018086671829,0.15332499146461487
72,0.04294400678380676,0.028188192083135895,1.401233864867169,0.00030020203089604723,0.740474213724551,0.030006097864221645,0.3701202034950256,0.5201202034950256,1,6445,0.6184259057044983,0.6197348237037659,0.0054137748666107655,1,0.0001,4.27134370803833,0.23230703175067902,0.10194909572601318,0.2600333094596863,0.07356525212526321,0.13168200850486755,0.13332094252109528,0.6184259057044983,0.11634468287229538,0.15289781987667084,0.2529892325401306,0.07204051315784454,0.21303702890872955,0.596316397190094,0.3886478543281555,0.019867172464728355,0.12049061805009842,0.13730940222740173,0.2190151959657669,0.07547523826360703,0.1919848620891571,0.5061349868774414,0.3491188883781433,0.01962725818157196,0.09972961246967316,0.13592079281806946,0.24372568726539612,0.27910953760147095,0.11972250789403915,0.2886139154434204,0.3596034348011017,0.03432400897145271,0.15592756867408752
73,0.04258209045814431,0.02785330362941908,1.3986284370007722,0.00032296002166770887,0.7392726022264232,0.02853486689814815,0.37140498161315916,0.5214049816131592,1,6445,0.6221309900283813,0.6283102631568909,0.0031443519983440638,1,0.0001,4.286564350128174,0.22924984991550446,0.10060340166091919,0.2578140199184418,0.07498152554035187,0.132157564163208,0.13391582667827606,0.6221309900283813,0.117942675948143,0.14391088485717773,0.2479175478219986,0.06960052996873856,0.20969678461551666,0.5961160063743591,0.39185014367103577,0.019944386556744576,0.1234242245554924,0.13067641854286194,0.21480253338813782,0.07320718467235565,0.18792524933815002,0.5052949786186218,0.3505007028579712,0.01961708627641201,0.10267630964517593,0.13385558128356934,0.2350698560476303,0.28101736307144165,0.126218780875206,0.2886603772640228,0.36207807064056396,0.03373173251748085,0.15334680676460266
74,0.04228499709911968,0.02758333686253299,1.395996964496115,0.000309386658836561,0.7385967684828717,0.028749242146809895,0.3690722346305847,0.5190722346305847,1,6445,0.6143474578857422,0.6056395769119263,0.005873765330761671,1,0.0001,4.404277324676514,0.22763527929782867,0.09885592758655548,0.25850486755371094,0.07468192279338837,0.13242460787296295,0.13201364874839783,0.6143474578857422,0.11588048189878464,0.15849213302135468,0.21764393150806427,0.07609299570322037,0.19286227226257324,0.594450056552887,0.3798151910305023,0.020186347886919975,0.114090695977211,0.1424788534641266,0.19554965198040009,0.07922640442848206,0.17349493503570557,0.5069963932037354,0.34007173776626587,0.01978239417076111,0.09781495481729507,0.1378641277551651,0.236640065908432,0.28214219212532043,0.11870574951171875,0.28891974687576294,0.3604951500892639,0.03454608842730522,0.1539657562971115
75,0.04241697587396787,0.027741005644202232,1.393459475558737,0.00036244397431247586,0.737751128880874,0.02893395487467448,0.36918184757232664,0.5191818475723267,1,6445,0.6134374141693115,0.6430109739303589,0.004973866511136293,1,0.0001,4.304129600524902,0.22887647151947021,0.10146114230155945,0.25802579522132874,0.07677357643842697,0.13174821436405182,0.13633102178573608,0.6134374141693115,0.11506345868110657,0.1578182429075241,0.24452701210975647,0.07558535784482956,0.20552736520767212,0.5968570113182068,0.40126335620880127,0.020274266600608826,0.121793732047081,0.1431897133588791,0.21354396641254425,0.07837104052305222,0.18558990955352783,0.5062254667282104,0.35882657766342163,0.019753841683268547,0.1018679067492485,0.14082454144954681,0.23920048773288727,0.2811470329761505,0.12266895920038223,0.2882995307445526,0.3602074980735779,0.034419260919094086,0.15469840168952942
76,0.04200185219878736,0.027357305683519528,1.3905878429827483,0.0002998639778841449,0.735669960146365,0.02850241654007523,0.3683480381965637,0.5183480381965637,1,6445,0.6119906902313232,0.6192771792411804,0.005494275595992804,1,0.0001,4.309823274612427,0.2334199696779251,0.09918137639760971,0.26041555404663086,0.07523494213819504,0.13265876471996307,0.13160128891468048,0.6119906902313232,0.11278963834047318,0.15773653984069824,0.22826449573040009,0.07697933912277222,0.2038542628288269,0.5945557951927185,0.38860830664634705,0.020596686750650406,0.1251608431339264,0.14017729461193085,0.20173947513103485,0.07898563891649246,0.18396632373332977,0.506345272064209,0.3440413475036621,0.019834550097584724,0.10611195862293243,0.13608908653259277,0.24280007183551788,0.27920982241630554,0.11947869509458542,0.28908827900886536,0.36050036549568176,0.03443049639463425,0.15694566071033478
77,0.042227927109469536,0.027607295014288113,1.388296179149462,0.00027707298716489714,0.734900202440179,0.02830804556387442,0.3681601047515869,0.5181601047515869,1,6445,0.6068456172943115,0.6230826377868652,0.004772392567247152,1,0.0001,4.29235577583313,0.23379284143447876,0.09939132630825043,0.26005616784095764,0.07466944307088852,0.13243933022022247,0.13232867419719696,0.6068456172943115,0.11390923708677292,0.15381132066249847,0.23064520955085754,0.07429593056440353,0.20603762567043304,0.5968897342681885,0.3917962610721588,0.02077716588973999,0.12778225541114807,0.13767246901988983,0.20412570238113403,0.07708996534347534,0.18447314202785492,0.5077220797538757,0.3486689329147339,0.019800454378128052,0.10713373124599457,0.1354660540819168,0.23480992019176483,0.2819940447807312,0.12282716482877731,0.2891403138637543,0.36118289828300476,0.034170523285865784,0.15638121962547302
78,0.042905541055876274,0.028307667245035587,1.3861123375270679,0.000281832916105328,0.7339322048684825,0.028196517379195603,0.3711983323097229,0.5211983323097229,1,6445,0.6209321022033691,0.6085426807403564,0.003927210345864296,1,0.0001,4.310797691345215,0.23947665095329285,0.10063520818948746,0.2612048387527466,0.07433652877807617,0.13229060173034668,0.13301663100719452,0.6209321022033691,0.11757136136293411,0.14706134796142578,0.23957201838493347,0.06749323755502701,0.21248698234558105,0.5956621170043945,0.3792158365249634,0.01959955133497715,0.12410169094800949,0.1343374252319336,0.21039974689483643,0.07126603275537491,0.19053293764591217,0.5068042874336243,0.34341076016426086,0.01921391859650612,0.103462815284729,0.13602574169635773,0.23960299789905548,0.27695536613464355,0.12362869083881378,0.28921663761138916,0.36139482259750366,0.03360309079289436,0.15754741430282593
79,0.04230672590758489,0.027737979493711307,1.3833161126012388,0.00027769094120468134,0.7328082634055096,0.02842242714210793,0.36696711778640745,0.5169671177864075,1,6445,0.6031947731971741,0.6274792551994324,0.005497921723872423,1,0.0001,4.287218809127808,0.22702595591545105,0.10037558525800705,0.25829657912254333,0.07711092382669449,0.1318449229001999,0.13304591178894043,0.6031947731971741,0.11259520798921585,0.16351111233234406,0.2366086095571518,0.07010811567306519,0.2047000229358673,0.5972623229026794,0.39323025941848755,0.020326845347881317,0.12640225887298584,0.14585165679454803,0.20678463578224182,0.07445847243070602,0.18258199095726013,0.5057721138000488,0.35021671652793884,0.019706567749381065,0.10469920933246613,0.13921122252941132,0.23696039617061615,0.281180202960968,0.12135747075080872,0.28878337144851685,0.3616393506526947,0.03407230228185654,0.15359260141849518
80,0.04175272341007772,0.027214603174639786,1.3802949863931406,0.0002776066944731966,0.7323946304943251,0.028219307793511283,0.3683085203170776,0.5183085203170776,1,6445,0.6091709136962891,0.6152480244636536,0.0038866556715220213,1,0.0001,4.326483488082886,0.23415438830852509,0.1031922921538353,0.2612188160419464,0.07171697169542313,0.1318420022726059,0.1331176906824112,0.6091709136962891,0.11463244259357452,0.1469457894563675,0.2495364397764206,0.06406921148300171,0.1985304355621338,0.5959592461585999,0.3831138014793396,0.018439605832099915,0.12066826969385147,0.13332942128181458,0.22032181918621063,0.06907008588314056,0.1756882518529892,0.5043826699256897,0.3443804383277893,0.018517084419727325,0.0992589145898819,0.13564985990524292,0.24883942306041718,0.27923956513404846,0.1152215227484703,0.28852003812789917,0.36372146010398865,0.03395233303308487,0.1523497849702835
81,0.04177046793958415,0.02726076162703659,1.3776621974032859,0.0002508743947027656,0.7305760357690894,0.029912157977068865,0.3702246904373169,0.5202246904373169,1,6445,0.6187174320220947,0.615342378616333,0.00436609610915184,1,0.0001,4.295363187789917,0.23729881644248962,0.1026148647069931,0.2627585828304291,0.07015860825777054,0.13215303421020508,0.13354109227657318,0.6187174320220947,0.11527937650680542,0.15444988012313843,0.23983784019947052,0.06758077442646027,0.19467347860336304,0.5925149321556091,0.38123366236686707,0.018833763897418976,0.11913561820983887,0.13849982619285583,0.21420814096927643,0.07187436521053314,0.17123191058635712,0.5059497952461243,0.34247490763664246,0.01880018413066864,0.10112521797418594,0.1366143822669983,0.2559449374675751,0.27620673179626465,0.11282648146152496,0.2884611487388611,0.363716721534729,0.03412466123700142,0.1558929979801178
82,0.0417413000503312,0.02725456209610338,1.3754743959592737,0.00023911659904431713,0.7296029614365619,0.02869340571650752,0.37146118879318235,0.5214611887931824,1,6445,0.622359573841095,0.6088974475860596,0.005458010360598564,1,0.0001,4.39009952545166,0.23963701725006104,0.10115405917167664,0.26146015524864197,0.0705706849694252,0.13213960826396942,0.1325385868549347,0.622359573841095,0.11611834913492203,0.15760572254657745,0.237623929977417,0.06772007048130035,0.1741982251405716,0.5944504737854004,0.378889799118042,0.019534585997462273,0.11828643828630447,0.14209216833114624,0.21098826825618744,0.07159513980150223,0.15582719445228577,0.5058389902114868,0.34074652194976807,0.019090071320533752,0.10010115057229996,0.13897201418876648,0.24201293289661407,0.276510089635849,0.10576292127370834,0.28936514258384705,0.3631957471370697,0.03440604731440544,0.15403586626052856
83,0.041591226406719375,0.02713700796922912,1.3723753638889478,0.00023106271249201635,0.728155053180197,0.028517848827220776,0.3646759748458862,0.5146759748458862,1,6445,0.5985791087150574,0.6353302597999573,0.006005368195474148,1,0.0001,4.422119855880737,0.22741428017616272,0.0978914201259613,0.25965937972068787,0.07392756640911102,0.1324315071105957,0.13128316402435303,0.5985791087150574,0.1094823032617569,0.17036552727222443,0.2241031527519226,0.07701804488897324,0.18957222998142242,0.5953923463821411,0.4004785716533661,0.021657763049006462,0.12839406728744507,0.14953167736530304,0.19613301753997803,0.07972294092178345,0.16861268877983093,0.507892370223999,0.35313743352890015,0.02025523968040943,0.10888640582561493,0.13847756385803223,0.2351384162902832,0.2819502651691437,0.11480699479579926,0.2889770269393921,0.35684022307395935,0.034436434507369995,0.15375308692455292
84,0.04258741810917854,0.02815403262882129,1.370330530664195,0.0002662470803403741,0.7274182620255844,0.028500282570167824,0.3682746648788452,0.5182746648788452,1,6445,0.6114864945411682,0.6031923890113831,0.004344954155385494,1,0.0001,4.298760890960693,0.2368902564048767,0.10098747909069061,0.2626575827598572,0.07333836704492569,0.1318836212158203,0.1330607533454895,0.6114864945411682,0.11379929631948471,0.14229783415794373,0.24807901680469513,0.06166347116231918,0.1994514763355255,0.5959704518318176,0.37716054916381836,0.018860002979636192,0.12666861712932587,0.1287573277950287,0.2193455845117569,0.06659065932035446,0.17853951454162598,0.5052034258842468,0.3404073715209961,0.01854228600859642,0.10605650395154953,0.13297516107559204,0.23428456485271454,0.27625572681427,0.1164381206035614,0.2887681722640991,0.3604382574558258,0.03399799019098282,0.15568065643310547
85,0.04167595489517502,0.027266879039614098,1.3678333448327107,0.0003984257080288523,0.7267590061477993,0.02838610444245515,0.36589411497116087,0.5158941149711609,1,6445,0.6038677096366882,0.62595134973526,0.005646963603794575,1,0.0001,4.289766311645508,0.22548526525497437,0.10100188851356506,0.2592886984348297,0.07368183881044388,0.13188421726226807,0.13362136483192444,0.6038677096366882,0.1133495643734932,0.1671185940504074,0.2426895648241043,0.07321044057607651,0.19300025701522827,0.5959157347679138,0.39171102643013,0.021111438050866127,0.12502114474773407,0.1483919322490692,0.21367649734020233,0.07622374594211578,0.17302122712135315,0.5063260197639465,0.3506767749786377,0.01983392983675003,0.10547138005495071,0.1409122496843338,0.23995883762836456,0.2811172902584076,0.1155906394124031,0.2888471484184265,0.3574669063091278,0.03436712548136711,0.15169067680835724
86,0.041631841789121216,0.027251019183060398,1.3650466100029324,0.0003712724099624092,0.7266446559325509,0.02899534719961661,0.3646479606628418,0.5146479606628418,1,6445,0.5991231203079224,0.6154854893684387,0.005770986434072256,1,0.0001,4.3892998695373535,0.22978705167770386,0.10141520202159882,0.261130154132843,0.07507956773042679,0.13199424743652344,0.1321333944797516,0.5991231203079224,0.11334683001041412,0.15862910449504852,0.2500150501728058,0.06871049851179123,0.209769144654274,0.5947245359420776,0.38278689980506897,0.019917825236916542,0.12444581836462021,0.1406535655260086,0.21529629826545715,0.07199102640151978,0.184788316488266,0.505848228931427,0.3433054983615875,0.01926865242421627,0.1047205701470375,0.13475096225738525,0.2456461638212204,0.2770064175128937,0.11944738775491714,0.28940948843955994,0.3588959276676178,0.033847369253635406,0.15362805128097534
87,0.04150693636873494,0.027154196215712505,1.362447080404862,0.00031827093651214534,0.725087240986202,0.028507771809895832,0.3687786221504211,0.5187786221504211,1,6445,0.6144022345542908,0.6194176077842712,0.0057464828714728355,1,0.0001,4.408623933792114,0.2281189262866974,0.10114341229200363,0.2599741816520691,0.07232813537120819,0.1319596767425537,0.13162018358707428,0.6144022345542908,0.11387885361909866,0.15935206413269043,0.24024620652198792,0.07112325727939606,0.17758360505104065,0.5969720482826233,0.38856497406959534,0.020532453432679176,0.12379185855388641,0.14104977250099182,0.21093857288360596,0.07385367155075073,0.16048726439476013,0.5061533451080322,0.34688296914100647,0.02003313973546028,0.10401209443807602,0.13574764132499695,0.2354343682527542,0.27830788493156433,0.11049658805131912,0.2888321280479431,0.3575868308544159,0.034965213388204575,0.15109042823314667
88,0.04180526377066322,0.02748154824518639,1.359753131866455,0.00028716612723656,0.7233125489691029,0.029869759453667533,0.3644265294075012,0.5144265294075012,1,6445,0.5978360772132874,0.6241797804832458,0.005889151711016893,1,0.0001,4.457708835601807,0.23758678138256073,0.09904425591230392,0.2626352906227112,0.07159196585416794,0.13258802890777588,0.13179491460323334,0.5978360772132874,0.11086151748895645,0.1644730269908905,0.22762781381607056,0.06779715418815613,0.18282994627952576,0.5940824151039124,0.39013034105300903,0.020341185852885246,0.12708346545696259,0.14692968130111694,0.20291627943515778,0.07118576765060425,0.16257140040397644,0.5069726705551147,0.34918829798698425,0.019714927300810814,0.10806771367788315,0.14101295173168182,0.23050962388515472,0.27776870131492615,0.1100986897945404,0.28899696469306946,0.35881492495536804,0.03458712249994278,0.1549863964319229
89,0.041252418542685715,0.026955035555621853,1.357158344724904,0.00027857982027141946,0.7230136835056803,0.02851307339138455,0.3701327800750732,0.5201327800750732,1,6445,0.6189185976982117,0.5955472588539124,0.004472040105611086,1,0.0001,4.47591495513916,0.23430697619915009,0.10042566806077957,0.263517290353775,0.0719093307852745,0.13206492364406586,0.13117043673992157,0.6189185976982117,0.11293147504329681,0.15917131304740906,0.23331810534000397,0.0634288564324379,0.1773059070110321,0.5949782133102417,0.3708316683769226,0.01834135502576828,0.12137263268232346,0.14176678657531738,0.2070535123348236,0.06766223162412643,0.1595945954322815,0.5056684613227844,0.33424222469329834,0.018108172342181206,0.10163719952106476,0.13766145706176758,0.235459566116333,0.2748684585094452,0.1082877442240715,0.28916776180267334,0.3609659969806671,0.033999986946582794,0.1523992121219635
90,0.040898608934620155,0.026629641733091812,1.3544823294100554,0.0002483311666013754,0.7216609275859335,0.02815149038809317,0.36674795150756834,0.5167479515075684,1,6445,0.6065812706947327,0.6197498440742493,0.006740059237927198,1,0.0001,4.454649209976196,0.2389124184846878,0.09926686435937881,0.26071152091026306,0.07529845833778381,0.13227514922618866,0.12986326217651367,0.6065812706947327,0.10942957550287247,0.15953712165355682,0.2386954128742218,0.07145895808935165,0.21003961563110352,0.5962806344032288,0.3904591500759125,0.022883910685777664,0.13417406380176544,0.14316262304782867,0.2094123661518097,0.0738401710987091,0.18521851301193237,0.5066964030265808,0.34557095170021057,0.02146182954311371,0.11363297700881958,0.13514982163906097,0.2368571162223816,0.2796773612499237,0.12025002390146255,0.28912457823753357,0.3574334681034088,0.034883756190538406,0.1536659449338913
91,0.04129026797802552,0.027048455632251243,1.351820919824683,0.00027753099730825454,0.720828406188799,0.027863165961371526,0.36853775978088377,0.5185377597808838,1,6445,0.6160016655921936,0.628703773021698,0.00454496406018734,1,0.0001,4.526839971542358,0.22566910088062286,0.1006360724568367,0.2630211114883423,0.07035938650369644,0.13206762075424194,0.13421359658241272,0.6160016655921936,0.11063968390226364,0.16030722856521606,0.23914965987205505,0.0685620978474617,0.1681927591562271,0.5942949056625366,0.39124396443367004,0.018349507823586464,0.12449292838573456,0.1420067548751831,0.21015934646129608,0.07228424400091171,0.15247531235218048,0.5038284659385681,0.3479311168193817,0.018402336165308952,0.10503456741571426,0.13861817121505737,0.23466213047504425,0.2779008746147156,0.10376157611608505,0.28850412368774414,0.36002588272094727,0.034566015005111694,0.15234456956386566
92,0.04127073530917582,0.027057528090865715,1.3490420839060908,0.00025421533918352395,0.7202445294546045,0.028781532570167825,0.36768231391906736,0.5176823139190674,1,6445,0.6087159514427185,0.6190748810768127,0.005512927658855915,1,0.0001,4.512587785720825,0.2276477962732315,0.09843463450670242,0.2613699436187744,0.07138744741678238,0.13226833939552307,0.13194316625595093,0.6087159514427185,0.11030776798725128,0.1597990244626999,0.2297123819589615,0.06902123987674713,0.17916066944599152,0.5952334403991699,0.3868856132030487,0.021218547597527504,0.1284867227077484,0.14139509201049805,0.20428551733493805,0.07236099988222122,0.16043280065059662,0.5057410597801208,0.34414172172546387,0.020166439935564995,0.10836104303598404,0.13653472065925598,0.2315128594636917,0.28038498759269714,0.11154527962207794,0.2888273596763611,0.36103880405426025,0.03440849483013153,0.1551908701658249
93,0.04086084971609323,0.026676190855062527,1.3463387385658596,0.0002556980274992226,0.7187145533769027,0.027781011793348524,0.3657746076583862,0.5157746076583862,1,6445,0.600898027420044,0.6211221218109131,0.005888273008167744,1,0.0001,4.5178070068359375,0.23636484146118164,0.09980451315641403,0.26068636775016785,0.06911042332649231,0.13274474442005157,0.13129594922065735,0.600898027420044,0.11053568869829178,0.16209733486175537,0.24041347205638885,0.07164108008146286,0.1849287897348404,0.5936903953552246,0.38846877217292786,0.021488547325134277,0.1294815093278885,0.14439424872398376,0.21142585575580597,0.07376857101917267,0.16595299541950226,0.5072279572486877,0.345630019903183,0.020359423011541367,0.11102848500013351,0.13764476776123047,0.240397647023201,0.2775290906429291,0.10970325767993927,0.2896431088447571,0.3612821698188782,0.03451540693640709,0.15232963860034943
94,0.040566044171219284,0.026409586000701656,1.3435784681983616,0.00022904665852168009,0.7183835454609083,0.0289747393572772,0.36943051815032957,0.5194305181503296,1,6445,0.6169009804725647,0.6075067520141602,0.004674630705267191,1,0.0001,4.495266675949097,0.24027127027511597,0.10199671983718872,0.2639254331588745,0.06887680292129517,0.1323661506175995,0.1311679184436798,0.6169009804725647,0.1126432791352272,0.1526004523038864,0.2414795160293579,0.06430520117282867,0.1725478172302246,0.592553973197937,0.37826189398765564,0.018563367426395416,0.11710203438997269,0.1346345692873001,0.21136575937271118,0.06827648729085922,0.15746402740478516,0.5060916543006897,0.33815422654151917,0.018702439963817596,0.09800591319799423,0.13357345759868622,0.24752293527126312,0.2745346128940582,0.10512509942054749,0.2891726791858673,0.3621755540370941,0.034438036382198334,0.14822323620319366
95,0.04128441716665807,0.02714969120595766,1.3415493239527163,0.00022494089321496531,0.7169835282408673,0.028362129493995948,0.3680549621582031,0.5180549621582031,1,6445,0.6089287400245667,0.6186925768852234,0.004698705393821001,1,0.0001,4.50730037689209,0.23429054021835327,0.10099159926176071,0.2624691426753998,0.07443489879369736,0.13250653445720673,0.13062460720539093,0.6089287400245667,0.1120602935552597,0.1663193702697754,0.25050461292266846,0.0673421174287796,0.20959992706775665,0.596615195274353,0.38725098967552185,0.02073126845061779,0.1302603930234909,0.1502322405576706,0.21956104040145874,0.07002121955156326,0.18483439087867737,0.5066686868667603,0.34566813707351685,0.020323537290096283,0.10820098966360092,0.14027641713619232,0.23608994483947754,0.2766132950782776,0.11768864095211029,0.28931736946105957,0.36000725626945496,0.03456045687198639,0.14796312153339386
96,0.04085430907814399,0.026749011696032856,1.3387112306511921,0.00025581888242057806,0.7156271105227263,0.03009197489420573,0.36802533864974973,0.5180253386497498,1,6445,0.6125196218490601,0.6266071200370789,0.005137011408805847,1,0.0001,4.684376955032349,0.232966348528862,0.10141421854496002,0.26307374238967896,0.07141013443470001,0.13223335146903992,0.13268758356571198,0.6125196218490601,0.10968571901321411,0.17160795629024506,0.243377223610878,0.06699692457914352,0.17720574140548706,0.5919712781906128,0.39021024107933044,0.019340945407748222,0.1270720362663269,0.15272510051727295,0.2144669145345688,0.07025676220655441,0.16304369270801544,0.504664957523346,0.34726759791374207,0.019304828718304634,0.10636170953512192,0.14118945598602295,0.25072139501571655,0.2768387496471405,0.11045265942811966,0.288181871175766,0.36294546723365784,0.034564580768346786,0.1507577747106552
97,0.04091013109554415,0.026829527933960377,1.3363440710565317,0.00021616159748468223,0.7150012721186099,0.028337324919524016,0.3672798633575439,0.517279863357544,1,6445,0.6110504269599915,0.6239413022994995,0.0054184794425964355,1,0.0001,4.579370737075806,0.23476307094097137,0.10031308978796005,0.26202529668807983,0.07498539239168167,0.1324133425951004,0.1329808235168457,0.6110504269599915,0.11143597960472107,0.172072634100914,0.2350165843963623,0.07086332887411118,0.19175651669502258,0.59267258644104,0.3890526294708252,0.020088093355298042,0.12920209765434265,0.15281766653060913,0.20656712353229523,0.07433732599020004,0.17321188747882843,0.5056098699569702,0.3464301526546478,0.01973225735127926,0.10940638184547424,0.14229366183280945,0.23935087025165558,0.28063535690307617,0.1144847646355629,0.2890862226486206,0.35978659987449646,0.035058118402957916,0.15100672841072083
98,0.04041585455770078,0.0263642571542574,1.333616272262905,0.0002360095449662565,0.7130751713462498,0.028096268265335646,0.36461338996887205,0.5146133899688721,1,6445,0.6032169461250305,0.6093212962150574,0.007037361618131399,1,0.0001,4.2883141040802,0.23080213367938995,0.09851435571908951,0.26127657294273376,0.07229994982481003,0.13256092369556427,0.1301596611738205,0.6032169461250305,0.10893076658248901,0.16052450239658356,0.22598540782928467,0.06621353328227997,0.16982099413871765,0.5920165181159973,0.3811275362968445,0.0200986135751009,0.1275186538696289,0.14097000658512115,0.1990850418806076,0.06979815661907196,0.15576273202896118,0.5054858326911926,0.33881044387817383,0.019543832167983055,0.10875511169433594,0.13361625373363495,0.23499539494514465,0.2795531451702118,0.10725285112857819,0.28880706429481506,0.35773423314094543,0.03448685631155968,0.14949144423007965
99,0.04034998769993368,0.026325815802683002,1.3309150778728982,0.00022374922548845896,0.7127831111783567,0.028717377839265045,0.3663266062736511,0.5163266062736511,1,6445,0.6035830974578857,0.6205437779426575,0.004144992679357529,1,0.0001,4.2979819774627686,0.23324336111545563,0.10248866677284241,0.2596536874771118,0.0728425607085228,0.13186073303222656,0.13427768647670746,0.6035830974578857,0.11040111631155014,0.16299550235271454,0.26119351387023926,0.06704473495483398,0.20782244205474854,0.5949196219444275,0.3861631751060486,0.019278140738606453,0.131374329328537,0.14795157313346863,0.22812531888484955,0.07006052881479263,0.18479639291763306,0.5051575899124146,0.3477763235569,0.019240813329815865,0.1090029701590538,0.1417989730834961,0.24414047598838806,0.27921420335769653,0.11624188721179962,0.28859490156173706,0.3616461455821991,0.034455180168151855,0.14949429035186768
100,0.041401338804027306,0.027395666212491367,1.3292223163273023,0.000234037228358869,0.7111089514649432,0.029462122034143518,0.3656854391098022,0.5156854391098022,1,6445,0.6082316637039185,0.6350284814834595,0.007016564253717661,1,1e-05,4.336933612823486,0.2282671332359314,0.10111057758331299,0.26252079010009766,0.07212299108505249,0.13183856010437012,0.1337265819311142,0.6082316637039185,0.11052031815052032,0.17565575242042542,0.2433885931968689,0.06806173175573349,0.17787034809589386,0.5948503017425537,0.39654579758644104,0.019862277433276176,0.1272277981042862,0.15423211455345154,0.21040405333042145,0.07151107490062714,0.16207000613212585,0.5046737194061279,0.3517146110534668,0.019484838470816612,0.10778699070215225,0.14047767221927643,0.24202735722064972,0.27926525473594666,0.10825082659721375,0.2880425453186035,0.35498616099357605,0.03499741479754448,0.15015482902526855
101,0.039977784875942314,0.025995781807147938,1.3267840147018433,0.00027158637860101527,0.7114476017330004,0.027873143513997396,0.3645525336265564,0.5145525336265564,1,6445,0.6029186844825745,0.6174377202987671,0.005732203368097544,1,1e-05,4.3812947273254395,0.22884605824947357,0.0993216261267662,0.2616811990737915,0.07277101278305054,0.13270165026187897,0.13091082870960236,0.6029186844825745,0.10959231108427048,0.1678219884634018,0.22846519947052002,0.065586157143116,0.18727067112922668,0.5918015837669373,0.3856210708618164,0.019487466663122177,0.1293504238128662,0.14789335429668427,0.20303653180599213,0.06913094222545624,0.16513925790786743,0.5057578086853027,0.34163016080856323,0.018954409286379814,0.10991623252630234,0.13792403042316437,0.23322083055973053,0.27849456667900085,0.11323713511228561,0.28910061717033386,0.3577321171760559,0.03415901958942413,0.14931513369083405
102,0.04017290375802828,0.026202795784110607,1.3256411967070207,0.00024055903676249412,0.7112907559975333,0.028840166445131654,0.36631820201873777,0.5163182020187378,1,6445,0.6086227893829346,0.6065773367881775,0.006093960255384445,1,1e-05,4.346037864685059,0.23208828270435333,0.10021819919347763,0.2614198327064514,0.07284273952245712,0.13205692172050476,0.13191922008991241,0.6086227893829346,0.11323725432157516,0.17183949053287506,0.23756296932697296,0.06604316085577011,0.19302180409431458,0.5927591323852539,0.37757235765457153,0.018486209213733673,0.12489597499370575,0.15423841774463654,0.20700933039188385,0.06944368779659271,0.17203174531459808,0.5061992406845093,0.33925876021385193,0.01862356998026371,0.10536764562129974,0.14125369489192963,0.23787564039230347,0.2774280607700348,0.11254329979419708,0.2893003821372986,0.3576916754245758,0.03461388498544693,0.14693449437618256
103,0.03959512856343518,0.025633119694564655,1.3248960142550261,0.00021218717143789905,0.7109269007392551,0.028399661593967014,0.3637284994125366,0.5137284994125366,1,6445,0.5997276902198792,0.6030265092849731,0.006574208848178387,1,1e-05,4.410304307937622,0.23129884898662567,0.09923385083675385,0.2627159655094147,0.07491099089384079,0.13248558342456818,0.13223055005073547,0.5997276902198792,0.11207941174507141,0.1737850308418274,0.22868189215660095,0.06748033314943314,0.19758541882038116,0.5911900997161865,0.37343186140060425,0.01925032027065754,0.12165984511375427,0.15590330958366394,0.20173369348049164,0.07080778479576111,0.17479340732097626,0.5066079497337341,0.3381848931312561,0.0189456008374691,0.10496684908866882,0.14381027221679688,0.236861914396286,0.2767123878002167,0.11510985344648361,0.2893451154232025,0.3573881685733795,0.034480590373277664,0.14671075344085693
104,0.03957102156203726,0.025615207850933075,1.3243089188700137,0.00021413815873371357,0.7105831763018733,0.028357737788447628,0.36283144950866697,0.512831449508667,1,6445,0.5957242846488953,0.6032165288925171,0.005207171197980642,1,1e-05,4.351765871047974,0.2370784431695938,0.10013500601053238,0.2629159688949585,0.07505439221858978,0.13234461843967438,0.1323932409286499,0.5957242846488953,0.11427357792854309,0.16614359617233276,0.23614990711212158,0.0630185604095459,0.1995481252670288,0.5921738743782043,0.3747941851615906,0.019090542569756508,0.12263022363185883,0.14937973022460938,0.20736026763916016,0.06691811233758926,0.17865507304668427,0.5062223076820374,0.3373457193374634,0.018862292170524597,0.1046687588095665,0.13889679312705994,0.23767471313476562,0.2760109007358551,0.11455659568309784,0.2894611954689026,0.35720551013946533,0.034591857343912125,0.14911971986293793
105,0.0393987515050432,0.025447718070253082,1.3239003368045972,0.00019141938916974416,0.7101164615672567,0.02759354994032118,0.3652696371078491,0.5152696371078491,1,6445,0.6038267612457275,0.6118015050888062,0.006165167782455683,1,1e-05,4.293996334075928,0.23279805481433868,0.1007053405046463,0.260907918214798,0.0743907168507576,0.13205038011074066,0.13214822113513947,0.6038267612457275,0.11019226163625717,0.16542930901050568,0.23647406697273254,0.06362098455429077,0.18941645324230194,0.5942996740341187,0.3825531005859375,0.019173728302121162,0.12772300839424133,0.14702433347702026,0.2071269452571869,0.06787930428981781,0.17118245363235474,0.5054477453231812,0.34190043807029724,0.018893657252192497,0.10805672407150269,0.1385607272386551,0.2372543066740036,0.2781592607498169,0.11198857426643372,0.28889381885528564,0.357504278421402,0.03435027599334717,0.15016169846057892
106,0.03985472752348236,0.025907401481400364,1.3235126215478648,0.00019628495362627766,0.7102372646331787,0.027978646737557872,0.366071081161499,0.516071081161499,1,6445,0.6079793572425842,0.6181179881095886,0.005552816204726696,1,1e-05,4.377487897872925,0.23118199408054352,0.09993530809879303,0.2609921395778656,0.07033631205558777,0.13218514621257782,0.13211707770824432,0.6079793572425842,0.1091962531208992,0.16746069490909576,0.22867150604724884,0.06557908654212952,0.16952507197856903,0.5931376218795776,0.38642582297325134,0.018594112247228622,0.12634871900081635,0.14900696277618408,0.20127719640731812,0.06938903033733368,0.15410062670707703,0.5058034658432007,0.3440605103969574,0.018491948023438454,0.10772573947906494,0.1402476280927658,0.23767971992492676,0.2772127687931061,0.10524925589561462,0.2889636158943176,0.35736382007598877,0.03426392376422882,0.1490159034729004
107,0.03928538735793984,0.02534201506363309,1.323138459869053,0.00019419339925820088,0.7100461540014847,0.027437808566623263,0.36475214958190916,0.5147521495819092,1,6445,0.6005362868309021,0.6184098124504089,0.005405209958553314,1,1e-05,4.384239673614502,0.23357370495796204,0.09959150850772858,0.26295745372772217,0.07359251379966736,0.1324610561132431,0.13222888112068176,0.6005362868309021,0.10924757272005081,0.1672193706035614,0.23228271305561066,0.06591669470071793,0.18934927880764008,0.5923780798912048,0.38478755950927734,0.019500117748975754,0.12718750536441803,0.14809542894363403,0.20328444242477417,0.0695163831114769,0.1703188121318817,0.5061266422271729,0.34364771842956543,0.019040344282984734,0.10774261504411697,0.13843531906604767,0.23613089323043823,0.2774672508239746,0.11387518793344498,0.2892228066921234,0.3599676787853241,0.034335553646087646,0.15413783490657806
108,0.039659750040458595,0.025719769784937733,1.3228173048599907,0.0001769099383280896,0.7100383639335632,0.028898568612557872,0.3646210193634033,0.5146210193634033,1,6445,0.6001245379447937,0.6134509444236755,0.006242845673114061,1,1e-05,4.41451096534729,0.22809217870235443,0.09732872992753983,0.2608799934387207,0.07077677547931671,0.13246697187423706,0.13154679536819458,0.6001245379447937,0.10850243270397186,0.166752889752388,0.21374443173408508,0.0667828693985939,0.1700066775083542,0.593101441860199,0.38417184352874756,0.01985398307442665,0.12709201872348785,0.14712032675743103,0.1916191577911377,0.07058822363615036,0.15068303048610687,0.5064310431480408,0.34013447165489197,0.019244592636823654,0.10898102819919586,0.13850250840187073,0.23156988620758057,0.27882590889930725,0.10659557580947876,0.28884896636009216,0.35882723331451416,0.03430776670575142,0.15269851684570312
109,0.039764530308868576,0.025828792997028515,1.3224122679751853,0.0001826243071422062,0.7097890584365182,0.02852063101309317,0.36746898889541624,0.5174689888954163,1,6445,0.6136267781257629,0.6127338409423828,0.0065998295322060585,1,1e-05,4.38435697555542,0.232747882604599,0.10046641528606415,0.2617863416671753,0.07148018479347229,0.1320909857749939,0.13174337148666382,0.6136267781257629,0.11047365516424179,0.1654355227947235,0.23903104662895203,0.06519243866205215,0.18075785040855408,0.5939739346504211,0.3830500841140747,0.019002528861165047,0.1263733208179474,0.14735707640647888,0.20771600306034088,0.06899874657392502,0.1625216007232666,0.5050352215766907,0.3417203426361084,0.019102318212389946,0.10692545026540756,0.13867565989494324,0.2338750809431076,0.2767367362976074,0.10886986553668976,0.2890152633190155,0.35724005103111267,0.03455408662557602,0.14759355783462524
110,0.039794013714012894,0.025861547773946888,1.3221369307974111,0.00017779571404073226,0.7093190239823383,0.031509553132233796,0.3668166160583496,0.5168166160583496,1,6445,0.6077954769134521,0.6118049621582031,0.005747439339756966,1,1e-05,4.360050678253174,0.2264450192451477,0.10239650309085846,0.2593090832233429,0.07396227866411209,0.13146476447582245,0.13297727704048157,0.6077954769134521,0.10982577502727509,0.1643538773059845,0.2556309700012207,0.06188352406024933,0.1872861683368683,0.5958359241485596,0.3814840316772461,0.0187990702688694,0.1296725869178772,0.1478244513273239,0.219862163066864,0.0662238746881485,0.17043057084083557,0.5033299326896667,0.3413850963115692,0.018817471340298653,0.10776882618665695,0.13828790187835693,0.24070101976394653,0.27964675426483154,0.11092197895050049,0.28809288144111633,0.3603050410747528,0.03448733314871788,0.14834065735340118
111,0.039618590927642326,0.025688605545007664,1.3218947649002075,0.0001627259360089817,0.7094107399816099,0.02820646893536603,0.36541823148727415,0.5154182314872742,1,6445,0.6069069504737854,0.6007077097892761,0.006728752516210079,1,1e-05,4.428754806518555,0.23591095209121704,0.09872281551361084,0.2622154951095581,0.07172252237796783,0.13222937285900116,0.13076601922512054,0.6069069504737854,0.11059365421533585,0.159567192196846,0.2281729131937027,0.06258431077003479,0.17708565294742584,0.5932344794273376,0.3765968978404999,0.018868964165449142,0.12756578624248505,0.14409653842449188,0.20039799809455872,0.06654483079910278,0.1606118232011795,0.506901741027832,0.3363635241985321,0.018751785159111023,0.1086309477686882,0.13566043972969055,0.2321644127368927,0.27563247084617615,0.10707166790962219,0.2889328598976135,0.35462966561317444,0.0344097875058651,0.15225955843925476
112,0.03924442989670712,0.0253178710522859,1.3215344677800718,0.00017096604848199564,0.709504573241524,0.027718969839590567,0.3666136026382446,0.5166136026382446,1,6445,0.6084029078483582,0.6109938621520996,0.005639921873807907,1,1e-05,4.376867294311523,0.2289825975894928,0.10086385905742645,0.26090091466903687,0.07177427411079407,0.13244634866714478,0.1315915882587433,0.6084029078483582,0.11183574795722961,0.16781410574913025,0.2361171990633011,0.0646749809384346,0.18070997297763824,0.5916464328765869,0.3805820643901825,0.018930435180664062,0.1257077306509018,0.1492646038532257,0.2069215178489685,0.0688067153096199,0.16228041052818298,0.5061637759208679,0.33976566791534424,0.018767070025205612,0.10581014305353165,0.13932804763317108,0.238946333527565,0.278629332780838,0.109437957406044,0.2893831133842468,0.3602410852909088,0.03451741486787796,0.14827023446559906
113,0.03960083457438842,0.025678610267198605,1.3211562581684277,0.00016854877479921055,0.7089764035266378,0.028804005940755207,0.36498198509216306,0.5149819850921631,1,6445,0.6011883020401001,0.6223847270011902,0.005479046143591404,1,1e-05,4.3350396156311035,0.2336430847644806,0.10130837559700012,0.26136350631713867,0.07390803843736649,0.1321904957294464,0.13320988416671753,0.6011883020401001,0.10798651725053787,0.1670651137828827,0.24604658782482147,0.0629989430308342,0.18515777587890625,0.5931628346443176,0.3870525360107422,0.01924922503530979,0.1285621076822281,0.147964745759964,0.21380490064620972,0.06702831387519836,0.16703246533870697,0.5049002170562744,0.3451496362686157,0.018990928307175636,0.10907463729381561,0.13881276547908783,0.2446843832731247,0.2771816551685333,0.11099319159984589,0.2883453071117401,0.3606764078140259,0.03453907370567322,0.1497637778520584
114,0.03908685108889704,0.02516844917250716,1.3208055548045947,0.00015467991508320784,0.70879966798036,0.028009427671079282,0.3677890062332153,0.5177890062332153,1,6445,0.614849865436554,0.6001527309417725,0.005064045079052448,1,1e-05,4.323604345321655,0.23479503393173218,0.10105804353952408,0.26113805174827576,0.0688972994685173,0.13245715200901031,0.13171128928661346,0.614849865436554,0.11096091568470001,0.16040603816509247,0.237518772482872,0.060936447232961655,0.1776154637336731,0.5907565355300903,0.37211480736732483,0.018448764458298683,0.12458328157663345,0.14340084791183472,0.20939774811267853,0.06529433280229568,0.1583198606967926,0.504429280757904,0.3328604996204376,0.018659567460417747,0.10502058267593384,0.13608379662036896,0.2466413974761963,0.2763046622276306,0.10668399930000305,0.28898540139198303,0.361120343208313,0.03443090245127678,0.14664073288440704
115,0.039407848340013756,0.025492947305674137,1.320462931757388,0.00016576705282837477,0.7086142275644385,0.028067809493453413,0.3676444053649902,0.5176444053649902,1,6445,0.6129516363143921,0.5967644453048706,0.0054481737315654755,1,1e-05,4.316216945648193,0.23838703334331512,0.09991455078125,0.26219844818115234,0.07071176171302795,0.1322486847639084,0.13136602938175201,0.6129516363143921,0.11500222980976105,0.16245028376579285,0.22919194400310516,0.06232055649161339,0.17963717877864838,0.5918174982070923,0.3717160224914551,0.01870269700884819,0.12299415469169617,0.14449037611484528,0.20234110951423645,0.06643456965684891,0.16159792244434357,0.5057957172393799,0.3326371908187866,0.01873021386563778,0.10469988733530045,0.13592678308486938,0.23845446109771729,0.2762471139431,0.1085272803902626,0.28929775953292847,0.3600127398967743,0.03448120877146721,0.14911387860774994
116,0.039203262847402824,0.025291264219128567,1.3202076528383337,0.0001498794274242676,0.7084240110024161,0.02784939631709346,0.3653544545173645,0.5153544545173645,1,6445,0.6038196086883545,0.6289023160934448,0.0058338576927781105,1,1e-05,4.314803123474121,0.2273886650800705,0.10093992203474045,0.26240426301956177,0.07188988476991653,0.13226935267448425,0.13314716517925262,0.6038196086883545,0.10955137759447098,0.17058172821998596,0.24031247198581696,0.0660974308848381,0.17817293107509613,0.5924072265625,0.3911173641681671,0.019499365240335464,0.1288195550441742,0.1509704291820526,0.2086034119129181,0.06992127001285553,0.16123080253601074,0.5044925808906555,0.34769317507743835,0.019218526780605316,0.10885290056467056,0.1400400847196579,0.24247989058494568,0.27850764989852905,0.108300119638443,0.28895246982574463,0.3606984317302704,0.034494515508413315,0.149955615401268
117,0.039692587826562965,0.02578335725094961,1.319849967956543,0.00016499635113059017,0.7090813102929489,0.027967188234682437,0.3674697637557983,0.5174697637557983,1,6445,0.6112064719200134,0.6287246346473694,0.004769613966345787,1,1e-05,4.472008943557739,0.225433349609375,0.10031489282846451,0.2611536979675293,0.07349985837936401,0.13208019733428955,0.1333652287721634,0.6112064719200134,0.11007080227136612,0.176354318857193,0.23697398602962494,0.0664115622639656,0.18565496802330017,0.5939695239067078,0.39225807785987854,0.01922907866537571,0.1276606172323227,0.15545213222503662,0.20662930607795715,0.07047396898269653,0.16813409328460693,0.5050910711288452,0.348174512386322,0.019177235662937164,0.10749148577451706,0.14184167981147766,0.23863621056079865,0.2784706652164459,0.11109546571969986,0.2888137698173523,0.3596120774745941,0.034580834209918976,0.14923956990242004
118,0.03929482465204985,0.02538810589391252,1.3196628767511118,0.00014846711659945709,0.7086060695026232,0.02794566966869213,0.36721298694610593,0.517212986946106,1,6445,0.614024817943573,0.6209044456481934,0.005018487572669983,1,1e-05,4.551243782043457,0.22827517986297607,0.10116761922836304,0.2596181631088257,0.07004935294389725,0.1320219486951828,0.13195544481277466,0.614024817943573,0.10885139554738998,0.16512681543827057,0.24323172867298126,0.06338035315275192,0.17821379005908966,0.5935654044151306,0.3890872597694397,0.018403969705104828,0.12800174951553345,0.1473754495382309,0.21130552887916565,0.0673411563038826,0.16057546436786652,0.5039821267127991,0.34425994753837585,0.018576685339212418,0.10767669975757599,0.13900771737098694,0.2360767126083374,0.2777194678783417,0.10714367032051086,0.28870561718940735,0.3572796583175659,0.034356776624917984,0.14818580448627472
119,0.03961135657585185,0.025708799938792767,1.3192380563072537,0.00014794200441152182,0.7086968655171602,0.027992522063078704,0.3670817375183105,0.5170817375183105,1,6445,0.6073917746543884,0.6231106519699097,0.005465754307806492,1,1e-05,4.599425792694092,0.2298361212015152,0.10000284761190414,0.2618308961391449,0.07088491320610046,0.1322345733642578,0.13297298550605774,0.6073917746543884,0.10885179042816162,0.1677580028772354,0.23250199854373932,0.06445757299661636,0.1732172966003418,0.5936028361320496,0.38656044006347656,0.019098423421382904,0.12490548193454742,0.14792568981647491,0.2041955292224884,0.06850671768188477,0.1574973613023758,0.5048761367797852,0.34431159496307373,0.019041042774915695,0.1059332862496376,0.13892753422260284,0.24165697395801544,0.2781555652618408,0.10663323104381561,0.28876954317092896,0.3624562919139862,0.034495510160923004,0.15061147511005402
120,0.03943697265956713,0.025539220108286194,1.3188623449076777,0.00014803776550410396,0.7076494330945222,0.02882963279441551,0.3644428014755249,0.5144428014755249,1,6445,0.6030402779579163,0.5987017750740051,0.00529491575434804,1,1e-05,4.694946527481079,0.2401563823223114,0.09781307727098465,0.26299312710762024,0.07126915454864502,0.13287204504013062,0.13036242127418518,0.6030402779579163,0.1119033619761467,0.15759052336215973,0.21602590382099152,0.060607559978961945,0.1781425178050995,0.5906991362571716,0.37483951449394226,0.019339196383953094,0.12239181995391846,0.1410432755947113,0.19368456304073334,0.06488272547721863,0.1618259996175766,0.5060999393463135,0.3335625231266022,0.018931161612272263,0.10474216192960739,0.13383811712265015,0.23503988981246948,0.27529215812683105,0.10791940242052078,0.2891491651535034,0.35793188214302063,0.034477122128009796,0.15182259678840637
121,0.039239653264698776,0.025344730152384094,1.3185294711071511,0.0001498358109054844,0.7081300538519154,0.02828210336190683,0.36621049642562864,0.5162104964256287,1,6445,0.6085062623023987,0.6210297346115112,0.005025567952543497,1,1e-05,4.619720458984375,0.23032516241073608,0.10111676901578903,0.2626860439777374,0.07046988606452942,0.13209253549575806,0.13345535099506378,0.6085062623023987,0.11199135333299637,0.17118605971336365,0.23947234451770782,0.06536795198917389,0.17360825836658478,0.5935413837432861,0.38606640696525574,0.018261028453707695,0.12488511204719543,0.15183110535144806,0.2099214643239975,0.06935767084360123,0.15788039565086365,0.5041996836662292,0.34455472230911255,0.01841794326901436,0.1042729914188385,0.1409413367509842,0.24467028677463531,0.2777492105960846,0.1064339354634285,0.2885069251060486,0.3585945665836334,0.03456496819853783,0.14668802917003632
122,0.03948639365641967,0.02559334971010685,1.3183550523675007,0.00013412318683391356,0.7081527943196504,0.028316987779405382,0.3645550966262817,0.5145550966262817,1,6445,0.60262531042099,0.6169979572296143,0.006190906744450331,1,1e-05,4.686925888061523,0.23533570766448975,0.10101529210805893,0.26224157214164734,0.07396701723337173,0.13205787539482117,0.1321907341480255,0.60262531042099,0.11008497327566147,0.1655798703432083,0.24270692467689514,0.06396304070949554,0.189610093832016,0.5934784412384033,0.38641634583473206,0.019078856334090233,0.12449118494987488,0.14938518404960632,0.20958349108695984,0.06815727800130844,0.16974268853664398,0.505313515663147,0.3444195091724396,0.018798213452100754,0.10513906925916672,0.1395733803510666,0.23646432161331177,0.27653682231903076,0.11177428066730499,0.28899627923965454,0.35680317878723145,0.03441127389669418,0.14712238311767578
123,0.03942566786123359,0.02553374789979147,1.3182837703953618,0.00015226077179566187,0.7075600261273591,0.028167129234031394,0.36562529802322385,0.5156252980232239,1,6445,0.6073833703994751,0.6239935755729675,0.005263858940452337,1,1e-05,4.576049089431763,0.22712819278240204,0.10169842094182968,0.26045042276382446,0.07045456022024155,0.1319221407175064,0.13376177847385406,0.6073833703994751,0.10951553285121918,0.17095844447612762,0.24590757489204407,0.06618332862854004,0.16995590925216675,0.5943331122398376,0.3893662393093109,0.019290179014205933,0.12727834284305573,0.15348851680755615,0.21312807500362396,0.07026534527540207,0.1558423936367035,0.5046159625053406,0.3474762439727783,0.018985236063599586,0.10822531580924988,0.14181587100028992,0.2395598292350769,0.27814868092536926,0.10588399320840836,0.28863245248794556,0.3561686873435974,0.034507300704717636,0.15023045241832733
124,0.03914935579118521,0.02526271035489829,1.3177503658377605,0.00013252284248744178,0.7078173627024111,0.027987740975839122,0.3655648589134216,0.5155648589134216,1,6445,0.6046245694160461,0.6214538812637329,0.00582218449562788,1,1e-05,4.5765392780303955,0.22913236916065216,0.10078077763319016,0.2614787220954895,0.07078542560338974,0.13208800554275513,0.1328182965517044,0.6046245694160461,0.10743977874517441,0.1706419736146927,0.24197028577327728,0.0650089755654335,0.17286229133605957,0.593786895275116,0.38768935203552246,0.019404688850045204,0.12900713086128235,0.15168535709381104,0.20873494446277618,0.06897949427366257,0.15651653707027435,0.5044622421264648,0.3456234335899353,0.01901218481361866,0.10959867388010025,0.14088666439056396,0.23966938257217407,0.27787983417510986,0.10693991929292679,0.28875792026519775,0.3593856394290924,0.034328050911426544,0.15140831470489502
125,0.03938702996010366,0.025504787088088367,1.3173933184665183,0.00014580975719423884,0.7068520266076793,0.027912316216362847,0.36700806617736814,0.5170080661773682,1,6445,0.607354462146759,0.6137728095054626,0.006030060816556215,1,1e-05,4.610291481018066,0.22638346254825592,0.10029720515012741,0.26024070382118225,0.07213658839464188,0.13204576075077057,0.131992369890213,0.607354462146759,0.108936607837677,0.1656646579504013,0.23902954161167145,0.062158986926078796,0.17131683230400085,0.5939580202102661,0.3825598955154419,0.019430046901106834,0.12718036770820618,0.14799830317497253,0.20778119564056396,0.06699850410223007,0.15399344265460968,0.5045986175537109,0.3406342566013336,0.019167471677064896,0.1067974865436554,0.13760070502758026,0.23521704971790314,0.27981868386268616,0.10611486434936523,0.2888163924217224,0.3621210753917694,0.034661248326301575,0.14775457978248596
126,0.03943669974156048,0.02555628485329773,1.3171594609384951,0.00013911092980339637,0.707429808119069,0.028220890469021268,0.3641438841819763,0.5141438841819763,1,6445,0.5991315841674805,0.6146901845932007,0.005097236484289169,1,1e-05,4.535775423049927,0.23521415889263153,0.10223830491304398,0.2606423497200012,0.07327651977539062,0.1319301277399063,0.13263805210590363,0.5991315841674805,0.11099614948034286,0.165016308426857,0.25035616755485535,0.06267520040273666,0.18953163921833038,0.5940788984298706,0.38422638177871704,0.01935981772840023,0.12689751386642456,0.14761470258235931,0.21659965813159943,0.06703393161296844,0.1710592806339264,0.5046316981315613,0.34232911467552185,0.019002724438905716,0.10694361478090286,0.1384761780500412,0.24307620525360107,0.2785176634788513,0.11069785058498383,0.28853639960289,0.35873332619667053,0.034455541521310806,0.15021784603595734
127,0.03914340099562769,0.02526737393244453,1.3167917728424072,0.00012546208365719119,0.7068546829016312,0.028037347864221643,0.3658898830413818,0.5158898830413818,1,6445,0.6056536436080933,0.6118059754371643,0.005649919155985117,1,1e-05,4.377458810806274,0.23509792983531952,0.10107766091823578,0.26236259937286377,0.07168072462081909,0.1321089118719101,0.13124364614486694,0.6056536436080933,0.10948818922042847,0.16219119727611542,0.24115756154060364,0.06252633780241013,0.17676585912704468,0.5930728316307068,0.38284334540367126,0.01888374797999859,0.12441191077232361,0.14554819464683533,0.20914886891841888,0.0670044869184494,0.16009707748889923,0.5053591132164001,0.3409121334552765,0.018666662275791168,0.10527042299509048,0.13707856833934784,0.24065247178077698,0.27772295475006104,0.10750339180231094,0.28906816244125366,0.3594738841056824,0.0344557948410511,0.14672109484672546
128,0.03936041567636573,0.025488678608899532,1.3163479151933088,0.0001368215092478077,0.7068902280019678,0.029021054868344907,0.3626627683639526,0.5126627683639526,1,6445,0.594491720199585,0.615664005279541,0.004923401400446892,1,1e-05,4.371673345565796,0.23272663354873657,0.10118037462234497,0.26151296496391296,0.0724361315369606,0.13221366703510284,0.1329907327890396,0.594491720199585,0.11081269383430481,0.16643735766410828,0.24456004798412323,0.06174694374203682,0.18136604130268097,0.5921676754951477,0.38272854685783386,0.019224001094698906,0.12533695995807648,0.14919978380203247,0.21228495240211487,0.06629505008459091,0.16492179036140442,0.5041937828063965,0.3418738543987274,0.018904181197285652,0.10602875053882599,0.1393093317747116,0.24087101221084595,0.2785905599594116,0.10762548446655273,0.2887973487377167,0.3597978353500366,0.03482401743531227,0.1496785581111908
129,0.038998419337946434,0.025131177481101906,1.3159818960272747,0.000129622349049896,0.7061271926631099,0.02782448210539641,0.3647503614425659,0.5147503614425659,1,6445,0.6008517146110535,0.6053152680397034,0.005900691729038954,1,1e-05,4.378855466842651,0.23357650637626648,0.10011184960603714,0.2612653374671936,0.07244041562080383,0.13237279653549194,0.1318439096212387,0.6008517146110535,0.11017308384180069,0.16609656810760498,0.23537997901439667,0.06242766231298447,0.17981518805027008,0.5919026136398315,0.3762689530849457,0.019376114010810852,0.12476636469364166,0.14827819168567657,0.20546995103359222,0.06694377213716507,0.16051915287971497,0.5044113397598267,0.3360794186592102,0.01894972287118435,0.10565647482872009,0.13845321536064148,0.24049197137355804,0.2777860760688782,0.10831038653850555,0.28905272483825684,0.361835777759552,0.03471050411462784,0.14851869642734528
130,0.03942604233389315,0.02556114943455095,1.3156593882519265,0.00012935689807383588,0.7070054282312808,0.02860071083351418,0.36715046167373655,0.5171504616737366,1,6445,0.610264778137207,0.6138898134231567,0.005132819525897503,1,1e-05,4.371187686920166,0.23239237070083618,0.10126995295286179,0.2631834149360657,0.06905330717563629,0.13224568963050842,0.13266700506210327,0.610264778137207,0.11049312353134155,0.16887319087982178,0.24087829887866974,0.06347239017486572,0.17665493488311768,0.5926588773727417,0.381377637386322,0.018821710720658302,0.1265932321548462,0.14981719851493835,0.21167805790901184,0.06790230423212051,0.1585688292980194,0.5045560598373413,0.3406381905078888,0.0188637375831604,0.10667002946138382,0.1398606300354004,0.24632181227207184,0.27623918652534485,0.10711583495140076,0.28845372796058655,0.36112210154533386,0.034626249223947525,0.1488184928894043
131,0.039357598547054375,0.02549520410273386,1.3154229806817097,0.0001326224288356531,0.7068389265433602,0.02907385140878183,0.3663035988807678,0.5163035988807678,1,6445,0.6081169843673706,0.6218949556350708,0.004711360204964876,1,1e-05,4.406529903411865,0.23191887140274048,0.10219482332468033,0.2607671916484833,0.07345081120729446,0.13216552138328552,0.13258099555969238,0.6081169843673706,0.1095040887594223,0.1720462590456009,0.24893741309642792,0.06314513087272644,0.1937619149684906,0.5925926566123962,0.3873874843120575,0.018508797511458397,0.12895320355892181,0.15264560282230377,0.2164255827665329,0.06751014292240143,0.17478108406066895,0.5038588643074036,0.344327449798584,0.018651217222213745,0.10644590854644775,0.140916109085083,0.24838785827159882,0.2784961760044098,0.11253418028354645,0.28830787539482117,0.3606460988521576,0.034595418721437454,0.1454930156469345
132,0.03946366938559905,0.025604866040141686,1.3151145033214404,0.0001209529142690134,0.7064490655194158,0.027984825416847513,0.3672411203384399,0.5172411203384399,1,6445,0.6131169199943542,0.6070812344551086,0.005186972673982382,1,1e-05,4.387190341949463,0.23321688175201416,0.09995951503515244,0.2625136375427246,0.07204733788967133,0.1320905089378357,0.13022831082344055,0.6131169199943542,0.10893823951482773,0.16828086972236633,0.23023787140846252,0.06333272904157639,0.17723745107650757,0.5940103530883789,0.38131049275398254,0.01844429224729538,0.1271103024482727,0.1488184928894043,0.2028433084487915,0.0675903931260109,0.15970005095005035,0.5046130418777466,0.33780235052108765,0.01849777065217495,0.10695303231477737,0.1386920064687729,0.2357805371284485,0.27571457624435425,0.10852781683206558,0.2888185679912567,0.3572240173816681,0.034448496997356415,0.14654849469661713
133,0.0392881220449572,0.02543388266602288,1.3146688057028728,0.000131700886413455,0.7062348904817001,0.02761015319824219,0.36355540752410886,0.5135554075241089,1,6445,0.6022495031356812,0.619813084602356,0.005059613846242428,1,1e-05,4.419659376144409,0.22396895289421082,0.10037069022655487,0.2617228329181671,0.07233557850122452,0.13221007585525513,0.13269564509391785,0.6022495031356812,0.11074335873126984,0.1768645942211151,0.23391181230545044,0.06576526910066605,0.18175432085990906,0.5922693014144897,0.3869944214820862,0.01926751434803009,0.1294425129890442,0.15675754845142365,0.20436374843120575,0.06968292593955994,0.16496635973453522,0.505313515663147,0.34584498405456543,0.018983161076903343,0.10960740596055984,0.14186562597751617,0.23752176761627197,0.27742069959640503,0.11066307872533798,0.2889622747898102,0.3543892800807953,0.034477706998586655,0.14779716730117798
134,0.039217755522416985,0.025367290753385296,1.3143209685450015,0.00012473742263745922,0.706008343592934,0.02764359481246383,0.36408517360687254,0.5140851736068726,1,6445,0.601944625377655,0.6164952516555786,0.0052994173020124435,1,1e-05,4.381674289703369,0.23531582951545715,0.10118833929300308,0.26261353492736816,0.0736423209309578,0.13208995759487152,0.13276126980781555,0.601944625377655,0.1102934256196022,0.16844357550144196,0.23808880150318146,0.06254889816045761,0.18112464249134064,0.5930323004722595,0.3848910629749298,0.019337840378284454,0.12555493414402008,0.1507108211517334,0.20700432360172272,0.06731738895177841,0.16401158273220062,0.5042555332183838,0.34263014793395996,0.018971864134073257,0.10602021962404251,0.13904529809951782,0.2403385043144226,0.2778043746948242,0.11005248874425888,0.28872957825660706,0.3571082651615143,0.03456564247608185,0.14881381392478943
135,0.039322156459093094,0.02547614754218122,1.3139004810996677,0.00012245421005544537,0.7057800448459127,0.028480216414840134,0.36410382986068723,0.5141038298606873,1,6445,0.6007707118988037,0.5934708118438721,0.005803986452519894,1,1e-05,4.421259164810181,0.23566709458827972,0.09908003360033035,0.2609786093235016,0.07264963537454605,0.13249193131923676,0.13014808297157288,0.6007707118988037,0.11169663816690445,0.16560836136341095,0.2233908623456955,0.06294220685958862,0.18352971971035004,0.5920042395591736,0.37140923738479614,0.019967680796980858,0.12792842090129852,0.146409809589386,0.19840866327285767,0.06721337884664536,0.16576923429965973,0.506020724773407,0.3302841782569885,0.019375713542103767,0.10799749940633774,0.13567200303077698,0.23551133275032043,0.27762189507484436,0.11124079674482346,0.28915277123451233,0.3576195538043976,0.034531738609075546,0.1513989269733429
136,0.03933723708209784,0.025492987959929134,1.3137016711027727,0.00013870456124372456,0.7058456047721531,0.02826113439489294,0.3662033438682556,0.5162033438682556,1,6445,0.6104767918586731,0.619653046131134,0.005397492554038763,1,1e-05,4.36712384223938,0.22944766283035278,0.10123424977064133,0.2608298659324646,0.07115001976490021,0.13216038048267365,0.1326688528060913,0.6104767918586731,0.10842899233102798,0.17447614669799805,0.24402742087841034,0.06423952430486679,0.17667840421199799,0.5923464894294739,0.38669317960739136,0.018993085250258446,0.12827929854393005,0.15520310401916504,0.2114357054233551,0.06844168901443481,0.15906988084316254,0.5041310787200928,0.34387877583503723,0.01890794187784195,0.10815455764532089,0.14240843057632446,0.23950527608394623,0.27634671330451965,0.10652099549770355,0.28862205147743225,0.35785892605781555,0.034591056406497955,0.1489235758781433
137,0.03940186487591785,0.025559916687400444,1.3135550281275874,0.00011504993523450811,0.705247876436814,0.02747879367404514,0.3636839151382446,0.5136839151382446,1,6445,0.6024984121322632,0.6103395819664001,0.0057235900312662125,1,1e-05,4.345364332199097,0.22884073853492737,0.10052447766065598,0.26268646121025085,0.07376493513584137,0.1322745382785797,0.13179680705070496,0.6024984121322632,0.11185786128044128,0.17026323080062866,0.2368045449256897,0.06392663717269897,0.18336330354213715,0.5925699472427368,0.38214144110679626,0.019722769036889076,0.12702636420726776,0.15213175117969513,0.2056158035993576,0.06805764883756638,0.164520263671875,0.5049276947975159,0.3399132192134857,0.01926882378757,0.10772155970335007,0.13932015001773834,0.23435330390930176,0.2770857512950897,0.11059454828500748,0.28898167610168457,0.3547396957874298,0.034780435264110565,0.14962419867515564
