epoch,train_total,train_recon,train_mixing,train_zero_recon,train_z_l2,val_recon,val_separation,sep_base,n_dup,tops,clean_max_corr,max_pair_corr,min_energy_ratio,n_dead,lr,sec,corr_e0_x_clean,corr_e1_x_clean,corr_e2_x_clean,corr_e3_x_clean,corr_e0_bw,corr_e1_bw,corr_e2_bw,corr_e3_bw,corr_e0_ma,corr_e1_ma,corr_e2_ma,corr_e3_ma,corr_e0_em,corr_e1_em,corr_e2_em,corr_e3_em
1,0.3295561599990596,0.311594400068988,1.5379840239234592,0.12529963030196403,1.3289284084154211,0.15110666684751156,-0.11558250784873958,0.3344174921512604,3,1111,0.11643950641155243,0.6680532693862915,0.07172106206417084,0,0.001,3.6757853031158447,0.10900263488292694,0.11643950641155243,0.10154709219932556,0.0912882536649704,0.4565220773220062,0.5632254481315613,0.38023343682289124,0.40827476978302,0.3604825735092163,0.40428078174591064,0.28899866342544556,0.3451577425003052,0.2150835543870926,0.25372424721717834,0.18000099062919617,0.20723357796669006
2,0.22251130057417828,0.20546949622423752,1.5270888753559277,0.026336099633582584,1.507553774377574,0.1483157484266493,-0.12598348855972286,0.3240165114402771,3,1111,0.118459552526474,0.6647491455078125,0.0309384074062109,0,0.001,3.2177810668945312,0.11034361273050308,0.118459552526474,0.09071283787488937,0.09129992127418518,0.45406126976013184,0.53642737865448,0.3491450250148773,0.3284459412097931,0.36088627576828003,0.3952440023422241,0.295065313577652,0.32558518648147583,0.21022720634937286,0.24593514204025269,0.16958680748939514,0.17819634079933167
3,0.20206258478371994,0.18567858377228613,1.5084521666817043,0.004211171303683406,1.2573668645775837,0.1285496939199942,0.05399436950683595,0.35399436950683594,2,2111,0.12304910272359848,0.6702682375907898,0.08467802405357361,0,0.001,3.2435262203216553,0.11353049427270889,0.11840006709098816,0.12304910272359848,0.10201508551836014,0.46343863010406494,0.5802422165870667,0.4501904845237732,0.4899260401725769,0.3754003345966339,0.4481589198112488,0.44279488921165466,0.42250746488571167,0.21778665482997894,0.2645273804664612,0.22508181631565094,0.23756448924541473
4,0.1985617837180262,0.18264448901881342,1.4835745562677798,0.004156395539884334,1.0399862942488298,0.12019009286385995,0.06266756057739259,0.3626675605773926,2,2112,0.12912100553512573,0.6285669803619385,0.11270852386951447,0,0.001,3.234372615814209,0.1126815527677536,0.12031979113817215,0.12912100553512573,0.10148768126964569,0.43858960270881653,0.5665724277496338,0.33741867542266846,0.4724116921424866,0.3906843662261963,0.4610835015773773,0.330775648355484,0.43124186992645264,0.20987986028194427,0.26153382658958435,0.29389330744743347,0.23157599568367004
5,0.181669554632643,0.16612191951793173,1.4592947648919148,0.0027087016927037876,0.9276031670363053,0.10731128155743634,0.08229429721832277,0.38229429721832275,2,2112,0.13808035850524902,0.6477819681167603,0.08211024850606918,0,0.001,3.2187511920928955,0.11418353766202927,0.12178901582956314,0.13808035850524902,0.10566335916519165,0.43172839283943176,0.5714764595031738,0.2803579568862915,0.47892171144485474,0.38064995408058167,0.4481150209903717,0.269144207239151,0.4263351559638977,0.21527357399463654,0.2671131193637848,0.3715053200721741,0.23799215257167816
6,0.17330970777117688,0.15818650502225626,1.4313787170078442,0.0011123413430101684,0.7982914758765179,0.11225883201316551,0.0868866264820099,0.3868866264820099,2,2112,0.16392327845096588,0.6369814872741699,0.06555014848709106,0,0.001,3.2122488021850586,0.12130141258239746,0.12469272315502167,0.16392327845096588,0.10149328410625458,0.43247073888778687,0.5869076251983643,0.21401429176330566,0.4036474823951721,0.37837210297584534,0.46108049154281616,0.22872060537338257,0.38538262248039246,0.2223588079214096,0.2748553156852722,0.33563509583473206,0.2051055133342743
7,0.16807782649993896,0.15328457627607428,1.4031236171722412,0.0031840153792670562,0.7301778015883073,0.10696788194444444,0.09206090569496156,0.39206090569496155,2,2112,0.17221488058567047,0.7071546912193298,0.10806547105312347,0,0.001,3.2495858669281006,0.12209487706422806,0.12461330741643906,0.17221488058567047,0.10581839084625244,0.4698672592639923,0.5774703621864319,0.17995141446590424,0.4455428123474121,0.4080847501754761,0.46242809295654297,0.20135007798671722,0.4190179705619812,0.23650731146335602,0.2778799533843994,0.3561302125453949,0.22620905935764313
8,0.16136430592640585,0.14686457683210788,1.376985409985418,0.001228960547292524,0.7175863229710123,0.10412932219328704,0.06968094110488893,0.3696809411048889,2,2112,0.17810294032096863,0.5936146378517151,0.05775441229343414,0,0.001,3.2340128421783447,0.1141194999217987,0.11955466866493225,0.17810294032096863,0.1057862788438797,0.38802358508110046,0.5728587508201599,0.1632697880268097,0.4654441177845001,0.3390978276729584,0.4327112138271332,0.17054830491542816,0.4070831835269928,0.20788919925689697,0.2670728862285614,0.29505085945129395,0.23065750300884247
9,0.15165710125280463,0.13742056262233984,1.353516936302185,0.0008129278190292256,0.6932397484779358,0.09543992332175925,0.09178004860877992,0.3917800486087799,2,2112,0.23307189345359802,0.6646474003791809,0.08853033185005188,0,0.001,3.244054079055786,0.11864712089300156,0.12529155611991882,0.23307189345359802,0.10674749314785004,0.4327525496482849,0.5768165588378906,0.11978413164615631,0.4643649756908417,0.3662099838256836,0.4545019268989563,0.12651175260543823,0.42637428641319275,0.22268827259540558,0.2779473066329956,0.3027297556400299,0.23331165313720703
10,0.14271885739720386,0.12870962561472601,1.3317779717238054,0.0011054028341870594,0.6803979795912037,0.09909532448097512,0.0976687788963318,0.3976687788963318,2,2111,0.28580838441848755,0.6354474425315857,0.11031582951545715,0,0.001,3.2696313858032227,0.12919263541698456,0.1284237802028656,0.28580838441848755,0.10877161473035812,0.4058918356895447,0.5630273222923279,0.06429760158061981,0.47485941648483276,0.38448405265808105,0.4496139883995056,0.06941317766904831,0.4329564869403839,0.24357342720031738,0.29222533106803894,0.22738796472549438,0.23799823224544525
11,0.13729363712279694,0.12340888737336449,1.3157668113708496,0.00395920443976217,0.68748648788618,0.09693417019314236,0.22709224224090577,0.37709224224090576,1,2131,0.2624131143093109,0.4990609288215637,0.11018480360507965,0,0.001,3.384000778198242,0.11785776168107986,0.12497280538082123,0.2624131143093109,0.11151072382926941,0.3182132840156555,0.5185820460319519,0.05534263700246811,0.46375444531440735,0.30714693665504456,0.4127867519855499,0.0548233799636364,0.42680624127388,0.2239997684955597,0.3005675971508026,0.13543884456157684,0.23855473101139069
12,0.12978731192972348,0.11604223108809927,1.3025350000547327,0.001500646900081926,0.7047264446382937,0.07999802200882523,0.12370933294296266,0.42370933294296265,2,2111,0.3593352735042572,0.5923688411712646,0.10020904242992401,0,0.001,3.4112329483032227,0.12490081787109375,0.12876811623573303,0.3593352735042572,0.11473056674003601,0.36250707507133484,0.5578116178512573,0.03442908823490143,0.46191003918647766,0.3414625823497772,0.4512158930301666,0.040271367877721786,0.4347347915172577,0.27606555819511414,0.32647448778152466,0.17782250046730042,0.247841939330101
13,0.11801642471033594,0.10443686596725298,1.2872934548751167,0.0006755871961460165,0.6998679560163746,0.07397385208695023,0.28730074167251585,0.43730074167251587,1,2131,0.4477413296699524,0.626100480556488,0.09356599301099777,0,0.001,3.4049506187438965,0.12958964705467224,0.13182786107063293,0.4477413296699524,0.11803801357746124,0.35575753450393677,0.5379663109779358,0.039542995393276215,0.4646410048007965,0.324066698551178,0.4307996928691864,0.039677105844020844,0.4334270656108856,0.29363346099853516,0.3300682306289673,0.10835686326026917,0.24864602088928223
14,0.10808629639770674,0.09467806667089462,1.271471153134885,0.0011803718352103201,0.6817124796950299,0.06570149852611401,0.1674685597419739,0.4674685597419739,2,2111,0.5561293363571167,0.6120100021362305,0.10952994227409363,0,0.001,3.3715336322784424,0.13094162940979004,0.1316189169883728,0.5561293363571167,0.11967364698648453,0.3594185709953308,0.5423718094825745,0.04266337677836418,0.4728333055973053,0.321115106344223,0.43740156292915344,0.04167540371417999,0.4360775351524353,0.2973015010356903,0.3339715600013733,0.08992810547351837,0.25570717453956604
15,0.11556613348100496,0.10231490757154382,1.2560415371604587,0.001619905904036663,0.6746117083922677,0.07535224745008681,0.2976521611213684,0.4476521611213684,1,2131,0.4907935857772827,0.6100321412086487,0.1348462849855423,0,0.001,3.362278461456299,0.1414041370153427,0.13496413826942444,0.4907935857772827,0.12600474059581757,0.33853229880332947,0.5268813967704773,0.02620110660791397,0.45931071043014526,0.31545621156692505,0.4252689480781555,0.02995735965669155,0.4354054033756256,0.2993695139884949,0.3375282883644104,0.1075935885310173,0.26084664463996887
16,0.10513559599285541,0.09198716930721117,1.2446885212608005,0.0017422160763880643,0.6841208468312803,0.06343726603190104,0.18283347487449647,0.48283347487449646,2,2111,0.6203258037567139,0.5952548384666443,0.1098509132862091,0,0.001,3.366581439971924,0.15013420581817627,0.13518176972866058,0.6203258037567139,0.11692826449871063,0.32477426528930664,0.5384009480476379,0.02320745214819908,0.4597424268722534,0.30753421783447266,0.4374759793281555,0.024472102522850037,0.4289970099925995,0.30677932500839233,0.3351312577724457,0.06575781852006912,0.2561187446117401
17,0.09797589221726292,0.08493468489335931,1.2330492994059687,0.0037336676335974557,0.673378542713497,0.0540446935583044,0.18874089121818544,0.4887408912181854,2,2111,0.6387335658073425,0.5323033332824707,0.07730855792760849,0,0.001,3.3451242446899414,0.13823403418064117,0.13896754384040833,0.6387335658073425,0.12022585421800613,0.3021898865699768,0.5350674986839294,0.026466721668839455,0.45496541261672974,0.27697181701660156,0.43730631470680237,0.02618557959794998,0.42803889513015747,0.2760147452354431,0.34385621547698975,0.058119501918554306,0.25900888442993164
18,0.09440742918978566,0.08153736332188481,1.2207988707915596,0.0008375556195539463,0.6537026244661083,0.06899706918221933,0.3137438058853149,0.46374380588531494,1,2131,0.5493605732917786,0.5877751111984253,0.11246244609355927,0,0.001,3.3396172523498535,0.1539604663848877,0.1384459137916565,0.5493605732917786,0.12089113891124725,0.34372788667678833,0.5313987731933594,0.03209443390369415,0.47041457891464233,0.31374475359916687,0.43355676531791687,0.03097323328256607,0.4372679591178894,0.30021652579307556,0.3369479477405548,0.06094963103532791,0.26745858788490295
19,0.09779151205135428,0.08501094255758368,1.2097324340239815,0.0018067814804532607,0.6651763138563737,0.05808397081163195,0.32613340616226194,0.47613340616226196,1,2131,0.6139248609542847,0.5296834707260132,0.10059424489736557,0,0.001,3.3610286712646484,0.12949596345424652,0.13939210772514343,0.6139248609542847,0.12000101059675217,0.321321040391922,0.5273547768592834,0.016442477703094482,0.4709596633911133,0.28165560960769653,0.4282507598400116,0.018017245456576347,0.4321909546852112,0.25391271710395813,0.33106306195259094,0.052341073751449585,0.2693849205970764
20,0.0879014539329902,0.07520903193432352,1.2011130996372388,0.0010016298632684122,0.6712756390156953,0.050227410775643806,0.19523171782493592,0.4952317178249359,2,2111,0.6803329586982727,0.49776196479797363,0.08014077693223953,0,0.001,3.3281941413879395,0.13958552479743958,0.14158830046653748,0.6803329586982727,0.1199621856212616,0.2782883644104004,0.5271341800689697,0.01617036759853363,0.4432079493999481,0.2597787082195282,0.4332429766654968,0.01700504869222641,0.42356568574905396,0.2569394111633301,0.3402167856693268,0.042269524186849594,0.25784531235694885
21,0.08641672263974728,0.07383891583784767,1.191601100175277,0.0006942848817941368,0.6548517139061637,0.05922795839662905,0.3337129712104797,0.48371297121047974,1,2131,0.6589038372039795,0.5033733248710632,0.07665669918060303,0,0.001,3.3292860984802246,0.16397979855537415,0.14102669060230255,0.6589038372039795,0.12784068286418915,0.28059878945350647,0.5248899459838867,0.014819606207311153,0.45012688636779785,0.2572501599788666,0.4191080629825592,0.01568394899368286,0.42365121841430664,0.27866995334625244,0.3274068236351013,0.04261352866888046,0.2715957760810852
22,0.08145349958668584,0.06893590076462082,1.1834428103073784,0.0025174209440592676,0.6579973283021346,0.049844884801793984,0.1942781925201416,0.4942781925201416,2,2111,0.6835966110229492,0.5059865713119507,0.07744582742452621,0,0.001,3.3527486324310303,0.16743341088294983,0.14576411247253418,0.6835966110229492,0.12740501761436462,0.26472896337509155,0.5252438187599182,0.024575283750891685,0.4353085458278656,0.2323208600282669,0.4298211634159088,0.02321052737534046,0.4147433936595917,0.27778980135917664,0.33845120668411255,0.03974767029285431,0.2662334442138672
23,0.07624943619189055,0.06385670650912367,1.1736494561900264,0.00043625961331164706,0.6518721373184867,0.04759338039822049,0.19939277768135072,0.4993927776813507,2,2111,0.700455904006958,0.5218349099159241,0.06201424077153206,0,0.001,3.313397169113159,0.1790449172258377,0.14952731132507324,0.700455904006958,0.1285691261291504,0.26042839884757996,0.5179048776626587,0.019640732556581497,0.4517633616924286,0.23572969436645508,0.43034836649894714,0.019121041521430016,0.42321649193763733,0.2742291986942291,0.348861962556839,0.03629510849714279,0.27169594168663025
24,0.07703688902699429,0.06474632251521815,1.1638586987619814,0.00028604553928902453,0.6491197814112124,0.04445201506438079,0.20173318386077882,0.5017331838607788,2,2111,0.6975452899932861,0.5079600214958191,0.0882149264216423,0,0.001,3.407646656036377,0.19504976272583008,0.1490674465894699,0.6975452899932861,0.12382369488477707,0.2854436933994293,0.5264081954956055,0.022413888946175575,0.4475775957107544,0.25669488310813904,0.4385298788547516,0.022284718230366707,0.42298224568367004,0.3139987587928772,0.3444494307041168,0.03703480586409569,0.26423782110214233
25,0.07277076108300168,0.06055413137959397,1.1558812856674194,0.00026771260309033096,0.655140933783158,0.040353100811993635,0.19795603752136232,0.4979560375213623,2,2111,0.7062111496925354,0.509527325630188,0.057477857917547226,0,0.001,3.350862979888916,0.2035609483718872,0.15310394763946533,0.7062111496925354,0.12713751196861267,0.23500126600265503,0.5086479187011719,0.020265119150280952,0.447555273771286,0.21245823800563812,0.4275453984737396,0.020326243713498116,0.4246886670589447,0.3133581280708313,0.34941965341567993,0.03246615082025528,0.2734299302101135
26,0.0746385672170183,0.06251359245051509,1.146371048429738,0.00024283314300903484,0.6588356443073439,0.04133935546875,0.19617594480514527,0.49617594480514526,2,2111,0.6867937445640564,0.5157223343849182,0.048913490027189255,0,0.001,3.31648325920105,0.19610388576984406,0.1500849574804306,0.6867937445640564,0.1290268450975418,0.19497638940811157,0.5221622586250305,0.021508395671844482,0.44570642709732056,0.18306387960910797,0.430411696434021,0.020938271656632423,0.4221963882446289,0.3231762945652008,0.34533607959747314,0.035761166363954544,0.2739298343658447
27,0.06916168753219687,0.05712200263920038,1.1375574236330779,0.0003526043700454149,0.6605851287427156,0.04082242386429398,0.34693983793258665,0.49693983793258667,1,2131,0.7058120369911194,0.5132988691329956,0.05839928612112999,0,0.001,3.3236243724823,0.18221308290958405,0.14979468286037445,0.7058120369911194,0.12584367394447327,0.20718437433242798,0.5138541460037231,0.0179290808737278,0.45978569984436035,0.1827668994665146,0.41943833231925964,0.01836341992020607,0.42669081687927246,0.331179141998291,0.3414022624492645,0.032421331852674484,0.27724650502204895
28,0.06142140017903369,0.04946369224268457,1.1293502527734507,0.0004158002158637037,0.6600479613179746,0.03699617399992766,0.35309830904006956,0.5030983090400696,1,2110,0.6939340829849243,0.5236184597015381,0.05287797749042511,0,0.001,3.316438674926758,0.19543252885341644,0.15153636038303375,0.6939340829849243,0.1302831619977951,0.2038591206073761,0.5301101803779602,0.02245008945465088,0.43856409192085266,0.1807183027267456,0.43908149003982544,0.021868038922548294,0.41590216755867004,0.34926751255989075,0.3473894000053406,0.03214993327856064,0.27844473719596863
29,0.06047142102666523,0.04862301051616669,1.1194285828134287,0.0002911824786165,0.651213016199029,0.039377827962239584,0.19515712261199952,0.4951571226119995,2,2111,0.6963331699371338,0.4782416820526123,0.04107944667339325,0,0.001,3.3308780193328857,0.17796890437602997,0.15103498101234436,0.6963331699371338,0.12964393198490143,0.1915859878063202,0.5192742943763733,0.01701044850051403,0.4276289939880371,0.17155654728412628,0.42695164680480957,0.017458872869610786,0.40716370940208435,0.3260103762149811,0.33806943893432617,0.02970515750348568,0.2718822658061981
30,0.057197551040545754,0.04544247848832089,1.1097637103951496,0.0003845936614949175,0.6535899509554324,0.03417722687897859,0.20268548727035524,0.5026854872703552,2,2111,0.7031913995742798,0.5079585313796997,0.04198092594742775,0,0.001,3.331329584121704,0.1830459088087082,0.1514567732810974,0.7031913995742798,0.12766443192958832,0.1709117442369461,0.5215595960617065,0.016366245225071907,0.43640008568763733,0.15643030405044556,0.4368654489517212,0.017531095072627068,0.41577932238578796,0.3415096402168274,0.34912559390068054,0.029665764421224594,0.2804456651210785
31,0.056093594626240105,0.04444650544420532,1.0997943826343701,0.0002980425386973049,0.646165889242421,0.03444584373191551,0.35561553239822385,0.5056155323982239,1,2110,0.6921525001525879,0.5151312351226807,0.042557381093502045,0,0.001,3.3099758625030518,0.19710849225521088,0.1526767611503601,0.6921525001525879,0.13030369579792023,0.19460086524486542,0.5331456065177917,0.01949947141110897,0.42804911732673645,0.1738332211971283,0.44484201073646545,0.01987249217927456,0.41093525290489197,0.3523220121860504,0.3483894169330597,0.03316633403301239,0.2753882110118866
32,0.055502862548050674,0.04394913999282796,1.0901888660762622,0.00023686901524501002,0.6494657500930454,0.03274203660753038,0.3611313462257385,0.5111313462257385,1,2110,0.730022132396698,0.5057457089424133,0.04199701175093651,0,0.001,3.305283546447754,0.1938062310218811,0.15080580115318298,0.730022132396698,0.13184167444705963,0.14687992632389069,0.5250207781791687,0.02012328803539276,0.43148136138916016,0.1374635547399521,0.4347427487373352,0.02032843604683876,0.41173359751701355,0.3547397255897522,0.3411214053630829,0.03175327181816101,0.28102627396583557
33,0.05534357820516047,0.04387407377362251,1.0816630487856658,0.00038560171252238035,0.6490182410115781,0.03382551461678964,0.3549638748168945,0.5049638748168945,1,2110,0.6983045935630798,0.5142408609390259,0.03415527194738388,0,0.001,3.3115224838256836,0.1886131763458252,0.151109516620636,0.6983045935630798,0.12947820127010345,0.13656780123710632,0.531470537185669,0.02131342515349388,0.43705666065216064,0.13163404166698456,0.442656934261322,0.020955989137291908,0.4116612672805786,0.34742340445518494,0.34640660881996155,0.03055557608604431,0.27829164266586304
34,0.05420293464608814,0.042816562173159226,1.0732747575511103,0.0005629679881562681,0.6479953786601191,0.035738677978515626,0.19546182155609132,0.4954618215560913,2,2111,0.6939767599105835,0.4878501296043396,0.03102773055434227,0,0.001,3.3138673305511475,0.18064171075820923,0.15093952417373657,0.6939767599105835,0.13249549269676208,0.1570856124162674,0.5179110765457153,0.018875403329730034,0.4273391366004944,0.14274899661540985,0.4304355978965759,0.018939433619379997,0.40605220198631287,0.3151177167892456,0.3395237326622009,0.029594922438263893,0.27783751487731934
35,0.05362228482313778,0.04231427204997643,1.0652673659117327,0.00048303431464338917,0.6505085100298342,0.03350926717122396,0.20913798809051515,0.5091379880905151,2,2111,0.7327137589454651,0.5004429817199707,0.03739406168460846,0,0.001,3.2992494106292725,0.1819719672203064,0.15179583430290222,0.7327137589454651,0.13193942606449127,0.12668690085411072,0.5214365124702454,0.01821129396557808,0.42516669631004333,0.11941475421190262,0.4360879957675934,0.01904277317225933,0.40704792737960815,0.3398140072822571,0.3463136553764343,0.03224688768386841,0.2816469073295593
36,0.05365617297913717,0.04242819984969885,1.0577537236006365,0.00030523434733091244,0.6473838609197865,0.029991330747251157,0.21125603914260865,0.5112560391426086,2,2111,0.7338534593582153,0.5174035429954529,0.024418538436293602,0,0.001,3.3340446949005127,0.17670653760433197,0.15207606554031372,0.7338534593582153,0.12968076765537262,0.11593957990407944,0.5283994674682617,0.018338724970817566,0.4356670379638672,0.1120925173163414,0.4402216374874115,0.0188393946737051,0.41281911730766296,0.31884291768074036,0.3425496518611908,0.029712267220020294,0.2813817858695984
37,0.05218383783231611,0.041025293909985085,1.0505815796230151,0.0005012773794790163,0.6477158769317295,0.03305143059624566,0.20399172306060792,0.5039917230606079,2,2111,0.7254250645637512,0.48270681500434875,0.02588922157883644,0,0.001,3.309401273727417,0.18356215953826904,0.15249375998973846,0.7254250645637512,0.12649722397327423,0.10996143519878387,0.5202577114105225,0.019639167934656143,0.4282524585723877,0.1099051684141159,0.43177029490470886,0.018781468272209167,0.40470460057258606,0.326067715883255,0.33851397037506104,0.02986915595829487,0.27632370591163635
38,0.051659161953822426,0.04058052971959114,1.0430497345717058,0.0003572755819692722,0.6445619386175404,0.03310514266402633,0.19631702899932862,0.4963170289993286,2,2111,0.6920738816261292,0.5148468613624573,0.025071602314710617,0,0.001,3.3088345527648926,0.17884613573551178,0.14985452592372894,0.6920738816261292,0.12905871868133545,0.11799166351556778,0.5235694646835327,0.020147696137428284,0.44512563943862915,0.11202948540449142,0.4317179024219513,0.020046154037117958,0.4151139557361603,0.32147911190986633,0.3379068672657013,0.031013071537017822,0.2842526435852051
39,0.048147092532852424,0.03715949497469093,1.0344259687091992,0.0002688121749088168,0.6406501998072085,0.026945050557454428,0.35977581739425657,0.5097758173942566,1,2110,0.7209151387214661,0.5079488158226013,0.028083326295018196,0,0.001,3.2912087440490723,0.18084758520126343,0.15220816433429718,0.7209151387214661,0.13243970274925232,0.10789550840854645,0.5297011137008667,0.018345672637224197,0.4279661774635315,0.11055285483598709,0.44262051582336426,0.01887127384543419,0.4097781181335449,0.34586644172668457,0.33943232893943787,0.02883666194975376,0.28182685375213623
40,0.04611952359909597,0.0352331616146409,1.0250674693480781,0.0003657682483089561,0.6320299454357313,0.02880411218713831,0.21413530111312867,0.5141353011131287,2,2111,0.7363905310630798,0.5152056217193604,0.029698804020881653,0,0.001,3.239229679107666,0.1887466460466385,0.15464389324188232,0.7363905310630798,0.13139815628528595,0.11610491573810577,0.5258046388626099,0.018051404505968094,0.4255205988883972,0.11435800045728683,0.4456356465816498,0.018560240045189857,0.40817877650260925,0.3238036334514618,0.34871047735214233,0.0287172831594944,0.2788207530975342
41,0.04776308329209038,0.036956689118043236,1.0174951553344727,0.00030220800038913023,0.6284208997436191,0.02725872011537905,0.20819361209869386,0.5081936120986938,2,2111,0.7219229340553284,0.5040247440338135,0.029970230534672737,0,0.001,3.285910129547119,0.1960100531578064,0.1533474326133728,0.7219229340553284,0.1302976757287979,0.12556658685207367,0.5264760255813599,0.02049396000802517,0.4303613603115082,0.11915663629770279,0.4415254592895508,0.020754143595695496,0.4093121886253357,0.33246517181396484,0.342849999666214,0.030570013448596,0.28051021695137024
42,0.04722453103117321,0.03649291671488596,1.0097307640573252,0.0002157719063689001,0.6321491521337758,0.027410239890769676,0.2108972191810608,0.5108972191810608,2,2111,0.7194169163703918,0.5128635764122009,0.02733185701072216,0,0.001,3.365633010864258,0.19758114218711853,0.15193220973014832,0.7194169163703918,0.1349012702703476,0.08140352368354797,0.5365720987319946,0.0216460432857275,0.4231167137622833,0.08804979920387268,0.4464908540248871,0.021545855328440666,0.4044780731201172,0.3316814601421356,0.34110885858535767,0.03200322017073631,0.2847222685813904
43,0.04504693639667138,0.03441571897786597,1.0008208725763403,0.00020748218293706685,0.6209342142809993,0.02964691925048828,0.2164080858230591,0.5164080858230591,2,2111,0.7265732884407043,0.536194384098053,0.02852773107588291,0,0.001,3.3646152019500732,0.191506028175354,0.1515304297208786,0.7265732884407043,0.13082773983478546,0.08918935060501099,0.5444023013114929,0.020591992884874344,0.4389900863170624,0.0919845923781395,0.45348435640335083,0.020742908120155334,0.41410860419273376,0.329683780670166,0.34117239713668823,0.03221026808023453,0.27907922863960266
44,0.0467342857433402,0.03618767193478087,0.9923271847807843,0.0003495411650004351,0.6198469607726388,0.027079811378761573,0.21469039916992189,0.5146903991699219,2,2111,0.7293609380722046,0.5430160164833069,0.025591233745217323,0,0.001,3.3691511154174805,0.1854504942893982,0.15264937281608582,0.7293609380722046,0.12911251187324524,0.11251019686460495,0.536645233631134,0.018793152645230293,0.43968915939331055,0.11110006272792816,0.44800686836242676,0.01935025490820408,0.4087323546409607,0.34289517998695374,0.3447484076023102,0.030963240191340446,0.28672829270362854
45,0.04588326374473779,0.03540988687587821,0.9851449054220448,0.00046987951550956654,0.617229163646698,0.02712902210376881,0.2115184783935547,0.5115184783935547,2,2111,0.7214693427085876,0.515243411064148,0.04366985708475113,0,0.001,3.4000041484832764,0.18201878666877747,0.1537979394197464,0.7214693427085876,0.132152259349823,0.09818096458911896,0.5342159271240234,0.019822632893919945,0.42717254161834717,0.09694718569517136,0.4474502205848694,0.02020188421010971,0.403152734041214,0.3350580632686615,0.34293830394744873,0.031125640496611595,0.2833116948604584
46,0.04531285280118818,0.03489739480225936,0.978847350763238,0.00053373717230937,0.621647368306699,0.02852457343207465,0.20878006219863893,0.5087800621986389,2,2111,0.7022063136100769,0.5213900804519653,0.026202881708741188,0,0.001,3.3846256732940674,0.16667689383029938,0.15328623354434967,0.7022063136100769,0.12852174043655396,0.09540783613920212,0.5369418859481812,0.020585376769304276,0.4230871796607971,0.09777621179819107,0.4528014361858368,0.02004242315888405,0.40522921085357666,0.3280549645423889,0.3431706130504608,0.029933562502264977,0.2787700593471527
47,0.044881825861723526,0.034546547123919365,0.971554300059443,0.00020998184924752897,0.6176366806030273,0.027209715666594327,0.21608097553253175,0.5160809755325317,2,2111,0.7416107654571533,0.5096006393432617,0.03203891962766647,0,0.001,3.379122257232666,0.194181889295578,0.15473733842372894,0.7416107654571533,0.13125748932361603,0.07665832340717316,0.5312601923942566,0.018113041296601295,0.4201369285583496,0.08478749543428421,0.4464172124862671,0.01819797046482563,0.398447185754776,0.3301943838596344,0.34503576159477234,0.03027336113154888,0.28127121925354004
48,0.04180648015893024,0.03155432965444482,0.9634707440500674,0.00035885588326693875,0.6138547529344973,0.024067788865831163,0.3645951509475708,0.5145951509475708,1,2110,0.7180683016777039,0.520904004573822,0.03556232899427414,0,0.001,3.3189094066619873,0.18787060678005219,0.15292973816394806,0.7180683016777039,0.13272704184055328,0.10349321365356445,0.5389080047607422,0.0194036103785038,0.42239803075790405,0.10479666292667389,0.451168417930603,0.019343864172697067,0.403692364692688,0.3502359092235565,0.34151068329811096,0.02953130565583706,0.2795046269893646
49,0.042125105695879975,0.031965195970690766,0.9549087441485861,0.00013956497929504385,0.6094267964363098,0.027737304122359665,0.20883203744888307,0.5088320374488831,2,2111,0.7041375637054443,0.5278205871582031,0.03629615902900696,0,0.001,3.2260236740112305,0.18410606682300568,0.15247730910778046,0.7041375637054443,0.1282505840063095,0.09006796777248383,0.5389618873596191,0.025051956996321678,0.43513375520706177,0.09181953966617584,0.45166465640068054,0.02457837387919426,0.41188302636146545,0.3332879841327667,0.34056395292282104,0.03141293302178383,0.28136610984802246
50,0.04314590115909991,0.033061198809224625,0.9474918375844541,0.0004887959528233572,0.6048966361128766,0.0278965001989294,0.21756936311721803,0.517569363117218,2,2111,0.7348678708076477,0.516848623752594,0.030428748577833176,0,0.0001,3.2062857151031494,0.18330959975719452,0.15219920873641968,0.7348678708076477,0.13090413808822632,0.10547434538602829,0.5452714562416077,0.018504420295357704,0.42303311824798584,0.10378284007310867,0.45288383960723877,0.018622998148202896,0.4062856435775757,0.3034549951553345,0.33725419640541077,0.028923526406288147,0.2755049169063568
51,0.039182874981475914,0.029142031122160995,0.9430918304816537,0.0002920632712472149,0.60700479797695,0.023047335589373552,0.21505070924758912,0.5150507092475891,2,2111,0.7364903688430786,0.5123304724693298,0.028004799038171768,0,0.0001,3.216923236846924,0.1773056983947754,0.15477359294891357,0.7364903688430786,0.13111640512943268,0.09071096777915955,0.531757116317749,0.018233032897114754,0.42071178555488586,0.09191470593214035,0.44836562871932983,0.018465667963027954,0.4014437794685364,0.3185582756996155,0.3435898423194885,0.028015274554491043,0.28151947259902954
52,0.03661978244781494,0.026601574100230053,0.9413160914960115,9.180406904425067e-05,0.6041297264721083,0.02387320426658348,0.21527148485183717,0.5152714848518372,2,2111,0.7308616638183594,0.5087809562683105,0.02717166766524315,0,0.0001,3.2032649517059326,0.1814292073249817,0.1526949554681778,0.7308616638183594,0.13103659451007843,0.09023342281579971,0.539691150188446,0.01758827641606331,0.4192561209201813,0.09085600078105927,0.4506656229496002,0.01819457672536373,0.401075154542923,0.31618639826774597,0.3398674726486206,0.02745455503463745,0.27685850858688354
53,0.0361215865806393,0.026121732819339504,0.9396886125854824,0.0001111839219052142,0.6018566852030547,0.021974420618127894,0.21653975248336793,0.5165397524833679,2,2111,0.7347823977470398,0.5255336761474609,0.027342360466718674,0,0.0001,3.2050211429595947,0.17828945815563202,0.15232649445533752,0.7347823977470398,0.13235604763031006,0.07893412560224533,0.5399798154830933,0.01814156025648117,0.42500320076942444,0.08170602470636368,0.45183756947517395,0.018684227019548416,0.4033050537109375,0.30937036871910095,0.33955931663513184,0.027868226170539856,0.2811509072780609
54,0.03595601929270703,0.025972778544477795,0.9382743887279344,0.00010887877420906949,0.5994083699972733,0.0229047772442853,0.2131223201751709,0.5131223201751709,2,2111,0.7296170592308044,0.5111912488937378,0.025596173480153084,0,0.0001,3.2011871337890625,0.17393705248832703,0.1516922265291214,0.7296170592308044,0.13275760412216187,0.07617835700511932,0.5371540188789368,0.01756211556494236,0.42319369316101074,0.0776723325252533,0.44735121726989746,0.018226563930511475,0.4023255407810211,0.29861631989479065,0.3383670747280121,0.02767014317214489,0.2795329689979553
55,0.036620357600243195,0.02665154133801875,0.9370461572771487,0.00010848545776831958,0.5972699522972107,0.023506720648871528,0.21305222511291505,0.513052225112915,2,2111,0.7328712940216064,0.5101502537727356,0.02924693375825882,0,0.0001,3.1968436241149902,0.18142519891262054,0.1531783491373062,0.7328712940216064,0.13483691215515137,0.0770421028137207,0.533588707447052,0.018016908317804337,0.4236763119697571,0.08082520961761475,0.44678398966789246,0.018383843824267387,0.4042355716228485,0.30831095576286316,0.3389648497104645,0.02771122381091118,0.27975159883499146
56,0.036130355266125305,0.026175087722747223,0.9358185296473296,0.00010437765203001301,0.5960391422976619,0.023141230830439816,0.2140964984893799,0.5140964984893799,2,2111,0.7292800545692444,0.5115181803703308,0.030474359169602394,0,0.0001,3.1942508220672607,0.1789616197347641,0.15406063199043274,0.7292800545692444,0.13386668264865875,0.0810982882976532,0.5359392762184143,0.017918521538376808,0.4187941253185272,0.08352328091859818,0.45011478662490845,0.018610356375575066,0.4004462659358978,0.32117751240730286,0.34105169773101807,0.027857821434736252,0.28080448508262634
57,0.03550734289962312,0.02556687083257281,0.9345191354336946,9.621254835308164e-05,0.5943185816640439,0.023983973750361688,0.21603615283966066,0.5160361528396606,2,2111,0.7272557020187378,0.5074968338012695,0.025624098256230354,0,0.0001,3.2049572467803955,0.18031300604343414,0.1530676931142807,0.7272557020187378,0.13207337260246277,0.08344496786594391,0.5427496433258057,0.01715988852083683,0.4111897051334381,0.08572860807180405,0.4550189673900604,0.01815693825483322,0.39693698287010193,0.3130047917366028,0.3391202390193939,0.027551595121622086,0.27757322788238525
58,0.035766933599243995,0.025839837510948597,0.9332691793856414,9.411780363576406e-05,0.593463553034741,0.022166888484248408,0.21297110319137574,0.5129711031913757,2,2111,0.7317180633544922,0.5171215534210205,0.026982363313436508,0,0.0001,3.2031733989715576,0.17937754094600677,0.15360984206199646,0.7317180633544922,0.13424058258533478,0.0779707059264183,0.5330027341842651,0.017939625307917595,0.427346408367157,0.07978997379541397,0.4461291432380676,0.018407611176371574,0.40366679430007935,0.3063000440597534,0.3410343825817108,0.027583645656704903,0.28062641620635986
59,0.035411742070446846,0.02549763890388219,0.9321209036785624,0.0001011823598831973,0.59188312292099,0.022563983493381075,0.21905965805053712,0.5190596580505371,2,2111,0.7401424050331116,0.5193696022033691,0.0262287724763155,0,0.0001,3.197813034057617,0.1813257336616516,0.1524471640586853,0.7401424050331116,0.13188672065734863,0.07219315320253372,0.5435871481895447,0.017505045980215073,0.4226078689098358,0.07656492292881012,0.4540036916732788,0.0184103325009346,0.4020507037639618,0.30828309059143066,0.33850526809692383,0.028282806277275085,0.27875757217407227
60,0.03572018250175144,0.0258197117920803,0.9308545252551204,8.853760316370703e-05,0.5910401681195134,0.022706745288990162,0.21533985137939454,0.5153398513793945,2,2111,0.7305520176887512,0.4996200203895569,0.02478662133216858,0,0.0001,3.195730686187744,0.17858608067035675,0.15388880670070648,0.7305520176887512,0.13080351054668427,0.08740455657243729,0.5386882424354553,0.016879545524716377,0.40892916917800903,0.08771859854459763,0.451820969581604,0.01759638823568821,0.3945018947124481,0.32046008110046387,0.3402981758117676,0.027503062039613724,0.2785009741783142
61,0.03568430034362752,0.02579682854854542,0.9297106084616288,9.152764718949228e-05,0.589450470779253,0.0233462643093533,0.21626271009445192,0.5162627100944519,2,2111,0.731497585773468,0.5137359499931335,0.025082549080252647,0,0.0001,3.1895031929016113,0.1780492216348648,0.15317894518375397,0.731497585773468,0.13157939910888672,0.07895179092884064,0.5405538082122803,0.017677702009677887,0.41937148571014404,0.08078053593635559,0.4526006281375885,0.01823890022933483,0.4001562297344208,0.31381797790527344,0.34039896726608276,0.027559569105505943,0.27845725417137146
62,0.03535801755345386,0.025483414692723232,0.9284884437270786,9.646459132098876e-05,0.5887536691582721,0.022502376132541232,0.21663762331008912,0.5166376233100891,2,2111,0.7397560477256775,0.5107142329216003,0.029005134478211403,0,0.0001,3.1880292892456055,0.17985697090625763,0.15289880335330963,0.7397560477256775,0.13333620131015778,0.06682603806257248,0.5369910001754761,0.018226612359285355,0.42021307349205017,0.0701509565114975,0.4497150480747223,0.01885644532740116,0.39990904927253723,0.30540287494659424,0.3400885760784149,0.028329074382781982,0.28097525238990784
63,0.03548930844534998,0.02562736136757809,0.9273569480232571,9.25081691568029e-05,0.5874527511389359,0.023880601671006946,0.21726925373077394,0.5172692537307739,2,2111,0.7330623269081116,0.5121230483055115,0.022108135744929314,0,0.0001,3.1856651306152344,0.17412574589252472,0.15297214686870575,0.7330623269081116,0.13156573474407196,0.06604491919279099,0.5437244772911072,0.018143106251955032,0.4178291857242584,0.06904051452875137,0.4546850919723511,0.018902285024523735,0.4010888636112213,0.3088773190975189,0.33760517835617065,0.027896786108613014,0.2769348919391632
64,0.03522741324875666,0.025379656287639038,0.9260440287382706,8.395535468994437e-05,0.5864776606145112,0.022645308317961518,0.2158272385597229,0.5158272385597229,2,2111,0.7297589778900146,0.5104737281799316,0.025227677077054977,0,0.0001,3.191526412963867,0.1783047467470169,0.15249286592006683,0.7297589778900146,0.13041849434375763,0.08552514761686325,0.5428941249847412,0.017694013193249702,0.4193311631679535,0.08588101714849472,0.45318034291267395,0.018372345715761185,0.3999423682689667,0.3113839626312256,0.33747562766075134,0.027793463319540024,0.2783776521682739
65,0.035131384659072624,0.025296901879103287,0.9248572147410848,8.579844079972447e-05,0.5850534413171851,0.021909844009964555,0.21716440916061402,0.517164409160614,2,2111,0.7385191321372986,0.5119228959083557,0.023194920271635056,0,0.0001,3.197889566421509,0.17532236874103546,0.151040717959404,0.7385191321372986,0.1323833167552948,0.06950316578149796,0.5432102680206299,0.017496395856142044,0.42200058698654175,0.07204701751470566,0.45084288716316223,0.018085112795233727,0.40194758772850037,0.30071961879730225,0.33608540892601013,0.02758919820189476,0.277762770652771
66,0.034983243469310844,0.025161568075418472,0.9237252085105233,8.719362971453887e-05,0.5835517826287643,0.02165595386646412,0.2180146098136902,0.5180146098136902,2,2111,0.7359667420387268,0.5142220854759216,0.02376667410135269,0,0.0001,3.1955177783966064,0.17795369029045105,0.15345002710819244,0.7359667420387268,0.13277746737003326,0.06644022464752197,0.5419954657554626,0.017778782173991203,0.415409654378891,0.0694923847913742,0.4543456435203552,0.01838841289281845,0.39862802624702454,0.30800142884254456,0.3397504389286041,0.02768692374229431,0.27896612882614136
67,0.03507693516819373,0.025269443331205326,0.9224559483320817,8.034813610087757e-05,0.5821283511493517,0.025196754455566406,0.2174657702445984,0.5174657702445984,2,2111,0.7358008027076721,0.4812186360359192,0.024130553007125854,0,0.0001,3.1933467388153076,0.18394677340984344,0.1537618786096573,0.7358008027076721,0.1340988427400589,0.07028853893280029,0.5422951579093933,0.01717548444867134,0.3912215828895569,0.07454556226730347,0.45312875509262085,0.0180356465280056,0.38495129346847534,0.3183325529098511,0.3386383056640625,0.02769150212407112,0.27824878692626953
68,0.035181498721889824,0.025387534061851708,0.9211829382440319,7.81027126282899e-05,0.5813536773557249,0.023354515358253763,0.2171816945075989,0.5171816945075989,2,2111,0.7320271730422974,0.5161177515983582,0.02475324459373951,0,0.0001,3.1940932273864746,0.17429402470588684,0.15303818881511688,0.7320271730422974,0.13297723233699799,0.07635682076215744,0.5426428318023682,0.01756119541823864,0.41654154658317566,0.0781627669930458,0.45584139227867126,0.01814577728509903,0.3988472521305084,0.31305456161499023,0.3382154107093811,0.02761036343872547,0.2805696725845337
69,0.0350297830351021,0.02524871565401554,0.9200274270513783,8.135921898824365e-05,0.579979779927627,0.021801658347800925,0.21581192016601564,0.5158119201660156,2,2111,0.7325836420059204,0.5217832922935486,0.025839071720838547,0,0.0001,3.196498394012451,0.1787116825580597,0.1543647199869156,0.7325836420059204,0.13172012567520142,0.06463602930307388,0.5367742776870728,0.0172648336738348,0.4245383143424988,0.06900370121002197,0.45079129934310913,0.018109189346432686,0.4003290832042694,0.31338223814964294,0.34309840202331543,0.02779080718755722,0.2825952172279358
70,0.03498766895221627,0.025219044850572296,0.9188819838606793,7.563490077660865e-05,0.5790478405745133,0.0227996826171875,0.21661068201065065,0.5166106820106506,2,2111,0.734569251537323,0.5198547840118408,0.022872319445014,0,0.0001,3.1968472003936768,0.1821369230747223,0.1511165350675583,0.734569251537323,0.13289590179920197,0.060669004917144775,0.5434591174125671,0.017551854252815247,0.42227792739868164,0.0645868331193924,0.45104750990867615,0.01819666102528572,0.4015137255191803,0.3088894188404083,0.33736687898635864,0.02748781070113182,0.28146788477897644
71,0.034583828209534935,0.024829795665067177,0.9175548708957174,8.032150356524178e-05,0.5776809583539548,0.022023991337528935,0.21939713954925538,0.5193971395492554,2,2111,0.7406497597694397,0.5194569230079651,0.024454781785607338,0,0.0001,3.186339855194092,0.1800355464220047,0.15388686954975128,0.7406497597694397,0.13216646015644073,0.058579716831445694,0.5403473377227783,0.01764780841767788,0.4174189865589142,0.06294316053390503,0.45502519607543945,0.01840873993933201,0.39825981855392456,0.3132825493812561,0.3415662944316864,0.028472183272242546,0.28187236189842224
72,0.03464145132380983,0.02490028220674266,0.916316542936408,7.514113784291904e-05,0.5772516934768014,0.021506874084472657,0.2162232518196106,0.5162232518196106,2,2111,0.7379560470581055,0.5179837346076965,0.025691404938697815,0,0.0001,3.2086291313171387,0.17877885699272156,0.15327827632427216,0.7379560470581055,0.1331973373889923,0.0665203258395195,0.5380463600158691,0.01812993548810482,0.42691460251808167,0.06997257471084595,0.44930872321128845,0.0187827181071043,0.4044046103954315,0.3107328712940216,0.3395818769931793,0.028183504939079285,0.2821854054927826
73,0.03451831071921017,0.024791451980886253,0.9150172057359115,7.449748385545757e-05,0.5759417103684467,0.022519566006130642,0.2173928737640381,0.5173928737640381,2,2111,0.7354022860527039,0.5208168625831604,0.02431865781545639,0,0.0001,3.2392959594726562,0.18302829563617706,0.15217308700084686,0.7354022860527039,0.1324934959411621,0.06606040149927139,0.5436429381370544,0.017280057072639465,0.4235810339450836,0.06942357867956161,0.4526502788066864,0.01809661090373993,0.4018150866031647,0.30785074830055237,0.3378759026527405,0.028119858354330063,0.2794523239135742
74,0.0353051098468511,0.025591575257156208,0.9137597524601481,8.65945049040222e-05,0.5750714877377385,0.023873064394350406,0.2213320255279541,0.5213320255279541,2,2111,0.7421524524688721,0.5124062299728394,0.024179017171263695,0,0.0001,3.261662006378174,0.17862604558467865,0.15329985320568085,0.7421524524688721,0.13215377926826477,0.07418905198574066,0.5457302331924438,0.017721688374876976,0.4081138074398041,0.07698655873537064,0.45815590023994446,0.018403805792331696,0.3930188715457916,0.3197840750217438,0.33928948640823364,0.0285878237336874,0.2803649306297302
75,0.034945803977873016,0.02524428587892781,0.9126477552496869,0.00010492575213151133,0.5739918739899345,0.022261698404947915,0.21483196020126344,0.5148319602012634,2,2111,0.7287821173667908,0.5139146447181702,0.02536182850599289,0,0.0001,3.2435431480407715,0.17825324833393097,0.15450306236743927,0.7287821173667908,0.13369350135326385,0.06714604049921036,0.5370433330535889,0.01684243604540825,0.4191308617591858,0.07022001594305038,0.45213794708251953,0.017764147371053696,0.3999837040901184,0.31619322299957275,0.3413643538951874,0.027475008741021156,0.27910876274108887
76,0.03445683986596439,0.024770249086229698,0.9113115331400996,6.921975822795345e-05,0.5727836178696674,0.02271486296477141,0.21922935247421266,0.5192293524742126,2,2111,0.7388707399368286,0.509311854839325,0.022393297404050827,0,0.0001,3.2457499504089355,0.17958608269691467,0.15385864675045013,0.7388707399368286,0.13328157365322113,0.06918174773454666,0.542814314365387,0.016659153625369072,0.4083530306816101,0.07272253185510635,0.4555324614048004,0.017456205561757088,0.3946060836315155,0.31353628635406494,0.339699923992157,0.027761653065681458,0.2779759466648102
77,0.035345983246098396,0.025671120894991833,0.9102801162263622,8.122350339798014e-05,0.5712493917216426,0.02253888165509259,0.2182023048400879,0.5182023048400879,2,2111,0.7349785566329956,0.5115692019462585,0.021215174347162247,0,0.0001,3.2218639850616455,0.1726328581571579,0.15336835384368896,0.7349785566329956,0.13332664966583252,0.05765073001384735,0.5426411032676697,0.018499063327908516,0.41016775369644165,0.0596851110458374,0.4558970332145691,0.01887807808816433,0.3944565951824188,0.3107870817184448,0.33929240703582764,0.027765626087784767,0.2800118923187256
78,0.03483460681593936,0.025173582136631012,0.9090395621631456,6.602500750728802e-05,0.5699679825616919,0.022782054759837963,0.2194060802459717,0.5194060802459717,2,2111,0.7406290173530579,0.5024782419204712,0.022230103611946106,0,0.0001,3.2240097522735596,0.18244795501232147,0.15349456667900085,0.7406290173530579,0.13398627936840057,0.06467999517917633,0.5442006587982178,0.01741631142795086,0.40744757652282715,0.06821013242006302,0.4548552930355072,0.018152719363570213,0.3944360315799713,0.3107772767543793,0.3379395008087158,0.027710171416401863,0.27727290987968445
79,0.03443170047324637,0.024785175919532776,0.907656508943309,6.686517261424224e-05,0.5692909955978394,0.021445850796169705,0.2187598466873169,0.5187598466873169,2,2111,0.744183361530304,0.5204959511756897,0.023020552471280098,0,0.0001,3.2467494010925293,0.17843922972679138,0.15313269197940826,0.744183361530304,0.13253700733184814,0.06462250649929047,0.540320634841919,0.017292063683271408,0.423428475856781,0.06796780228614807,0.4509845972061157,0.018088849261403084,0.4010901153087616,0.3087100684642792,0.3395509719848633,0.027854740619659424,0.27992483973503113
80,0.03400616315395936,0.024373353175494984,0.9063463340634885,7.375208445844929e-05,0.5686094242593517,0.022325993290653934,0.21908433437347413,0.5190843343734741,2,2111,0.741367757320404,0.5144789218902588,0.028290707617998123,0,0.0001,3.287107467651367,0.18268704414367676,0.15398837625980377,0.741367757320404,0.134726420044899,0.0695444718003273,0.5410277843475342,0.01806967332959175,0.4119085371494293,0.07260263711214066,0.45388084650039673,0.018572324886918068,0.3956942856311798,0.3195968568325043,0.34006088972091675,0.028432825580239296,0.2819100022315979
81,0.03506082377356032,0.025440503883620968,0.9051605359367703,8.82771156561237e-05,0.5678318013315615,0.02183014424641927,0.21664072275161744,0.5166407227516174,2,2111,0.7302969694137573,0.5264445543289185,0.02118578553199768,0,0.0001,3.2643046379089355,0.17513947188854218,0.15162265300750732,0.7302969694137573,0.13089001178741455,0.07466203719377518,0.5462687611579895,0.016657494008541107,0.42611241340637207,0.07530724257230759,0.4537942111492157,0.01764807291328907,0.4039364159107208,0.30514973402023315,0.33620285987854004,0.02710983157157898,0.280131459236145
82,0.03436214250067006,0.0247558426597844,0.9038732414660247,7.394432237640063e-05,0.566827742949776,0.022373733520507814,0.218871545791626,0.518871545791626,2,2111,0.7334988713264465,0.5177262425422668,0.024682793766260147,0,0.0001,3.3072383403778076,0.18081305921077728,0.15252631902694702,0.7334988713264465,0.13235539197921753,0.05819489434361458,0.548011302947998,0.01838463544845581,0.4154549241065979,0.06189192458987236,0.4570583701133728,0.019123228266835213,0.39740580320358276,0.31699180603027344,0.3369176685810089,0.028461990877985954,0.281708687543869
83,0.03382634857426519,0.024234640371540318,0.9025403934976329,7.32528199517654e-05,0.5655715310055277,0.021187271118164062,0.21542770862579347,0.5154277086257935,2,2111,0.7316575050354004,0.5239656567573547,0.02580634318292141,0,0.0001,3.3922340869903564,0.1848905384540558,0.15302413702011108,0.7316575050354004,0.13233137130737305,0.05423104017972946,0.5402771830558777,0.01780521124601364,0.42593511939048767,0.05813419073820114,0.4504527449607849,0.01857396587729454,0.40258827805519104,0.3125360906124115,0.3393231928348541,0.02799898013472557,0.2815067768096924
84,0.03426297640670901,0.024683992985797966,0.9013312277586564,7.53927421971204e-05,0.5649174218592437,0.021519009625470195,0.21854580640792848,0.5185458064079285,2,2111,0.7385669350624084,0.5147978663444519,0.022558292374014854,0,0.0001,3.391275405883789,0.1772564798593521,0.1527182012796402,0.7385669350624084,0.13078783452510834,0.06512328237295151,0.5435037612915039,0.017114698886871338,0.4151647388935089,0.06944480538368225,0.45419788360595703,0.017974551767110825,0.3975116014480591,0.31528422236442566,0.33791470527648926,0.027920272201299667,0.27887964248657227
85,0.033935022418913635,0.024370188946309296,0.90006357949713,8.139146271075688e-05,0.5633842556372933,0.02130860929135923,0.2199616551399231,0.5199616551399231,2,2111,0.7390493154525757,0.518627941608429,0.021013613790273666,0,0.0001,3.3950819969177246,0.17750288546085358,0.1526251882314682,0.7390493154525757,0.13286513090133667,0.06079154089093208,0.5461554527282715,0.016768572852015495,0.41392675042152405,0.06400282680988312,0.456460565328598,0.017713313922286034,0.39677414298057556,0.3092717230319977,0.3381812274456024,0.027464784681797028,0.2797864079475403
86,0.03378035516842552,0.024229934601032215,0.8986705852591473,7.204264614341335e-05,0.5629939436912537,0.021268917507595485,0.21632648706436158,0.5163264870643616,2,2111,0.7346303462982178,0.5030380487442017,0.023099126294255257,0,0.0001,3.370339870452881,0.1833183765411377,0.15304650366306305,0.7346303462982178,0.13375715911388397,0.05953112989664078,0.5403234958648682,0.016062190756201744,0.41086840629577637,0.06382763385772705,0.4511944651603699,0.0171991977840662,0.39470604062080383,0.3083663880825043,0.3391575515270233,0.027122853323817253,0.2820429503917694
87,0.03388049372512361,0.024344754283842834,0.8973212242126465,8.807413652665791e-05,0.5616464718528416,0.021926293549714267,0.22062606811523439,0.5206260681152344,2,2111,0.7445327639579773,0.5149579048156738,0.024025065824389458,0,0.0001,3.342581033706665,0.18421584367752075,0.1529766172170639,0.7445327639579773,0.13194279372692108,0.06006510928273201,0.5442063212394714,0.01688009314239025,0.4127826988697052,0.06457754224538803,0.45534858107566833,0.01783108524978161,0.3952241539955139,0.3173639476299286,0.33841660618782043,0.028186388313770294,0.2810351848602295
88,0.034254939497812935,0.02473259320401627,0.8961073367492013,6.375384960531095e-05,0.5606354993322621,0.0217533450656467,0.2178646445274353,0.5178646445274353,2,2111,0.7369475364685059,0.5051507353782654,0.024527478963136673,0,0.0001,3.348921537399292,0.18045055866241455,0.15460024774074554,0.7369475364685059,0.13310742378234863,0.062357768416404724,0.5386115312576294,0.016696816310286522,0.40785232186317444,0.06466370820999146,0.4540710747241974,0.017600104212760925,0.39248088002204895,0.30821099877357483,0.3418285548686981,0.027428364381194115,0.28181329369544983
89,0.03416047180476396,0.024651945204190586,0.8948308877322985,7.572030185458615e-05,0.5594607176988021,0.02222418212890625,0.2172795057296753,0.5172795057296753,2,2111,0.736261785030365,0.5189430713653564,0.023352203890681267,0,0.0001,3.345278024673462,0.1812436282634735,0.1506519466638565,0.736261785030365,0.1327180415391922,0.057703837752342224,0.5473166108131409,0.016792939975857735,0.4243592619895935,0.0600544773042202,0.4514884352684021,0.017875462770462036,0.4018625020980835,0.308745414018631,0.3340510427951813,0.028405848890542984,0.2807183265686035
90,0.03370547294616699,0.024210286367198696,0.8935268106667892,6.971478322394314e-05,0.559221000775047,0.02101585388183594,0.21861619949340821,0.5186161994934082,2,2111,0.7387670874595642,0.5102384686470032,0.022842850536108017,0,0.0001,3.3416152000427246,0.1776328980922699,0.15368235111236572,0.7387670874595642,0.13256505131721497,0.06535551697015762,0.5418148636817932,0.016701743006706238,0.41179436445236206,0.06810135394334793,0.4540040194988251,0.017641203477978706,0.39420661330223083,0.30718472599983215,0.3398788869380951,0.027339855208992958,0.2821830213069916
91,0.03358272738430811,0.024102717961954033,0.892138219398001,7.466146828095509e-05,0.5578807773797408,0.02204646979437934,0.21486277580261232,0.5148627758026123,2,2111,0.7363612055778503,0.5130810737609863,0.024948392063379288,0,0.0001,3.3357558250427246,0.18205581605434418,0.15312625467777252,0.7363612055778503,0.13288067281246185,0.0609828382730484,0.5367308259010315,0.01708834245800972,0.42336317896842957,0.0638175830245018,0.4475370943546295,0.01809396967291832,0.40089237689971924,0.30559420585632324,0.33882200717926025,0.027733473107218742,0.28323546051979065
92,0.033443531669352364,0.023978452724607094,0.8907884385274805,5.8451100694187716e-05,0.5566104909648066,0.02144326838740596,0.21630622148513795,0.5163062214851379,2,2111,0.7370080351829529,0.505630373954773,0.023372994735836983,0,0.0001,3.285820722579956,0.18109741806983948,0.15307946503162384,0.7370080351829529,0.13330180943012238,0.0601809024810791,0.5404863357543945,0.016852514818310738,0.4144749343395233,0.0640530213713646,0.44998490810394287,0.01783282682299614,0.3965681493282318,0.3119288384914398,0.3377455770969391,0.02751772291958332,0.28113120794296265
93,0.033735378766837326,0.02428475127595922,0.8895180069881937,5.6539918264404506e-05,0.554882464201554,0.02126215249520761,0.2180116891860962,0.5180116891860962,2,2111,0.7411641478538513,0.517278254032135,0.024560024961829185,0,0.0001,3.1978940963745117,0.1826213002204895,0.15316206216812134,0.7411641478538513,0.13193660974502563,0.061241790652275085,0.539858877658844,0.01709025353193283,0.4216679632663727,0.06360733509063721,0.4512174427509308,0.017951007932424545,0.39911359548568726,0.3093322813510895,0.33980628848075867,0.027888964861631393,0.28197070956230164
94,0.033609922813332596,0.024172396601542183,0.8882782977560292,7.000357088501282e-05,0.5540426010670869,0.021306142736364293,0.21760852336883546,0.5176085233688354,2,2111,0.7390562891960144,0.5115357041358948,0.023270387202501297,0,0.0001,3.1990485191345215,0.1816362887620926,0.15333935618400574,0.7390562891960144,0.13192670047283173,0.06087986379861832,0.5390201210975647,0.01648569293320179,0.41593125462532043,0.06361585855484009,0.4517804682254791,0.017607184126973152,0.39799970388412476,0.3045428395271301,0.34057730436325073,0.027468198910355568,0.2784724235534668
95,0.033573868967916656,0.024150700834782227,0.8869461909584377,5.557269121155791e-05,0.5531500733417013,0.022723874127423323,0.21800966262817384,0.5180096626281738,2,2111,0.7392279505729675,0.5101231336593628,0.023622404783964157,0,0.0001,3.20194411277771,0.18393047153949738,0.15334388613700867,0.7392279505729675,0.1314336061477661,0.06263414025306702,0.5418021082878113,0.017055606469511986,0.4161827862262726,0.06537794321775436,0.4519425332546234,0.017919614911079407,0.39773157238960266,0.3114090859889984,0.33906614780426025,0.028427662327885628,0.28018882870674133
96,0.03347035667494587,0.02406135136666505,0.8855682119079258,6.00414423388429e-05,0.5527231200881626,0.021503198694299768,0.21792830228805543,0.5179283022880554,2,2111,0.7437125444412231,0.5045080780982971,0.023851172998547554,0,0.0001,3.195214033126831,0.17983421683311462,0.1520601511001587,0.7437125444412231,0.13116617500782013,0.06084047257900238,0.5417221188545227,0.01700781099498272,0.41675353050231934,0.06320185214281082,0.4495435357093811,0.018034078180789948,0.3971117436885834,0.30764952301979065,0.3367350697517395,0.028579771518707275,0.2796986699104309
97,0.033469088537537536,0.024074265814345817,0.8842691312665525,9.778362800716422e-05,0.5511534706405972,0.021382282963505497,0.21621758937835694,0.5162175893783569,2,2111,0.7333451509475708,0.5198982954025269,0.022644396871328354,0,0.0001,3.2344250679016113,0.17713457345962524,0.15220202505588531,0.7333451509475708,0.13203100860118866,0.061561841517686844,0.5420300364494324,0.01781672239303589,0.4218762516975403,0.06189689785242081,0.45163020491600037,0.01866833306849003,0.3994106650352478,0.30425894260406494,0.33786511421203613,0.027577925473451614,0.28324294090270996
98,0.03340679641975009,0.024025677176921265,0.8829562689947046,9.069268518309717e-05,0.5506490028422811,0.021340194137008103,0.21731085777282716,0.5173108577728271,2,2111,0.7394295930862427,0.5140616297721863,0.02523186430335045,0,0.0001,3.248368263244629,0.18118996918201447,0.1541987657546997,0.7394295930862427,0.13263680040836334,0.06188124045729637,0.5381536483764648,0.017663192003965378,0.4175950586795807,0.06315020471811295,0.4510512351989746,0.018714332953095436,0.3982074558734894,0.3073081076145172,0.34060895442962646,0.028447948396205902,0.28337714076042175
99,0.0331766832133998,0.023811471527037414,0.8815324228742848,5.906971858601774e-05,0.5492972938910775,0.021862792121039497,0.21574236154556276,0.5157423615455627,2,2111,0.7346291542053223,0.5243586301803589,0.026134997606277466,0,0.0001,3.2371678352355957,0.17885902523994446,0.15285420417785645,0.7346291542053223,0.13328492641448975,0.058432720601558685,0.539211094379425,0.017179999500513077,0.4271925091743469,0.0590558722615242,0.4505060911178589,0.018234821036458015,0.40281423926353455,0.3081798553466797,0.33862313628196716,0.028240127488970757,0.2855273187160492
100,0.03352386747365412,0.024172503015269405,0.8802391808965931,7.791501965307954e-05,0.5481939004815143,0.021785311381022136,0.2179908871650696,0.5179908871650696,2,2111,0.7399546504020691,0.5180217623710632,0.02361384779214859,0,1e-05,3.220012664794922,0.18134254217147827,0.15227966010570526,0.7399546504020691,0.13230635225772858,0.06097538769245148,0.5419971346855164,0.016288641840219498,0.4177672564983368,0.06211504712700844,0.4516180455684662,0.017303649336099625,0.3980085551738739,0.3027690649032593,0.3383937478065491,0.027621449902653694,0.28257879614830017
101,0.03266877656721551,0.02332743759388509,0.8792971787245377,5.137072952018808e-05,0.5478533091752426,0.022988609596535012,0.2180180072784424,0.5180180072784424,2,2111,0.745990514755249,0.4913841485977173,0.028096189722418785,0,1e-05,3.226555824279785,0.18343061208724976,0.15401007235050201,0.745990514755249,0.13506123423576355,0.05433247610926628,0.5384809970855713,0.01701696217060089,0.406615674495697,0.05804651603102684,0.44912445545196533,0.018090492114424706,0.3920925259590149,0.3154183328151703,0.3384760618209839,0.028488241136074066,0.2808890640735626
102,0.032619287381353584,0.02328049278129702,0.8790337728417438,5.054740556616984e-05,0.5479511566784071,0.02108012503164786,0.2188109874725342,0.5188109874725342,2,2111,0.7419625520706177,0.5248951315879822,0.02312879078090191,0,1e-05,3.243889570236206,0.18093271553516388,0.15241634845733643,0.7419625520706177,0.13245059549808502,0.0661151260137558,0.5426243543624878,0.016664529219269753,0.42478999495506287,0.06605861335992813,0.4526953101158142,0.017678705975413322,0.403353214263916,0.3019879460334778,0.3379615843296051,0.02794557437300682,0.2819022238254547
103,0.03276226936799029,0.02342599525075892,0.8788322054821512,4.959421858075075e-05,0.5474563318750133,0.021427743699815538,0.21703786849975587,0.5170378684997559,2,2111,0.7365711331367493,0.5210596919059753,0.023144982755184174,0,1e-05,3.2634384632110596,0.18146377801895142,0.15153934061527252,0.7365711331367493,0.13288062810897827,0.05618421733379364,0.543853223323822,0.01682920940220356,0.4227571487426758,0.0574197992682457,0.4511840343475342,0.01786326989531517,0.4011514484882355,0.30748626589775085,0.3365432024002075,0.027937086299061775,0.28176429867744446
104,0.03250066855031511,0.023166279672928478,0.8786428415256998,5.019705412965065e-05,0.5474593043327332,0.021384698938440392,0.21558351516723634,0.5155835151672363,2,2111,0.7327802777290344,0.5111915469169617,0.02277747541666031,0,1e-05,3.2281084060668945,0.18128623068332672,0.15186110138893127,0.7327802777290344,0.1317385882139206,0.06683599203824997,0.5433080196380615,0.016942070797085762,0.41900435090065,0.06744292378425598,0.45034199953079224,0.017848320305347443,0.3993878960609436,0.3032000660896301,0.33590394258499146,0.02773917280137539,0.2810896933078766
105,0.03248868372453296,0.023156383925158043,0.8784576498943827,4.943353570010716e-05,0.5472299093785493,0.02189446738914207,0.21923280954360963,0.5192328095436096,2,2111,0.7437705993652344,0.5069611668586731,0.0240198764950037,0,1e-05,3.326113224029541,0.18154586851596832,0.15360654890537262,0.7437705993652344,0.13360431790351868,0.05996411293745041,0.5417477488517761,0.01676158420741558,0.41273853182792664,0.06211107224225998,0.4530867040157318,0.017791319638490677,0.39647459983825684,0.3067593574523926,0.33832603693008423,0.028119893744587898,0.2799776494503021
106,0.03267804087828035,0.023347696775327557,0.878277081510295,4.980248132082836e-05,0.5470753001130145,0.021152513292100696,0.2192004442214966,0.5192004442214966,2,2111,0.7408260703086853,0.5140373110771179,0.02455107495188713,0,1e-05,3.386018991470337,0.18113064765930176,0.15223734080791473,0.7408260703086853,0.13152609765529633,0.06385136395692825,0.5444903373718262,0.01666705124080181,0.4148726165294647,0.06564858555793762,0.45427295565605164,0.017704792320728302,0.3968092203140259,0.3075874447822571,0.33721235394477844,0.027837319299578667,0.2808716595172882
107,0.03279923420885335,0.023470239470834316,0.8781253850978353,4.9495478458044566e-05,0.5472459015638932,0.02293153663917824,0.21643872261047364,0.5164387226104736,2,2111,0.7434179782867432,0.4995661973953247,0.02738221548497677,0,1e-05,3.350466251373291,0.18136662244796753,0.15549848973751068,0.7434179782867432,0.13558180630207062,0.06255808472633362,0.5332919359207153,0.0167715921998024,0.40951046347618103,0.06525380909442902,0.4491795599460602,0.01788426749408245,0.39452072978019714,0.31427621841430664,0.3398655652999878,0.02808878943324089,0.2855224013328552
108,0.03249531943836938,0.023168010961102402,0.8779796880224476,4.9864859845357664e-05,0.5470126893209375,0.02125751608389395,0.21834285259246827,0.5183428525924683,2,2111,0.7414424419403076,0.5264649987220764,0.02628517709672451,0,1e-05,3.303424835205078,0.18370556831359863,0.15176445245742798,0.7414424419403076,0.13354870676994324,0.06347960233688354,0.5434983968734741,0.016622209921479225,0.42722654342651367,0.06527026742696762,0.4519786834716797,0.0177156962454319,0.40396037697792053,0.30506452918052673,0.33645179867744446,0.028103535994887352,0.28198540210723877
109,0.03239918872714043,0.02307372289183347,0.877820787222489,4.885264064321983e-05,0.5467700880506764,0.021343497099699796,0.2171104669570923,0.5171104669570923,2,2111,0.7376875281333923,0.51566082239151,0.02347118780016899,0,1e-05,3.3351690769195557,0.18103469908237457,0.1525736153125763,0.7376875281333923,0.13307815790176392,0.06237488240003586,0.5423977375030518,0.016881829127669334,0.4212237000465393,0.06377389281988144,0.45113641023635864,0.01786150597035885,0.4013734459877014,0.3050796091556549,0.337220162153244,0.027990013360977173,0.2797594964504242
110,0.03248086757957935,0.023157284959502842,0.8776531193567358,4.9724480840782434e-05,0.5465545032335364,0.02118477800157335,0.2179683566093445,0.5179683566093445,2,2111,0.7372498512268066,0.5163501501083374,0.02240057662129402,0,1e-05,3.3213276863098145,0.17953039705753326,0.1523221731185913,0.7372498512268066,0.1309642493724823,0.06273519992828369,0.5444445013999939,0.016863703727722168,0.41831788420677185,0.0641745775938034,0.45315077900886536,0.017858169972896576,0.39955130219459534,0.3084022104740143,0.3370283544063568,0.027925875037908554,0.28091511130332947
111,0.03245379208870556,0.023132404636429703,0.8774881051934283,4.83828377542997e-05,0.5460230837697568,0.02215354099980107,0.2173877477645874,0.5173877477645874,2,2111,0.7426308393478394,0.49918705224990845,0.026027528569102287,0,1e-05,3.2171096801757812,0.18347682058811188,0.15399624407291412,0.7426308393478394,0.13475583493709564,0.055647484958171844,0.5374505519866943,0.016515934839844704,0.40875717997550964,0.05837007611989975,0.4497271180152893,0.01764015667140484,0.3938114047050476,0.30695948004722595,0.33974242210388184,0.02807258814573288,0.28120648860931396
112,0.032502985761865326,0.02318295099489067,0.8773460647334224,5.064646614735703e-05,0.546068118966144,0.022102794223361547,0.21723706722259523,0.5172370672225952,2,2111,0.7398056387901306,0.5145121812820435,0.021062109619379044,0,1e-05,3.2316102981567383,0.1805562525987625,0.1513499617576599,0.7398056387901306,0.13291232287883759,0.056540731340646744,0.5425650477409363,0.017134279012680054,0.4183569550514221,0.05713709443807602,0.4502394497394562,0.0180303193628788,0.3987220525741577,0.3043173551559448,0.33633819222450256,0.02828190289437771,0.2824198305606842
113,0.032549560312991555,0.023230796193946964,0.8772133977516837,4.9502803291113153e-05,0.5461354411166647,0.021393026846426504,0.2172000527381897,0.5172000527381897,2,2111,0.7362462878227234,0.523713231086731,0.02312949299812317,0,1e-05,3.2322838306427,0.1822584718465805,0.1516043096780777,0.7362462878227234,0.13306447863578796,0.05772532895207405,0.5427722930908203,0.01666763238608837,0.4203377664089203,0.05874618887901306,0.4521040916442871,0.017694860696792603,0.39994317293167114,0.30408695340156555,0.337677538394928,0.027852263301610947,0.28319042921066284
114,0.03242768768383109,0.02311135512655196,0.8770247309104257,4.9705660943721384e-05,0.545587868794151,0.021276992232711227,0.21594662666320802,0.515946626663208,2,2111,0.7351093292236328,0.5041733384132385,0.023829907178878784,0,1e-05,3.3033254146575928,0.18285410106182098,0.1524367332458496,0.7351093292236328,0.13395465910434723,0.05807143822312355,0.5416288375854492,0.016667507588863373,0.4121885895729065,0.05941278114914894,0.4502902626991272,0.017658507451415062,0.3954165279865265,0.3064134120941162,0.336758017539978,0.02772287279367447,0.2817303538322449
115,0.03251235259939795,0.02319707648585672,0.8768888686014258,4.8519954757268906e-05,0.5459021744520768,0.021038640622739437,0.21994562149047853,0.5199456214904785,2,2111,0.7434159517288208,0.5101659893989563,0.023212159052491188,0,1e-05,3.2063276767730713,0.18039384484291077,0.1525454819202423,0.7434159517288208,0.1315080225467682,0.05906303972005844,0.5447263121604919,0.01689874939620495,0.41110289096832275,0.06022562086582184,0.4546155035495758,0.01792154461145401,0.39441561698913574,0.3063432574272156,0.3370248079299927,0.028243599459528923,0.28016480803489685
116,0.032531649441174836,0.02321794920641443,0.8767363662305085,4.7954337629641444e-05,0.545857328435649,0.02145487297905816,0.21818013191223146,0.5181801319122314,2,2111,0.7407652735710144,0.5056429505348206,0.024072637781500816,0,1e-05,3.1854851245880127,0.1820841133594513,0.154420867562294,0.7407652735710144,0.1329556405544281,0.060548085719347,0.5397162437438965,0.016877856105566025,0.4103177785873413,0.06302142143249512,0.4528885781764984,0.01792367734014988,0.3944559097290039,0.30968648195266724,0.3393503427505493,0.028216933831572533,0.281449556350708
117,0.032748979799773384,0.023437124798479286,0.8765564146249191,4.9730073995938845e-05,0.545793751011724,0.02057691701253255,0.21880085468292237,0.5188008546829224,2,2111,0.7406480312347412,0.5243095755577087,0.022915637120604515,0,1e-05,3.1846320629119873,0.17961035668849945,0.15255708992481232,0.7406480312347412,0.13218100368976593,0.0592387393116951,0.5439592599868774,0.016871528699994087,0.4239645004272461,0.060302089899778366,0.4535233676433563,0.017939504235982895,0.4031049907207489,0.3070200979709625,0.3370727002620697,0.02815893106162548,0.28122708201408386
118,0.03250203775646894,0.023192120473022045,0.876392530358356,4.735416096873055e-05,0.5455186004224031,0.022037180017541957,0.21937979459762574,0.5193797945976257,2,2111,0.7427642345428467,0.5085309743881226,0.023702120408415794,0,1e-05,3.185534715652466,0.17766043543815613,0.15350662171840668,0.7427642345428467,0.1327284723520279,0.06317508220672607,0.5423110127449036,0.016756847500801086,0.41007471084594727,0.06543193757534027,0.45421966910362244,0.01787520758807659,0.3943117558956146,0.3096877932548523,0.3382242023944855,0.028062770143151283,0.2797479033470154
119,0.032261674008939575,0.022953241334661194,0.876270081685937,4.704639333953231e-05,0.5452614685763484,0.02189943610297309,0.2197044610977173,0.5197044610977173,2,2111,0.7429437637329102,0.5090303421020508,0.02237265184521675,0,1e-05,3.18579363822937,0.18153487145900726,0.15278303623199463,0.7429437637329102,0.13233324885368347,0.0562836192548275,0.5446133613586426,0.016656232997775078,0.41248369216918945,0.058625899255275726,0.4542543292045593,0.01771528460085392,0.3961068093776703,0.3083800673484802,0.3370063602924347,0.02812367118895054,0.28020235896110535
120,0.03239508110867894,0.02308881971175256,0.8760835139647775,4.817410017890127e-05,0.5449447709581127,0.02085639755814164,0.2184409022331238,0.5184409022331238,2,2111,0.7387588024139404,0.5160152912139893,0.02166811004281044,0,1e-05,3.1900570392608643,0.17795151472091675,0.1520860642194748,0.7387588024139404,0.1318439543247223,0.061575472354888916,0.5447162389755249,0.016778750345110893,0.41634371876716614,0.0625171810388565,0.45351094007492065,0.017774347215890884,0.39817923307418823,0.30483242869377136,0.33677762746810913,0.027844488620758057,0.2817460596561432
121,0.032285764732438584,0.022980671861897343,0.8759447362111963,4.7672994064076036e-05,0.5451687133830526,0.02118327811912254,0.21893872022628785,0.5189387202262878,2,2111,0.7426613569259644,0.5121874809265137,0.023279068991541862,0,1e-05,3.182638168334961,0.1794731318950653,0.152774840593338,0.7426613569259644,0.1321437954902649,0.05917771905660629,0.5428813099861145,0.0167065616697073,0.41716521978378296,0.061494506895542145,0.4528558552265167,0.01789652742445469,0.3984470069408417,0.3075000047683716,0.3373562693595886,0.028050297871232033,0.27927377820014954
122,0.03268597898599894,0.023383088328916092,0.8757645332294962,4.798356356964771e-05,0.5447657497032828,0.021660072044089988,0.21686906814575196,0.516869068145752,2,2111,0.7361009120941162,0.5208940505981445,0.02209486998617649,0,1e-05,3.1897366046905518,0.17850778996944427,0.152707040309906,0.7361009120941162,0.13191062211990356,0.05548879876732826,0.5406229496002197,0.016596149653196335,0.42026516795158386,0.05734509602189064,0.4515608847141266,0.01772056706249714,0.3988937437534332,0.30663108825683594,0.3391915559768677,0.027748841792345047,0.2836737036705017
123,0.0322709037395923,0.022969543205007263,0.8756208912186001,4.75265859795795e-05,0.5446764956349912,0.022426118356210212,0.2176779627799988,0.5176779627799988,2,2111,0.7351604700088501,0.5052359700202942,0.02470257319509983,0,1e-05,3.1847944259643555,0.18301719427108765,0.1529419720172882,0.7351604700088501,0.1326463371515274,0.0639197900891304,0.544430673122406,0.016413671895861626,0.4098467230796814,0.0659085363149643,0.45391690731048584,0.017565235495567322,0.3950214684009552,0.30656835436820984,0.3372037708759308,0.02796776220202446,0.27947354316711426
124,0.03234317510024361,0.02304342988392581,0.8754855212957963,4.903554651283902e-05,0.5443996113279591,0.02147279244882089,0.2173860788345337,0.5173860788345337,2,2111,0.7383378744125366,0.49728530645370483,0.023743025958538055,0,1e-05,3.183410167694092,0.18248534202575684,0.1544376015663147,0.7383378744125366,0.1330065280199051,0.06035354360938072,0.5394979119300842,0.016863752156496048,0.40323880314826965,0.06297577172517776,0.45185959339141846,0.017843496054410934,0.3898317515850067,0.31190016865730286,0.3398488461971283,0.028081139549613,0.2818927764892578
125,0.03228721208870411,0.02298934004552986,0.8752959396528162,4.714839941816931e-05,0.5444417025731958,0.022597272802282263,0.2160205364227295,0.5160205364227295,2,2111,0.7374318838119507,0.5095230937004089,0.02393539436161518,0,1e-05,3.1873137950897217,0.18159545958042145,0.15349408984184265,0.7374318838119507,0.13438089191913605,0.059517186135053635,0.5381768345832825,0.016727803274989128,0.4178909957408905,0.060693610459566116,0.4490653872489929,0.017839614301919937,0.3989882171154022,0.3044007420539856,0.33940786123275757,0.02815006673336029,0.28136682510375977
126,0.03253570207111214,0.023239843871282494,0.8751061014507128,4.724279959033162e-05,0.5443249837211941,0.020770029138635706,0.21490557193756105,0.514905571937561,2,2111,0.734015166759491,0.513504147529602,0.022715158760547638,0,1e-05,3.186396598815918,0.1798805296421051,0.15333297848701477,0.734015166759491,0.13233037292957306,0.05673310160636902,0.5379942655563354,0.01668700762093067,0.42002761363983154,0.05884711444377899,0.4484349489212036,0.017792781814932823,0.39891111850738525,0.3083207905292511,0.33917784690856934,0.02773042395710945,0.2837904989719391
127,0.03228173534507337,0.02298737438800542,0.8749561620795209,4.648205725496392e-05,0.5443350387656171,0.021318877891257956,0.2163259506225586,0.5163259506225586,2,2111,0.7426726818084717,0.5115681886672974,0.024622632190585136,0,1e-05,3.186312437057495,0.1785351186990738,0.15431857109069824,0.7426726818084717,0.13331888616085052,0.059877943247556686,0.534656286239624,0.016774242743849754,0.42117583751678467,0.061683714389801025,0.4477351903915405,0.018024563789367676,0.4002212882041931,0.3058770000934601,0.340239554643631,0.02820257656276226,0.28434640169143677
128,0.032362073335958565,0.023069798784411472,0.874782989854398,4.623856733340527e-05,0.5439821948175845,0.022264337045175057,0.22032268047332765,0.5203226804733276,2,2111,0.7429933547973633,0.5086959600448608,0.021895261481404305,0,1e-05,3.181119680404663,0.17942574620246887,0.15280823409557343,0.7429933547973633,0.13315372169017792,0.05958111584186554,0.5461031198501587,0.01680172234773636,0.4099847376346588,0.06114470586180687,0.4554348289966583,0.017891954630613327,0.394972562789917,0.30642378330230713,0.3367593586444855,0.028176749125123024,0.28016942739486694
129,0.032171720719855766,0.022881640364294468,0.8745922213015349,4.659134941428657e-05,0.5436924177667369,0.021286192999945747,0.2168510675430298,0.5168510675430298,2,2111,0.7366459369659424,0.5053378939628601,0.023397300392389297,0,1e-05,3.1863553524017334,0.18522249162197113,0.1528317630290985,0.7366459369659424,0.13394898176193237,0.05897852033376694,0.542239785194397,0.016484685242176056,0.4122439920902252,0.0614614300429821,0.4512590765953064,0.017515987157821655,0.39591071009635925,0.3070277273654938,0.3372596502304077,0.02796090580523014,0.2806468605995178
130,0.03249859809875488,0.023210152173819748,0.874419629573822,4.7510694022766195e-05,0.5437749883402949,0.021835556312843604,0.21799851655960084,0.5179985165596008,2,2111,0.7424210906028748,0.5002387762069702,0.021751927211880684,0,1e-05,3.1825475692749023,0.17680305242538452,0.15349406003952026,0.7424210906028748,0.1321103274822235,0.061711713671684265,0.5411752462387085,0.016973067075014114,0.4080919325351715,0.06301341205835342,0.4514223635196686,0.018069904297590256,0.3923332691192627,0.30906784534454346,0.3369755148887634,0.02815753035247326,0.28199365735054016
131,0.03237498924136162,0.023088117413546726,0.874269337757774,4.7671587589834615e-05,0.5437015087708182,0.0210597494619864,0.21607608795166017,0.5160760879516602,2,2111,0.7420693635940552,0.5109220743179321,0.024055346846580505,0,1e-05,3.195814609527588,0.17934396862983704,0.15348005294799805,0.7420693635940552,0.13356225192546844,0.06371308863162994,0.5365412831306458,0.01681278832256794,0.4206005036830902,0.06486473977565765,0.44714099168777466,0.01790637895464897,0.3986319303512573,0.30553627014160156,0.3385525941848755,0.028069572523236275,0.28491926193237305
132,0.032584925951517144,0.02329965057256429,0.8741218395855116,5.253519149213705e-05,0.5435316044351329,0.02121805233425564,0.21550358533859254,0.5155035853385925,2,2111,0.7385061979293823,0.5058904886245728,0.02446436509490013,0,1e-05,3.191810369491577,0.18282511830329895,0.15353189408779144,0.7385061979293823,0.13439077138900757,0.059439681470394135,0.5358532071113586,0.016630202531814575,0.4141954481601715,0.06125010550022125,0.44851556420326233,0.01769137755036354,0.3968949019908905,0.3081933557987213,0.3391394019126892,0.027865465730428696,0.28457722067832947
133,0.03240052772604901,0.023117768537739048,0.8739393923593604,4.826638921614453e-05,0.542882388052733,0.020556605868869357,0.2189741849899292,0.5189741849899292,2,2111,0.7444673180580139,0.5159351825714111,0.023079536855220795,0,1e-05,3.2435593605041504,0.17799276113510132,0.1536017507314682,0.7444673180580139,0.13274456560611725,0.05751104652881622,0.5398600697517395,0.016567593440413475,0.4177332818508148,0.0594218447804451,0.4518117904663086,0.01772739738225937,0.39803388714790344,0.3078608810901642,0.33975762128829956,0.028129728510975838,0.28321313858032227
134,0.03228249692398569,0.023001281706535297,0.8737628874571427,4.650468326872215e-05,0.5431212886520054,0.02160881664134838,0.219667387008667,0.519667387008667,2,2111,0.7424802184104919,0.5077028870582581,0.02169618010520935,0,1e-05,3.190263032913208,0.17887799441814423,0.15298663079738617,0.7424802184104919,0.13345280289649963,0.05933600664138794,0.5438027381896973,0.016389649361371994,0.40677911043167114,0.06172017380595207,0.45416685938835144,0.01757357455790043,0.39260855317115784,0.3106273114681244,0.3382195234298706,0.027897508814930916,0.2806147038936615
135,0.0323382083164609,0.023059101127412007,0.8735807693522909,4.6605553348933384e-05,0.5428333334300829,0.021627605862087673,0.21678824424743653,0.5167882442474365,2,2111,0.7416772842407227,0.5049155950546265,0.02497492916882038,0,1e-05,3.217823028564453,0.18094448745250702,0.15332095324993134,0.7416772842407227,0.13446594774723053,0.05790332332253456,0.5386841297149658,0.016700539737939835,0.41523823142051697,0.0605013482272625,0.44858112931251526,0.01781202107667923,0.3968975245952606,0.3066484034061432,0.33821046352386475,0.028085174039006233,0.28270477056503296
136,0.03240456270134967,0.023127561435103416,0.8734159469604492,4.687697171744809e-05,0.5423732840496561,0.023374312789351852,0.21927787065505983,0.5192778706550598,2,2111,0.7420029640197754,0.49347367882728577,0.020985690876841545,0,1e-05,3.234459161758423,0.18035010993480682,0.15340939164161682,0.7420029640197754,0.13184811174869537,0.05788181722164154,0.5426486730575562,0.01683446392416954,0.40135446190834045,0.06028422340750694,0.4531894326210022,0.01787782832980156,0.388977587223053,0.3072975277900696,0.33927035331726074,0.028369653970003128,0.27793800830841064
137,0.032263487577438354,0.022987691118665363,0.8732491679813551,4.62935150489616e-05,0.542842307816381,0.02278250969780816,0.21946085691452027,0.5194608569145203,2,2111,0.7393917441368103,0.5031514763832092,0.02274508960545063,0,1e-05,3.3936927318573,0.18116387724876404,0.15410108864307404,0.7393917441368103,0.13009411096572876,0.060385849326848984,0.5439326167106628,0.016603641211986542,0.40787407755851746,0.06325181573629379,0.45533549785614014,0.017725015059113503,0.3934275209903717,0.30864623188972473,0.33918359875679016,0.027949580922722816,0.2759489417076111
138,0.03224546624266583,0.02297132016847963,0.8730880488520083,5.164909231572655e-05,0.54274917167166,0.021295114870424625,0.21667743921279908,0.5166774392127991,2,2111,0.7386046051979065,0.522276759147644,0.024199113249778748,0,1e-05,3.344322681427002,0.1812332421541214,0.15140892565250397,0.7386046051979065,0.13347205519676208,0.0570223405957222,0.5421020984649658,0.016718000173568726,0.4260731637477875,0.05859620124101639,0.44959601759910583,0.017887795343995094,0.40226835012435913,0.30527839064598083,0.3364071547985077,0.02800348959863186,0.2842783033847809
139,0.03232354508793872,0.02305147651097049,0.8729169005933015,5.15420443148089e-05,0.5423839040424513,0.021521757902922455,0.21772814989089967,0.5177281498908997,2,2111,0.7427150011062622,0.5030964612960815,0.024421928450465202,0,1e-05,3.259950876235962,0.18144579231739044,0.15364016592502594,0.7427150011062622,0.13495372235774994,0.05812545493245125,0.5388591289520264,0.016433024778962135,0.4110788106918335,0.06078092381358147,0.45022836327552795,0.017723161727190018,0.39399975538253784,0.3076767325401306,0.33911004662513733,0.02818324603140354,0.2828183174133301
140,0.03229472105917723,0.02302440498834071,0.8727364514185034,4.8464698129859954e-05,0.5424669462701549,0.02396956549750434,0.21732969284057618,0.5173296928405762,2,2111,0.736540675163269,0.49245166778564453,0.02197185717523098,0,1e-05,3.207275152206421,0.1802082657814026,0.1533959060907364,0.736540675163269,0.1333857774734497,0.05963244289159775,0.5433647036552429,0.016589123755693436,0.4025837779045105,0.062155965715646744,0.45234596729278564,0.017719781026244164,0.390293687582016,0.3107612729072571,0.33706745505332947,0.028167741373181343,0.2799401581287384
141,0.03224075917640458,0.022972935081824013,0.8725310330805571,4.626817447032131e-05,0.5420510639315066,0.021166932847764757,0.2184556245803833,0.5184556245803833,2,2111,0.7418586015701294,0.5054768323898315,0.023780139163136482,0,1e-05,3.203021764755249,0.1829090714454651,0.1533122956752777,0.7418586015701294,0.13283739984035492,0.05996197834610939,0.5420899987220764,0.01673329807817936,0.4101443886756897,0.062406111508607864,0.4523923099040985,0.017771586775779724,0.3946326673030853,0.3109027147293091,0.3374815583229065,0.02812306582927704,0.28066542744636536
142,0.03215538426909758,0.0228895952358194,0.8723631242047185,4.6278508228209354e-05,0.541695211244666,0.022007100423177082,0.21678144931793214,0.5167814493179321,2,2111,0.7379539608955383,0.4900038242340088,0.02246164344251156,0,1e-05,3.2277369499206543,0.1812935769557953,0.154575377702713,0.7379539608955383,0.13237407803535461,0.06306807696819305,0.5383852124214172,0.01646691933274269,0.4015243649482727,0.06550956517457962,0.4506039321422577,0.01767302304506302,0.389013409614563,0.3119160234928131,0.34018269181251526,0.027840550988912582,0.27861398458480835
143,0.03269476046704728,0.023430505686480065,0.8721946711125581,4.621027050155175e-05,0.5418456248615099,0.021986565201370805,0.21553189754486085,0.5155318975448608,2,2111,0.7435742020606995,0.5161653161048889,0.023954341188073158,0,1e-05,3.228912591934204,0.18254545331001282,0.15416313707828522,0.7435742020606995,0.1350281983613968,0.054333072155714035,0.5315042734146118,0.01640794612467289,0.42257577180862427,0.057178277522325516,0.44513678550720215,0.017612386494874954,0.4000978469848633,0.3080800771713257,0.3419121503829956,0.028057759627699852,0.28422316908836365
144,0.032319836237508316,0.023057778973294342,0.872002477231233,4.687168984673917e-05,0.5415637596793796,0.021712754991319444,0.21976215839385987,0.5197621583938599,2,2111,0.7413546442985535,0.5055147409439087,0.02203686162829399,0,1e-05,3.1985976696014404,0.181834876537323,0.15355625748634338,0.7413546442985535,0.13308711349964142,0.05579806864261627,0.5444383025169373,0.016674399375915527,0.40639787912368774,0.05850129574537277,0.4551236033439636,0.01775851473212242,0.39309775829315186,0.3115276098251343,0.33813220262527466,0.028264785185456276,0.2799677550792694
145,0.03263241919162481,0.023371489799540977,0.8718830994937731,4.9808675058833934e-05,0.5416007741637852,0.02570070959020544,0.21928782463073732,0.5192878246307373,2,2111,0.7322569489479065,0.5002251863479614,0.020604711025953293,0,1e-05,3.194066047668457,0.17699046432971954,0.15317536890506744,0.7322569489479065,0.1299014687538147,0.06002584844827652,0.548764169216156,0.01698346622288227,0.4029231369495392,0.06279768794775009,0.45844027400016785,0.01798854023218155,0.3906528055667877,0.3123578429222107,0.33768975734710693,0.02817113697528839,0.2751856744289398
146,0.03244107629617919,0.023182413338319115,0.8716606005378391,4.568787161311459e-05,0.5416001314702241,0.021050664548520687,0.21771807670593263,0.5177180767059326,2,2111,0.7453650832176208,0.5089210867881775,0.0250412505120039,0,1e-05,3.183413505554199,0.18288376927375793,0.15328827500343323,0.7453650832176208,0.1331879049539566,0.05760278180241585,0.5386626124382019,0.016554074361920357,0.41827529668807983,0.05948466807603836,0.44850030541419983,0.017751989886164665,0.3980831503868103,0.30503344535827637,0.3383442461490631,0.028255106881260872,0.2809861898422241
147,0.032211030145054276,0.02295447375787341,0.8714898306390514,4.567584224075646e-05,0.5412017625311146,0.02067363852041739,0.21642602682113649,0.5164260268211365,2,2111,0.7376116514205933,0.5104252099990845,0.022790851071476936,0,1e-05,3.201141595840454,0.18241184949874878,0.1535498946905136,0.7376116514205933,0.13275554776191711,0.05724814534187317,0.5396325588226318,0.016948793083429337,0.41578754782676697,0.05932890996336937,0.4503316879272461,0.017905764281749725,0.39781638979911804,0.3085026741027832,0.3381282687187195,0.028179140761494637,0.28320547938346863
148,0.03227164442448512,0.023016447606294052,0.8713486583336539,4.6031498799414336e-05,0.5412496898485266,0.021685154385036893,0.2163341760635376,0.5163341760635376,2,2111,0.7360318303108215,0.5163838267326355,0.024134561419487,0,1e-05,3.2110958099365234,0.17958000302314758,0.15236957371234894,0.7360318303108215,0.13301648199558258,0.05869852006435394,0.5409815907478333,0.01674332655966282,0.42079153656959534,0.06008489057421684,0.45093366503715515,0.017805110663175583,0.39937305450439453,0.30646130442619324,0.33738961815834045,0.027839643880724907,0.28367879986763
149,0.03232804621043413,0.02307557176960551,0.8711211992346722,4.513715738658389e-05,0.5408112821371659,0.021509691309045863,0.2189548134803772,0.5189548134803772,2,2111,0.7402169704437256,0.5170637369155884,0.023001467809081078,0,1e-05,3.1892964839935303,0.18142713606357574,0.15354909002780914,0.7402169704437256,0.1323980689048767,0.06295563280582428,0.5429720878601074,0.016715645790100098,0.4153289794921875,0.0651196762919426,0.45375174283981323,0.017793772742152214,0.39739862084388733,0.31185272336006165,0.33887842297554016,0.028165338560938835,0.2803216576576233
150,0.032427754334133606,0.023177486803868542,0.8709309878556625,4.7613723480658926e-05,0.5404817928438601,0.021012915717230903,0.218841028213501,0.518841028213501,2,2111,0.7417385578155518,0.5132575631141663,0.022524869069457054,0,1.0000000000000002e-06,3.2005245685577393,0.17770375311374664,0.15284043550491333,0.7417385578155518,0.13072586059570312,0.05912371352314949,0.5427151918411255,0.016737772151827812,0.4150853157043457,0.06088964641094208,0.4530564248561859,0.01778985746204853,0.39695602655410767,0.30717507004737854,0.33785393834114075,0.028257694095373154,0.2807755768299103
151,0.03239921051199022,0.02314985729753971,0.8708083370457524,4.5991988293320425e-05,0.540810543557872,0.021225878962764035,0.21909250020980836,0.5190925002098083,2,2111,0.7417026162147522,0.5121245384216309,0.024244576692581177,0,1.0000000000000002e-06,3.201429605484009,0.1825675666332245,0.1541004478931427,0.7417026162147522,0.1331317275762558,0.061399027705192566,0.5406203269958496,0.016764027997851372,0.4108336269855499,0.06413651257753372,0.45432379841804504,0.01777055487036705,0.3948138356208801,0.31049102544784546,0.3397233784198761,0.028309907764196396,0.2818394899368286
152,0.03217052093342594,0.022921713474004166,0.8707711126493372,4.520324000623077e-05,0.5406441040661024,0.02115850180166739,0.21694571971893312,0.5169457197189331,2,2111,0.73848956823349,0.5060233473777771,0.024687955155968666,0,1.0000000000000002e-06,3.1779589653015137,0.18339338898658752,0.15393224358558655,0.73848956823349,0.13403886556625366,0.05381271243095398,0.5379126071929932,0.016631638631224632,0.4078964293003082,0.05572887137532234,0.4516698122024536,0.01764610968530178,0.39255428314208984,0.3119475841522217,0.33971089124679565,0.02818254753947258,0.28595098853111267
153,0.032381014736450234,0.023132428769832073,0.8707325069800668,4.4189791009083145e-05,0.540819235469984,0.02054990047878689,0.21900017261505128,0.5190001726150513,2,2111,0.7426682710647583,0.5155985951423645,0.021587103605270386,0,1.0000000000000002e-06,3.191544771194458,0.1780148446559906,0.1529844105243683,0.7426682710647583,0.13200543820858002,0.05774930864572525,0.542803943157196,0.016804251819849014,0.4168500006198883,0.05869375541806221,0.45297643542289734,0.017933353781700134,0.3981863260269165,0.30752888321876526,0.33755218982696533,0.028213849291205406,0.2812204957008362
154,0.032282834629649704,0.023034786481572235,0.8707009838974994,4.387177724983422e-05,0.5405990870102592,0.020899256388346353,0.21736974716186525,0.5173697471618652,2,2111,0.7405874729156494,0.5156824588775635,0.022505562752485275,0,1.0000000000000002e-06,3.1877474784851074,0.18090082705020905,0.15355291962623596,0.7405874729156494,0.1328052431344986,0.05660884827375412,0.5382423400878906,0.016742302104830742,0.4175480008125305,0.05860002338886261,0.45070353150367737,0.01784171164035797,0.3977753818035126,0.31010702252388,0.3399456739425659,0.02802613563835621,0.2841545045375824
155,0.03210079556573992,0.022853211216304615,0.8706763853197512,4.376499687761838e-05,0.5403827247412308,0.020873389915183737,0.2190815329551697,0.5190815329551697,2,2111,0.7427038550376892,0.5073651075363159,0.024423319846391678,0,1.0000000000000002e-06,3.1963720321655273,0.18292850255966187,0.15379050374031067,0.7427038550376892,0.13191324472427368,0.05271810665726662,0.5402677655220032,0.0165996290743351,0.4077877998352051,0.05557405948638916,0.4530313014984131,0.01771773397922516,0.39160236716270447,0.31171125173568726,0.3403231203556061,0.028235239908099174,0.2809048295021057
156,0.031943825114032494,0.022696487038679745,0.8706515846045121,4.380231684595144e-05,0.5403842433639194,0.023365025555645978,0.2190754532814026,0.5190754532814026,2,2111,0.7393112778663635,0.49764397740364075,0.02381293661892414,0,1.0000000000000002e-06,3.190869092941284,0.17946892976760864,0.15342293679714203,0.7393112778663635,0.1338328719139099,0.06002398207783699,0.5445737242698669,0.016677016392350197,0.4018312096595764,0.0632278323173523,0.455353319644928,0.01776958256959915,0.3913303017616272,0.3148864209651947,0.3370635211467743,0.028054969385266304,0.27865004539489746
157,0.032171610094930816,0.0229244001371705,0.870629836683688,4.381815976913735e-05,0.5404730024545089,0.02183246471263744,0.21727384328842164,0.5172738432884216,2,2111,0.7411092519760132,0.5272289514541626,0.0238882377743721,0,1.0000000000000002e-06,3.2125422954559326,0.17941929399967194,0.1536160111427307,0.7411092519760132,0.13365913927555084,0.0550680048763752,0.537726104259491,0.016707858070731163,0.42657363414764404,0.0563676543533802,0.45010730624198914,0.017781920731067657,0.4024102985858917,0.30765432119369507,0.34015265107154846,0.02797369845211506,0.2851153612136841
158,0.0322742176282665,0.023027108253344246,0.8706082312957101,4.385802300100255e-05,0.5405879927718121,0.02111350193730107,0.2155581831932068,0.5155581831932068,2,2111,0.7386834621429443,0.5011741518974304,0.023101700469851494,0,1.0000000000000002e-06,3.2104949951171875,0.18235045671463013,0.15325312316417694,0.7386834621429443,0.1336013227701187,0.05403423681855202,0.5376992225646973,0.016607847064733505,0.4119398891925812,0.055767856538295746,0.4481995105743408,0.01761433109641075,0.39528369903564453,0.31072649359703064,0.33765044808387756,0.028047189116477966,0.2841794788837433
159,0.031967769012503,0.02272084436338881,0.8705879061118417,4.394194721775737e-05,0.540605894897295,0.021608129713270398,0.21901119947433473,0.5190111994743347,2,2111,0.7402357459068298,0.5133984684944153,0.02418922260403633,0,1.0000000000000002e-06,3.178402900695801,0.1821354627609253,0.15348027646541595,0.7402357459068298,0.1326618790626526,0.058501359075307846,0.5436154007911682,0.01659025438129902,0.415217787027359,0.06077355518937111,0.45428767800331116,0.017708241939544678,0.3978138267993927,0.308537095785141,0.3379059433937073,0.028092728927731514,0.27985695004463196
160,0.03216958588556103,0.022922710151128147,0.8705665391424428,4.390911619892627e-05,0.5407705332921899,0.022320883574309173,0.2196967124938965,0.5196967124938965,2,2111,0.7423125505447388,0.5055065155029297,0.022797564044594765,0,1.0000000000000002e-06,3.1860806941986084,0.17942021787166595,0.15383827686309814,0.7423125505447388,0.13115157186985016,0.06557086855173111,0.5437855124473572,0.016796031966805458,0.40960967540740967,0.0678684189915657,0.4548758268356323,0.01792924292385578,0.3936992287635803,0.31263506412506104,0.3378129303455353,0.02833252027630806,0.28010812401771545
161,0.03212194379581058,0.022875306965864223,0.8705463538999143,4.3794183748895705e-05,0.5407354106073794,0.02080064731174045,0.21767224073410035,0.5176722407341003,2,2111,0.7419434785842896,0.5073785185813904,0.02409627102315426,0,1.0000000000000002e-06,3.2201852798461914,0.18132328987121582,0.1538061797618866,0.7419434785842896,0.13443130254745483,0.06003234162926674,0.5392435193061829,0.016691401600837708,0.412417471408844,0.06233909726142883,0.4509279429912567,0.01780588924884796,0.39615216851234436,0.31155839562416077,0.33857399225234985,0.028174905106425285,0.2823437452316284
162,0.031899711441086685,0.022653567969151165,0.8705234501672827,4.390024142871287e-05,0.5404695738916812,0.021117155569571035,0.21849180459976197,0.518491804599762,2,2111,0.7419482469558716,0.5045984983444214,0.02321379818022251,0,1.0000000000000002e-06,3.2264251708984375,0.18131689727306366,0.15423379838466644,0.7419482469558716,0.13127583265304565,0.06397157162427902,0.5400004982948303,0.0167254488915205,0.4104119837284088,0.06636806577444077,0.4524417221546173,0.017799012362957,0.39478227496147156,0.3121331036090851,0.3395768105983734,0.02810276672244072,0.2790576219558716
163,0.03193463854815649,0.0226886209262454,0.8705019976781763,4.3929069721818216e-05,0.5405579235242761,0.020638880411783855,0.2178276300430298,0.5178276300430298,2,2111,0.7417833209037781,0.5153642892837524,0.024376511573791504,0,1.0000000000000002e-06,3.1839120388031006,0.18269233405590057,0.153127983212471,0.7417833209037781,0.13340231776237488,0.05571141839027405,0.5389760732650757,0.016703050583600998,0.4165075719356537,0.057223349809646606,0.45097431540489197,0.01782224513590336,0.3974302113056183,0.3073566257953644,0.33957675099372864,0.0280674546957016,0.2839025855064392
164,0.03195372474906237,0.02270804556167644,0.8704805633296138,4.394789768570184e-05,0.540433987327244,0.020893719143337673,0.21786142587661744,0.5178614258766174,2,2111,0.7403849959373474,0.51650470495224,0.023964695632457733,0,1.0000000000000002e-06,3.1892457008361816,0.18630501627922058,0.1528516709804535,0.7403849959373474,0.1336672008037567,0.05443035066127777,0.5410642623901367,0.01665334589779377,0.41806983947753906,0.056705087423324585,0.45130059123039246,0.017746904864907265,0.3987526595592499,0.30648648738861084,0.3386957347393036,0.028210381045937538,0.28294625878334045
165,0.03223654320058615,0.02299110129799532,0.870460015276204,4.40096697749813e-05,0.5404022180515787,0.02105232549596716,0.21702284812927247,0.5170228481292725,2,2111,0.7413237690925598,0.5093845725059509,0.02384580485522747,0,1.0000000000000002e-06,3.1953165531158447,0.18232890963554382,0.15333136916160583,0.7413237690925598,0.13408036530017853,0.054498061537742615,0.5387776494026184,0.01659141294658184,0.4158422648906708,0.05740909278392792,0.449201375246048,0.017805974930524826,0.3971436023712158,0.30852779746055603,0.3387887477874756,0.028122199699282646,0.2828465700149536
166,0.03239033662754556,0.023144954977476078,0.870442719563194,4.395427411351272e-05,0.5405150626016699,0.02134818889476635,0.21590484380722047,0.5159048438072205,2,2111,0.7357634902000427,0.519919753074646,0.024711862206459045,0,1.0000000000000002e-06,3.185204029083252,0.1831386685371399,0.15247446298599243,0.7357634902000427,0.1334252655506134,0.05775172635912895,0.5396501421928406,0.016544658690690994,0.4233602285385132,0.058925073593854904,0.44997966289520264,0.01764085702598095,0.4010942876338959,0.3048149049282074,0.3382261395454407,0.027953967452049255,0.28295183181762695
167,0.03222789615392685,0.022982633632162342,0.8704217568687771,4.390038457527028e-05,0.5406055657759957,0.024600353099681713,0.22047896385192872,0.5204789638519287,2,2111,0.7412578463554382,0.4936213195323944,0.02194996364414692,0,1.0000000000000002e-06,3.203777551651001,0.17982660233974457,0.15203097462654114,0.7412578463554382,0.13171344995498657,0.06756843626499176,0.5496535897254944,0.01683506928384304,0.4007558524608612,0.0699160173535347,0.4563869535923004,0.017925336956977844,0.3904338777065277,0.3113242983818054,0.3346174657344818,0.028211534023284912,0.2770419716835022
168,0.032156166094152824,0.02291149573157663,0.870402991771698,4.393760853259743e-05,0.540201397045799,0.021668139139811197,0.21808017492294313,0.5180801749229431,2,2111,0.7383480072021484,0.5160743594169617,0.02224181592464447,0,1.0000000000000002e-06,3.1980671882629395,0.18360485136508942,0.15313903987407684,0.7383480072021484,0.13248680531978607,0.05534797161817551,0.5431239008903503,0.016537567600607872,0.41588151454925537,0.05795576795935631,0.45289385318756104,0.017596760764718056,0.3985828459262848,0.31065821647644043,0.3379548192024231,0.028159068897366524,0.28052225708961487
169,0.032228934781058975,0.022984168694719025,0.8703846102175505,4.401514588212392e-05,0.5404804970907129,0.021176413076895256,0.21459383964538575,0.5145938396453857,2,2111,0.7371606826782227,0.5142695307731628,0.02475089021027088,0,1.0000000000000002e-06,3.2008705139160156,0.18165330588817596,0.15487870573997498,0.7371606826782227,0.1344185769557953,0.05559934675693512,0.5320555567741394,0.016531072556972504,0.4169609248638153,0.05799415707588196,0.4473392963409424,0.017606861889362335,0.3975077271461487,0.31364572048187256,0.34181979298591614,0.02781057544052601,0.28661084175109863
170,0.03226173717690551,0.02301747635330843,0.8703596177308456,4.401459085309635e-05,0.5402249927106111,0.024035533198603878,0.2170212984085083,0.5170212984085083,2,2111,0.7418020367622375,0.4778061807155609,0.023586010560393333,0,1.0000000000000002e-06,3.1960408687591553,0.1815262734889984,0.15521705150604248,0.7418020367622375,0.13364990055561066,0.05714607983827591,0.5361214876174927,0.01646280661225319,0.3964361548423767,0.06083853915333748,0.44948312640190125,0.01762843318283558,0.3864189684391022,0.3120185434818268,0.34067854285240173,0.028159907087683678,0.27719151973724365
171,0.03191802845053051,0.022673967172918114,0.8703418192656144,4.4005406063819386e-05,0.5402037967806277,0.02071150405318649,0.2189577341079712,0.5189577341079712,2,2111,0.7413933873176575,0.5150109529495239,0.02237199991941452,0,1.0000000000000002e-06,3.2184789180755615,0.1807243973016739,0.15315330028533936,0.7413933873176575,0.1318100243806839,0.05808991193771362,0.5422160625457764,0.016638370230793953,0.4156799614429474,0.05926255136728287,0.4536654055118561,0.01769435405731201,0.3973240852355957,0.30641645193099976,0.33855605125427246,0.027996644377708435,0.2815200686454773
172,0.03195478686172029,0.022710663873864258,0.8703185216240261,4.404940631028022e-05,0.5404985184254854,0.021243767632378473,0.21889902353286744,0.5188990235328674,2,2111,0.7421762347221375,0.5024802684783936,0.021305479109287262,0,1.0000000000000002e-06,3.21071457862854,0.1785687804222107,0.15360704064369202,0.7421762347221375,0.13199640810489655,0.06005500629544258,0.5415458083152771,0.016867104917764664,0.40547361969947815,0.06190808489918709,0.4530070424079895,0.0179604422301054,0.39059144258499146,0.30751022696495056,0.3388669192790985,0.02818458527326584,0.2807316184043884
173,0.03208805442504261,0.022844259991593983,0.8702958977740743,4.4032209742632084e-05,0.5403957392858423,0.021358346162018954,0.22019840478897096,0.520198404788971,2,2111,0.7450479865074158,0.5105462670326233,0.02222868800163269,0,1.0000000000000002e-06,3.192030429840088,0.179811492562294,0.15356001257896423,0.7450479865074158,0.1323801577091217,0.05588310956954956,0.543570876121521,0.016697481274604797,0.41204023361206055,0.057863540947437286,0.45423510670661926,0.01783294975757599,0.39628878235816956,0.30968138575553894,0.3379397988319397,0.02823774516582489,0.2799146771430969
174,0.032205666860808495,0.022962150933301968,0.8702821109605872,4.402735984236326e-05,0.5402552018994871,0.02097946223506221,0.21703643798828126,0.5170364379882812,2,2111,0.7411621809005737,0.5157837867736816,0.0242764875292778,0,1.0000000000000002e-06,3.189033031463623,0.18077504634857178,0.15381991863250732,0.7411621809005737,0.1326596438884735,0.05845785513520241,0.5375697612762451,0.016787318512797356,0.42274177074432373,0.05958957597613335,0.45014718174934387,0.017809608951210976,0.4014442265033722,0.30685919523239136,0.3392665386199951,0.028154266998171806,0.2821561098098755
175,0.032404164743164314,0.023160731986812923,0.8702571495719578,4.404244543326533e-05,0.5404218409372412,0.021072341918945314,0.21810336112976075,0.5181033611297607,2,2111,0.7388617396354675,0.5095979571342468,0.02157820388674736,0,1.0000000000000002e-06,3.2038333415985107,0.1813463717699051,0.15171630680561066,0.7388617396354675,0.1314963698387146,0.06227974221110344,0.5447126030921936,0.016789842396974564,0.41293901205062866,0.06301331520080566,0.45261630415916443,0.017737727612257004,0.39567944407463074,0.30353793501853943,0.336222767829895,0.028042199090123177,0.28081223368644714
176,0.032078495249152184,0.02283509359087633,0.8702349351800006,4.3985993808904745e-05,0.5406127986700638,0.02284421737105758,0.2180630087852478,0.5180630087852478,2,2111,0.7433273792266846,0.49306389689445496,0.025126824155449867,0,1.0000000000000002e-06,3.2198832035064697,0.18471981585025787,0.153185173869133,0.7433273792266846,0.13498197495937347,0.05751997232437134,0.5416498184204102,0.01675206422805786,0.404475599527359,0.060057178139686584,0.4504934549331665,0.01787678152322769,0.39191097021102905,0.30905675888061523,0.3367813229560852,0.02825840376317501,0.2800225615501404
177,0.03210473587007626,0.022861860125609066,0.8702125730721847,4.401623506134416e-05,0.540309911188872,0.02122897282353154,0.2183076858520508,0.5183076858520508,2,2111,0.7447481155395508,0.5068536996841431,0.024504639208316803,0,1.0000000000000002e-06,3.2478432655334473,0.1796836405992508,0.15470492839813232,0.7447481155395508,0.13430310785770416,0.05458250269293785,0.5369309782981873,0.016834799200296402,0.4108540415763855,0.056992288678884506,0.4512009024620056,0.01801341213285923,0.3934924900531769,0.3125312626361847,0.3403506278991699,0.0282069630920887,0.2846389412879944
178,0.03245080513474734,0.023207876345385677,0.8701982135358064,4.4062323823986254e-05,0.5405073580534562,0.022417787339952255,0.21956415176391603,0.519564151763916,2,2111,0.742050051689148,0.4987005889415741,0.021915540099143982,0,1.0000000000000002e-06,3.2461392879486084,0.18163910508155823,0.15347130596637726,0.742050051689148,0.13140398263931274,0.05852629616856575,0.5441418886184692,0.01663554087281227,0.40544697642326355,0.06080058589577675,0.45422083139419556,0.017821328714489937,0.39125850796699524,0.30671387910842896,0.3378438949584961,0.028233477845788002,0.2793455719947815
179,0.03210192683922208,0.022859449619832245,0.8701767584551936,4.398247841416615e-05,0.5402700875116431,0.0230357824254919,0.2190854072570801,0.5190854072570801,2,2111,0.7438712120056152,0.5082400441169739,0.024883849546313286,0,1.0000000000000002e-06,3.2498223781585693,0.185989111661911,0.1526365727186203,0.7438712120056152,0.1323859691619873,0.05800579488277435,0.543192446231842,0.01665899157524109,0.4151090085506439,0.060510654002428055,0.45207393169403076,0.0178111232817173,0.397671639919281,0.3033761978149414,0.33720412850379944,0.028193550184369087,0.27824094891548157
180,0.03214929746868818,0.02290719747543335,0.8701563840327056,4.409094633402951e-05,0.5400957154191058,0.02191770624231409,0.21606905460357667,0.5160690546035767,2,2111,0.7339167594909668,0.518231213092804,0.026013730093836784,0,1.0000000000000002e-06,3.2846906185150146,0.18118983507156372,0.15496544539928436,0.7339167594909668,0.1325344294309616,0.05479060858488083,0.5360560417175293,0.016392027959227562,0.416930615901947,0.05675813555717468,0.4525740444660187,0.01748393289744854,0.39792361855506897,0.30930885672569275,0.34172946214675903,0.028081541880965233,0.283207505941391
181,0.032112396767605904,0.022870456637895626,0.8701360743978749,4.416094848040856e-05,0.5401373583337535,0.021036055670844184,0.21495903730392457,0.5149590373039246,2,2111,0.7387612462043762,0.5166364908218384,0.024358687922358513,0,1.0000000000000002e-06,3.386967182159424,0.1832210272550583,0.15382161736488342,0.7387612462043762,0.13377995789051056,0.052634626626968384,0.5345801711082458,0.016449440270662308,0.42377662658691406,0.055256448686122894,0.44637879729270935,0.01759558543562889,0.40123656392097473,0.3103795647621155,0.3401159346103668,0.027977263554930687,0.2831553518772125
182,0.032231734660656555,0.02298974302475867,0.8701170371926349,4.385435860730586e-05,0.5403827687968379,0.021732274655942563,0.21895815134048463,0.5189581513404846,2,2111,0.7437039017677307,0.5078773498535156,0.02442050725221634,0,1.0000000000000002e-06,3.32606840133667,0.18304979801177979,0.1539873629808426,0.7437039017677307,0.13191185891628265,0.062224965542554855,0.5406689047813416,0.016782943159341812,0.41345182061195374,0.0646284744143486,0.45243707299232483,0.01789185218513012,0.3958912193775177,0.3068840503692627,0.33902281522750854,0.028279436752200127,0.2807448208332062
183,0.03214474427311317,0.022903229474373486,0.870091886624046,4.374084164737724e-05,0.5401591036630713,0.021336678398980034,0.2167597532272339,0.5167597532272339,2,2111,0.7404705882072449,0.5107686519622803,0.024042105302214622,0,1.0000000000000002e-06,3.2138772010803223,0.1815032958984375,0.15281417965888977,0.7404705882072449,0.13343951106071472,0.05591233819723129,0.5383543968200684,0.016635017469525337,0.41673970222473145,0.05779005587100983,0.44909319281578064,0.017759831622242928,0.39695221185684204,0.30833888053894043,0.3391207754611969,0.02818124368786812,0.2838553190231323
