epoch,train_total,train_recon,train_mixing,train_zero_recon,train_z_l2,val_recon,val_separation,sep_base,n_dup,tops,clean_max_corr,max_pair_corr,min_energy_ratio,n_dead,lr,sec,corr_e0_x_clean,corr_e1_x_clean,corr_e2_x_clean,corr_e3_x_clean,corr_e0_bw,corr_e1_bw,corr_e2_bw,corr_e3_bw,corr_e0_ma,corr_e1_ma,corr_e2_ma,corr_e3_ma,corr_e0_em,corr_e1_em,corr_e2_em,corr_e3_em
1,0.38854189022727637,0.36927971697371936,1.5301695232805999,0.25823949131628743,1.3780790541483008,0.15974689172815393,0.007564258575439464,0.30756425857543945,2,2212,0.11187878251075745,0.6977449655532837,0.2161567062139511,0,0.001,3.6969752311706543,0.08854889124631882,0.10854146629571915,0.11187878251075745,0.10623985528945923,0.33838391304016113,0.4294201731681824,0.5181415677070618,0.5066422820091248,0.28645870089530945,0.363680362701416,0.35361120104789734,0.352831095457077,0.17815323173999786,0.20326043665409088,0.23655623197555542,0.23519815504550934
2,0.22195546264233795,0.20507912208204684,1.5229671519735586,0.010162473185514302,1.5450454483861509,0.13728189199942128,0.039972883462905895,0.3399728834629059,2,2232,0.11641955375671387,0.6566333174705505,0.04646539315581322,0,0.001,3.224578380584717,0.11235015839338303,0.11546522378921509,0.11641955375671387,0.1133643388748169,0.43933942914009094,0.474560409784317,0.5549232363700867,0.4354765713214874,0.3990739583969116,0.4014413356781006,0.4370254874229431,0.4390887916088104,0.2151012271642685,0.22613798081874847,0.24945998191833496,0.20601098239421844
3,0.20728421664756277,0.1909858305817065,1.504873073619345,0.004605795679431732,1.2035973953164143,0.13195986373336227,0.04518784284591676,0.34518784284591675,2,3232,0.11844030767679214,0.6892938613891602,0.10102429986000061,0,0.001,3.21246600151062,0.11275193095207214,0.1181071549654007,0.11644824594259262,0.11844030767679214,0.4398057162761688,0.5124231576919556,0.5579249262809753,0.5037471652030945,0.40163105726242065,0.4266238212585449,0.41545119881629944,0.4489571154117584,0.21666298806667328,0.23602989315986633,0.2554290294647217,0.24239566922187805
4,0.19975275513918503,0.18365580620973007,1.4863612133523691,0.015993294992570198,1.0734043924704841,0.11869853606047454,0.19110257029533387,0.34110257029533386,1,3203,0.13003577291965485,0.649262547492981,0.06653773039579391,0,0.001,3.216644048690796,0.11950252950191498,0.12218019366264343,0.12002253532409668,0.13003577291965485,0.47914108633995056,0.5053415894508362,0.5346131324768066,0.43360084295272827,0.4414142072200775,0.42415934801101685,0.4150860905647278,0.4268195927143097,0.23003153502941132,0.2349536418914795,0.25586238503456116,0.25834712386131287
5,0.18414603173732758,0.16846410541430765,1.4663561634395434,0.005143975188927826,0.9669239987497744,0.11077564493815104,0.3757697641849518,0.3757697641849518,0,1203,0.1251773089170456,0.620360255241394,0.09456208348274231,0,0.001,3.1883671283721924,0.12164981663227081,0.1251773089170456,0.12431886792182922,0.11968468874692917,0.4456787705421448,0.49692681431770325,0.5459688901901245,0.27689406275749207,0.429146945476532,0.42592304944992065,0.42301231622695923,0.26653310656547546,0.2248014658689499,0.23521949350833893,0.2774197459220886,0.40278586745262146
6,0.1753545597843502,0.16005180193030316,1.4434151804965476,0.0015377116037795888,0.8532302224117777,0.10257027633101852,0.22279966473579407,0.37279966473579407,1,3203,0.14689262211322784,0.6406510472297668,0.09718220680952072,0,0.001,3.1828606128692627,0.12493392825126648,0.12328565865755081,0.12777188420295715,0.14689262211322784,0.46990329027175903,0.5064446330070496,0.5268491506576538,0.25683221220970154,0.4480217397212982,0.43839314579963684,0.4081948399543762,0.24713796377182007,0.23335115611553192,0.2420908659696579,0.2871251404285431,0.36943522095680237
7,0.16715176533097806,0.152151128196198,1.4198964471402375,0.0009808543665871105,0.7918652581131976,0.10524340368200231,0.2247764527797699,0.3747764527797699,1,3203,0.1710890531539917,0.6239824891090393,0.10714226216077805,0,0.001,3.2120232582092285,0.12431037425994873,0.12654459476470947,0.12912651896476746,0.1710890531539917,0.4678312838077545,0.49206972122192383,0.5398621559143066,0.1953313797712326,0.44362249970436096,0.42202237248420715,0.4150398373603821,0.1935899555683136,0.2375081330537796,0.23842884600162506,0.2893127501010895,0.3445321321487427
8,0.164221888003142,0.14941253545491592,1.3981828534084817,0.005436074383475859,0.7731632486633633,0.09909108027705439,0.22170130014419556,0.37170130014419556,1,3203,0.19585488736629486,0.6195366978645325,0.11935069411993027,0,0.001,3.2189290523529053,0.12558667361736298,0.11879655718803406,0.12177081406116486,0.19585488736629486,0.47769081592559814,0.49259069561958313,0.5188269019126892,0.16103148460388184,0.44392669200897217,0.42695173621177673,0.4020761549472809,0.15707728266716003,0.23991413414478302,0.23473595082759857,0.2755199074745178,0.32819679379463196
9,0.15093104411726413,0.13630696969187778,1.3793670457342397,0.0043277034293050355,0.7871283992477085,0.09003136867947048,0.07921375036239625,0.37921375036239624,2,3003,0.25060683488845825,0.6273379325866699,0.12746460735797882,0,0.001,3.205662250518799,0.13008533418178558,0.12430763244628906,0.13258817791938782,0.25060683488845825,0.4892430305480957,0.4862360656261444,0.47062134742736816,0.09135609865188599,0.4690239429473877,0.4242735505104065,0.377884179353714,0.09962327778339386,0.24905969202518463,0.2386198490858078,0.29802948236465454,0.3079811930656433
10,0.13835986671240433,0.12399421502714572,1.3604880623195483,0.0018448287307325265,0.7423239402149034,0.08392925460250289,0.4109030067920685,0.4109030067920685,0,3102,0.3285730183124542,0.639081597328186,0.10714651644229889,0,0.001,3.17801833152771,0.12841734290122986,0.12767143547534943,0.14013157784938812,0.3285730183124542,0.48279333114624023,0.5044057369232178,0.4512413740158081,0.08389995247125626,0.4608800709247589,0.42932724952697754,0.36620259284973145,0.08516396582126617,0.2457110583782196,0.2421875,0.3497532606124878,0.22815567255020142
11,0.1323733873989271,0.1181988823025123,1.3435301884360935,0.002438183962468706,0.7148229764855426,0.07710735970956308,0.27160910367965696,0.421609103679657,1,3002,0.37212032079696655,0.6155542135238647,0.14046859741210938,0,0.001,3.1755077838897705,0.13337454199790955,0.12621858716011047,0.13952617347240448,0.37212032079696655,0.4846004843711853,0.46876436471939087,0.4444156587123871,0.056421227753162384,0.47375625371932983,0.409078449010849,0.3569956123828888,0.05637870356440544,0.2549703121185303,0.23553873598575592,0.355959415435791,0.19848008453845978
12,0.12576339588217114,0.11171899055657179,1.331301440363345,0.0014311350558115089,0.7170808107956596,0.0776000660083912,0.4365661144256592,0.4365661144256592,0,3102,0.41749686002731323,0.6536960005760193,0.12437520176172256,0,0.001,3.182016372680664,0.13622765243053436,0.12871621549129486,0.14025603234767914,0.41749686002731323,0.46090829372406006,0.5179675817489624,0.399950236082077,0.04297899827361107,0.4548308253288269,0.43413683772087097,0.31581246852874756,0.04545891284942627,0.25092270970344543,0.25352194905281067,0.3559691607952118,0.15785625576972961
13,0.11872058523737866,0.1047692328043606,1.3215338043544604,0.001955291323373904,0.7164609043494515,0.06702645082826968,0.4553528130054474,0.4553528130054474,0,3102,0.48911526799201965,0.6237202286720276,0.11411594599485397,0,0.001,3.185964822769165,0.1362660527229309,0.12833359837532043,0.14939187467098236,0.48911526799201965,0.47927945852279663,0.49991998076438904,0.39276954531669617,0.041466616094112396,0.4669966697692871,0.4305545389652252,0.3205348253250122,0.03975294902920723,0.26161667704582214,0.2492097169160843,0.36537936329841614,0.11672680824995041
14,0.1105189469197522,0.09667322331148645,1.3119736650715703,0.001555227626459268,0.7104351909264274,0.06730200760452835,0.4577065110206604,0.4577065110206604,0,3102,0.5012528300285339,0.6951487064361572,0.1337503045797348,0,0.001,3.191061019897461,0.1373460590839386,0.12686429917812347,0.14567478001117706,0.5012528300285339,0.4731764793395996,0.515651285648346,0.3249812722206116,0.04433206468820572,0.4673019051551819,0.4413377642631531,0.2619062066078186,0.04346374422311783,0.2703167796134949,0.2573249936103821,0.3466200828552246,0.10410013794898987
15,0.10644271419100139,0.09272133656170058,1.3013287316197935,0.0007653486587198289,0.7004385227742402,0.06437013414171007,0.4535597264766693,0.4535597264766693,0,3102,0.5347217321395874,0.6429178714752197,0.14342254400253296,0,0.001,3.193512439727783,0.14216750860214233,0.1252826303243637,0.14626041054725647,0.5347217321395874,0.47012290358543396,0.495431125164032,0.26929858326911926,0.03718145191669464,0.4629267752170563,0.4260868728160858,0.22213657200336456,0.0370468869805336,0.2767743468284607,0.2538253962993622,0.32115933299064636,0.09887779504060745
16,0.10229015868643056,0.08867129651100739,1.2910098977710889,0.0022308464306305445,0.6864554648813994,0.057940599229600695,0.4653659164905548,0.4653659164905548,0,3102,0.5948436260223389,0.6078870892524719,0.15822812914848328,0,0.001,3.22091007232666,0.14551560580730438,0.12326411157846451,0.14811855554580688,0.5948436260223389,0.47934597730636597,0.48512783646583557,0.3228360414505005,0.03861052542924881,0.4583650827407837,0.4189109206199646,0.2516788840293884,0.037841618061065674,0.2896280884742737,0.251298189163208,0.3231271505355835,0.07443026453256607
17,0.09452603401049324,0.08101969439050426,1.282199704128763,0.0006371852024407733,0.6779703264651091,0.07631908840603299,0.47740140557289124,0.47740140557289124,0,3102,0.6210421919822693,0.6642801761627197,0.14216415584087372,0,0.001,3.19803524017334,0.1429120898246765,0.1251976490020752,0.1527605652809143,0.6210421919822693,0.4881734251976013,0.4917830526828766,0.25612151622772217,0.03581298142671585,0.46975836157798767,0.43695738911628723,0.20659996569156647,0.03531617298722267,0.2867977023124695,0.24756255745887756,0.32702192664146423,0.0575399175286293
18,0.09801576027403706,0.08456716006216795,1.27441580399223,0.0016416391887975371,0.6880254978718965,0.05657621369538484,0.321040666103363,0.47104066610336304,1,3100,0.614069938659668,0.6559080481529236,0.19303196668624878,0,0.001,3.18025541305542,0.14512939751148224,0.12095852196216583,0.14662350714206696,0.614069938659668,0.4898265302181244,0.49020513892173767,0.266104131937027,0.03289826586842537,0.4752800166606903,0.42934176325798035,0.20530737936496735,0.03215629607439041,0.3046075701713562,0.2430274337530136,0.29750627279281616,0.06161079555749893
19,0.08891830884892007,0.0755496005649152,1.2675753987353782,0.0007009751684761242,0.6859438082446223,0.04767992485894097,0.18422187566757203,0.484221875667572,2,3000,0.6761922836303711,0.6159339547157288,0.18598340451717377,0,0.001,3.1831724643707275,0.14588385820388794,0.1262560486793518,0.1494504064321518,0.6761922836303711,0.4937165677547455,0.4649578034877777,0.2751774489879608,0.03187699243426323,0.46949493885040283,0.4129585325717926,0.20953114330768585,0.03017807938158512,0.2974836528301239,0.2395784556865692,0.2923472225666046,0.0539906769990921
20,0.08429995535508446,0.07100818500570628,1.259686107220857,0.000738938065731655,0.6875207735144574,0.05113126288519965,0.32480297088623045,0.47480297088623047,1,3002,0.6351280808448792,0.5891668200492859,0.18146684765815735,0,0.001,3.198312759399414,0.1449228972196579,0.12923535704612732,0.158543661236763,0.6351280808448792,0.4867861866950989,0.4625803530216217,0.2933065891265869,0.03427496924996376,0.4614289700984955,0.4157538115978241,0.2315550446510315,0.03193139284849167,0.2945084571838379,0.24333254992961884,0.31586867570877075,0.052584514021873474
21,0.08509553061879199,0.0718710205477217,1.2528439397397249,0.000985227888399411,0.6862187385559082,0.04670030099374277,0.3318902313709259,0.4818902313709259,1,3002,0.6700078845024109,0.554455578327179,0.1911706030368805,0,0.001,3.18268084526062,0.14878134429454803,0.1253286451101303,0.16023477911949158,0.6700078845024109,0.4838494062423706,0.44341009855270386,0.3180246651172638,0.03465252369642258,0.4538425803184509,0.3972199559211731,0.2555775046348572,0.03237844631075859,0.2917328476905823,0.2297433763742447,0.3198610544204712,0.051920779049396515
22,0.07812859992618146,0.06495917151155679,1.2466613417086394,0.0007922228928098617,0.6948934016020402,0.0467742586489077,0.17344699501991273,0.4734469950199127,2,3000,0.6743435263633728,0.5480026006698608,0.13521255552768707,0,0.001,3.1905856132507324,0.15057213604450226,0.12650227546691895,0.16156843304634094,0.6743435263633728,0.4767460823059082,0.4366401433944702,0.2967984974384308,0.031687162816524506,0.45044946670532227,0.39223483204841614,0.2305058389902115,0.02937227115035057,0.29224881529808044,0.23103603720664978,0.2828165292739868,0.05301808938384056
23,0.07545215409734975,0.062370217526736466,1.2391889095306396,0.0007271146225874596,0.6827763759571573,0.06215887564199942,0.14499543309211732,0.4449954330921173,2,3000,0.5469136834144592,0.5329867005348206,0.14477311074733734,0,0.001,3.2160263061523438,0.14914068579673767,0.12611024081707,0.15641941130161285,0.5469136834144592,0.48925361037254333,0.43469953536987305,0.31084081530570984,0.03250909224152565,0.45370927453041077,0.38721585273742676,0.2403537780046463,0.029757149517536163,0.29010525345802307,0.22967495024204254,0.2740385830402374,0.05062192678451538
24,0.08059398473604866,0.06758571092201315,1.2321069551550823,0.00040096010406673685,0.6831956350285074,0.04334458640769676,0.17691076993942262,0.4769107699394226,2,3000,0.6718232035636902,0.5603838562965393,0.1248135045170784,0,0.001,3.203428268432617,0.15275302529335022,0.1286601573228836,0.16616758704185486,0.6718232035636902,0.4920457601547241,0.45181378722190857,0.2984905540943146,0.036172885447740555,0.4511958956718445,0.39228522777557373,0.23051825165748596,0.031980324536561966,0.29257822036743164,0.2314472645521164,0.2793949246406555,0.053301773965358734
25,0.07129891961812973,0.05834693996154744,1.2261225762574568,0.0005288069521117469,0.6854664501936539,0.04472544691297743,0.17202709317207338,0.47202709317207336,2,3000,0.65143221616745,0.5387244820594788,0.12797212600708008,0,0.001,3.2113869190216064,0.15637943148612976,0.12978297472000122,0.16943354904651642,0.65143221616745,0.48495984077453613,0.4271122217178345,0.2899438440799713,0.038112785667181015,0.4547625184059143,0.37698692083358765,0.23598124086856842,0.03422323614358902,0.29695382714271545,0.22473259270191193,0.2943965792655945,0.05313998460769653
26,0.06611472400634186,0.053249352490124496,1.218307562496351,0.000660933044222791,0.6756872845732648,0.040497930456090854,0.17254505753517152,0.4725450575351715,2,3000,0.6783210039138794,0.5667504668235779,0.1296466886997223,0,0.001,3.2191050052642822,0.15621772408485413,0.1362052708864212,0.1684696227312088,0.6783210039138794,0.4674047529697418,0.45152923464775085,0.2888648211956024,0.026034172624349594,0.44696661829948425,0.3876884877681732,0.2269105315208435,0.025563111528754234,0.29748788475990295,0.238395094871521,0.29409775137901306,0.04843311011791229
27,0.06397847960824551,0.05119677487274875,1.209855800089629,0.0010703867864440722,0.6724436749582705,0.03812343456127026,0.32475987672805784,0.47475987672805786,1,3100,0.6846303939819336,0.5851659774780273,0.12177539616823196,0,0.001,3.2449357509613037,0.15989360213279724,0.13639581203460693,0.16205808520317078,0.6846303939819336,0.4631751775741577,0.4739871025085449,0.3229575455188751,0.026339760050177574,0.44191059470176697,0.40044236183166504,0.24901920557022095,0.025297420099377632,0.2985113859176636,0.2448655515909195,0.2774565517902374,0.04834601655602455
28,0.06870636765075766,0.05598929718784664,1.2035166336142498,0.0008109356656306139,0.6737934143646903,0.03985405589916088,0.18079949617385865,0.48079949617385864,2,3000,0.645646333694458,0.599727988243103,0.10191842168569565,0,0.001,3.213961124420166,0.16109420359134674,0.13614407181739807,0.1642044335603714,0.645646333694458,0.49960967898368835,0.4500216245651245,0.30475008487701416,0.03279532119631767,0.46688753366470337,0.38504037261009216,0.24007479846477509,0.030930226668715477,0.311054527759552,0.23481766879558563,0.2827542722225189,0.051464103162288666
29,0.062043683846359665,0.04938986605924109,1.1975549459457397,0.0003295090370912753,0.6749727803727855,0.03739157104492188,0.1800446927547455,0.4800446927547455,2,3000,0.6581929326057434,0.5050084590911865,0.0789126604795456,0,0.001,3.214527130126953,0.15762364864349365,0.13309775292873383,0.1550416499376297,0.6581929326057434,0.48297247290611267,0.4200110137462616,0.3448158800601959,0.02880289778113365,0.4593992233276367,0.3636351227760315,0.2620519995689392,0.027577567845582962,0.31961414217948914,0.22465002536773682,0.2719680666923523,0.04673163592815399
30,0.06283581742773885,0.050263292115667595,1.1894908625146616,0.0011489413357238568,0.6661267617474431,0.03993054764359086,0.1736161231994629,0.4736161231994629,2,3000,0.6605197191238403,0.5163316130638123,0.09808215498924255,0,0.001,3.209123134613037,0.15290920436382294,0.1368192732334137,0.14191865921020508,0.6605197191238403,0.475896954536438,0.4306338131427765,0.38475143909454346,0.026959767565131187,0.4549097418785095,0.3684690594673157,0.28108713030815125,0.02671862579882145,0.30313795804977417,0.22880961000919342,0.25174254179000854,0.04805545136332512
31,0.058307059271180114,0.04580746364334355,1.182634597239287,0.0006458147368191377,0.6667921439461086,0.03691623659487124,0.18314714431762696,0.48314714431762695,2,3000,0.6879981756210327,0.4990427792072296,0.07009362429380417,0,0.001,3.2190377712249756,0.15655702352523804,0.13581986725330353,0.14855241775512695,0.6879981756210327,0.481594979763031,0.4261913299560547,0.3471463620662689,0.027875203639268875,0.4538610875606537,0.3600379228591919,0.255950927734375,0.026827145367860794,0.309134304523468,0.2256777584552765,0.2624741196632385,0.04512785002589226
32,0.0621161961361118,0.04967158838458683,1.1758164322894553,0.0015406213275602331,0.6710377257803212,0.041062600594979744,0.17958213090896608,0.47958213090896606,2,3000,0.6610726118087769,0.5474487543106079,0.08065926283597946,0,0.001,3.2234108448028564,0.15096206963062286,0.14069309830665588,0.15372852981090546,0.6610726118087769,0.49336838722229004,0.44591382145881653,0.36842110753059387,0.03335978090763092,0.4572943150997162,0.383177787065506,0.27218198776245117,0.031248847022652626,0.3065932095050812,0.23370890319347382,0.26270875334739685,0.046857502311468124
33,0.058230722889952034,0.045858191731183426,1.1701754279758618,0.0005134277839122502,0.665642683920653,0.032887492427119504,0.18643645644187928,0.4864364564418793,2,3000,0.6849631667137146,0.5382740497589111,0.06403613090515137,0,0.001,3.209294319152832,0.15629605948925018,0.14369706809520721,0.15478302538394928,0.6849631667137146,0.4867279827594757,0.43368563055992126,0.33653101325035095,0.028961801901459694,0.4589056968688965,0.3693801462650299,0.2551560699939728,0.027559539303183556,0.3151489496231079,0.23080404102802277,0.28479281067848206,0.04518970102071762
34,0.05538863138012264,0.043095171937476036,1.1625883268273396,0.00042053840614085936,0.6633704097374625,0.03454495126229745,0.18604714870452882,0.4860471487045288,2,3000,0.6689110398292542,0.5405424237251282,0.06762852519750595,0,0.001,3.2452352046966553,0.15681704878807068,0.14092563092708588,0.16148550808429718,0.6689110398292542,0.49793267250061035,0.4334634840488434,0.33650776743888855,0.0315396822988987,0.4603132903575897,0.3714427649974823,0.2607272267341614,0.02946319431066513,0.3170316815376282,0.22918160259723663,0.28539252281188965,0.04498299956321716
35,0.054379243241704026,0.042175227695185204,1.1541028281916743,0.00030736550821608904,0.6599143588024637,0.036047051323784725,0.16933478116989137,0.46933478116989136,2,3000,0.6385061740875244,0.4978991448879242,0.06802023947238922,0,0.001,3.235382080078125,0.14871466159820557,0.1401682198047638,0.1605922281742096,0.6385061740875244,0.48093876242637634,0.43232133984565735,0.3228936195373535,0.02994435280561447,0.45295435190200806,0.37278181314468384,0.2517089545726776,0.02842089906334877,0.30493980646133423,0.22817693650722504,0.285709023475647,0.04567509889602661
36,0.05313989325709965,0.04101106832208841,1.1465086159498796,0.00034320212422323453,0.6603063811426577,0.03171480927643953,0.1827083945274353,0.4827083945274353,2,3000,0.6712049841880798,0.5049980282783508,0.06626034528017044,0,0.001,3.2164599895477295,0.15835098922252655,0.14211967587471008,0.15325480699539185,0.6712049841880798,0.4821930229663849,0.4186893105506897,0.3445376455783844,0.025689736008644104,0.4569551348686218,0.3647080361843109,0.2591628432273865,0.024868082255125046,0.3204802870750427,0.22643478214740753,0.27091512084007263,0.04354870691895485
37,0.05527359587342843,0.0432263917249182,1.1390457516131194,0.000461666382920078,0.6521307592806609,0.03341504980016638,0.1772721529006958,0.4772721529006958,2,3000,0.6366463303565979,0.4723763167858124,0.06250481307506561,0,0.001,3.231658697128296,0.15224473178386688,0.1378273367881775,0.15914976596832275,0.6366463303565979,0.4933903217315674,0.3900746703147888,0.3260129690170288,0.026818642392754555,0.4616512954235077,0.3424537777900696,0.2533468008041382,0.025985516607761383,0.31740063428878784,0.21450340747833252,0.29222410917282104,0.04565354064106941
38,0.05094777047634125,0.03896666415359663,1.1323588982872341,0.0004961610393365845,0.6525556885677836,0.031298039754231774,0.17665840387344361,0.4766584038734436,2,3000,0.6626985669136047,0.5194652080535889,0.06346849352121353,0,0.001,3.2641570568084717,0.15647801756858826,0.14406445622444153,0.16048143804073334,0.6626985669136047,0.4761485159397125,0.4240381121635437,0.32299184799194336,0.026028331369161606,0.4511836767196655,0.37003669142723083,0.24669931828975677,0.025953613221645355,0.3166028559207916,0.22797583043575287,0.27932894229888916,0.04547358676791191
39,0.05035202188984207,0.03845480392160623,1.1244226072145544,0.0005115827035573918,0.647875744363536,0.03149553708676939,0.1762917160987854,0.4762917160987854,2,3000,0.6662212610244751,0.5226673483848572,0.06650371104478836,0,0.001,3.223184823989868,0.15393893420696259,0.14362592995166779,0.15783728659152985,0.6662212610244751,0.47769853472709656,0.43046027421951294,0.33319607377052307,0.024445146322250366,0.4505370557308197,0.3729397654533386,0.2560276985168457,0.02426135540008545,0.31070995330810547,0.2267647534608841,0.2845298945903778,0.04316713660955429
40,0.05117869603893031,0.0393612423668737,1.1168503087499868,0.00037263463151327375,0.6452241799105769,0.03129815673828125,0.17831815481185914,0.47831815481185913,2,3000,0.6463584303855896,0.5247619152069092,0.05486738309264183,0,0.001,3.2014410495758057,0.15357086062431335,0.1434519737958908,0.1599629521369934,0.6463584303855896,0.4939894378185272,0.42469707131385803,0.3302287757396698,0.0252115186303854,0.4579671323299408,0.3637124001979828,0.25115087628364563,0.02457430027425289,0.3149576485157013,0.22454623878002167,0.27697622776031494,0.04212656244635582
41,0.04989878412174142,0.038166896804519325,1.1089040766591611,0.0003641129072133006,0.6392058159994043,0.0296564783166956,0.18091450333595277,0.48091450333595276,2,3000,0.6660460233688354,0.498421847820282,0.052994176745414734,0,0.001,3.2482330799102783,0.15239760279655457,0.13925142586231232,0.1577581763267517,0.6660460233688354,0.4884161949157715,0.413229376077652,0.3318956792354584,0.02482789196074009,0.45778602361679077,0.358327716588974,0.25161418318748474,0.024484295397996902,0.3114098012447357,0.2226429283618927,0.27847588062286377,0.0432041771709919
42,0.049121008133110794,0.037467478410057396,1.1010084255881931,0.0006308720153553978,0.6371371409167415,0.0311288983380353,0.18466891050338746,0.48466891050338745,2,3000,0.6629278063774109,0.5062294602394104,0.05741877853870392,0,0.001,3.2581562995910645,0.1580580174922943,0.1367192268371582,0.15556985139846802,0.6629278063774109,0.49215543270111084,0.41110458970069885,0.3266132175922394,0.023388616740703583,0.4623715579509735,0.3517567813396454,0.2479676604270935,0.023159170523285866,0.32122093439102173,0.22071777284145355,0.2736760079860687,0.042290423065423965
43,0.04730322276768477,0.03572502554110859,1.0937366900236711,0.0005347672688557119,0.6354834903841433,0.03048734000877098,0.18248112201690675,0.48248112201690674,2,3000,0.6662446856498718,0.49161940813064575,0.051159027963876724,0,0.001,3.2770063877105713,0.15602152049541473,0.1371186375617981,0.1679612696170807,0.6662446856498718,0.48762813210487366,0.4060322940349579,0.29304489493370056,0.021924128755927086,0.45922455191612244,0.3451022803783417,0.22778259217739105,0.021668730303645134,0.31682711839675903,0.22075137495994568,0.29302215576171875,0.041754402220249176
44,0.04639666333146717,0.03489910681610522,1.0857408668683923,0.0004943331074647848,0.635204887908438,0.029673625239619503,0.17861707210540773,0.4786170721054077,2,3000,0.6542592644691467,0.49301594495773315,0.04681916907429695,0,0.001,3.2722299098968506,0.15501768887043,0.13754497468471527,0.15583816170692444,0.6542592644691467,0.48807451128959656,0.4252263009548187,0.3507564067840576,0.029092740267515182,0.4566519558429718,0.36161214113235474,0.2613305449485779,0.0276936087757349,0.31548264622688293,0.22592483460903168,0.2648763358592987,0.042889904230833054
45,0.04579553963697475,0.03438729436501213,1.0774537065754766,0.0004779609703489215,0.6289284125618313,0.028871675844545718,0.18136812448501588,0.48136812448501587,2,3000,0.6645520925521851,0.44775786995887756,0.04198145866394043,0,0.001,3.236525058746338,0.15615977346897125,0.1343567967414856,0.16233371198177338,0.6645520925521851,0.4874708950519562,0.3888516128063202,0.31805419921875,0.02431190013885498,0.4587620794773102,0.3336135745048523,0.24334508180618286,0.024295039474964142,0.31468746066093445,0.21501316130161285,0.276229590177536,0.04202109947800636
46,0.04613685202987298,0.03481114388484022,1.0697491376296333,0.00024335619515192735,0.6257830288099206,0.0305183263708044,0.17479197382926942,0.4747919738292694,2,3000,0.6517325639724731,0.440860390663147,0.05662166327238083,0,0.001,3.2966055870056152,0.15532588958740234,0.12957386672496796,0.16584250330924988,0.6517325639724731,0.48316490650177,0.40540534257888794,0.29847973585128784,0.022534048184752464,0.4515141248703003,0.3461582660675049,0.2323453277349472,0.023068314418196678,0.3127562701702118,0.21765755116939545,0.2862902283668518,0.04156245291233063
47,0.045800159968759704,0.034549120084747025,1.062385284382364,0.0003958419908050691,0.6232282882151396,0.02982697833025897,0.18354333639144899,0.483543336391449,2,3000,0.6506496071815491,0.5067172646522522,0.05160693824291229,0,0.001,3.392820358276367,0.15592539310455322,0.13468879461288452,0.1621623933315277,0.6506496071815491,0.4983043968677521,0.4106680154800415,0.31006312370300293,0.025593191385269165,0.46731215715408325,0.34902527928352356,0.23642602562904358,0.024793870747089386,0.31790703535079956,0.22111932933330536,0.27040421962738037,0.043378930538892746
48,0.044530242681503296,0.03335902524059233,1.0547320013460906,0.00040009549980902153,0.619896271954412,0.02713052537706163,0.1873219430446625,0.4873219430446625,2,3000,0.6741646528244019,0.4965863823890686,0.04847503453493118,0,0.001,3.334197521209717,0.15785636007785797,0.13468411564826965,0.1619553118944168,0.6741646528244019,0.490913450717926,0.4093265235424042,0.31031039357185364,0.022895386442542076,0.4620477855205536,0.34975433349609375,0.23701301217079163,0.02300502546131611,0.32216179370880127,0.22110827267169952,0.2786279320716858,0.04094202071428299
49,0.04439757051675216,0.03330431668006856,1.0476817462755286,0.00039913621762737063,0.6124451652817104,0.028572402954101562,0.17932642698287965,0.47932642698287964,2,3000,0.6532765626907349,0.4861796796321869,0.047807224094867706,0,0.001,3.331862211227417,0.15902668237686157,0.1390790343284607,0.17016449570655823,0.6532765626907349,0.4821886122226715,0.3899379074573517,0.2806845009326935,0.02208629809319973,0.4625057876110077,0.33960723876953125,0.22132809460163116,0.02214192971587181,0.3193347156047821,0.21775758266448975,0.2961241602897644,0.04160115495324135
50,0.04430640375484591,0.03328802104553451,1.0401819270590078,0.00023117053016271117,0.6142533188280852,0.028230404606571904,0.17041505575180055,0.47041505575180054,2,3000,0.6445101499557495,0.4738022983074188,0.053071361035108566,0,0.0001,3.34570050239563,0.1557992845773697,0.1323499232530594,0.16717828810214996,0.6445101499557495,0.4743539094924927,0.4115169048309326,0.28167542815208435,0.02363632619380951,0.4484700858592987,0.3542744219303131,0.21887332201004028,0.02345157600939274,0.31432604789733887,0.2198682725429535,0.2910350263118744,0.04118097200989723
51,0.04014878541879032,0.02918010083553584,1.0354870454124783,0.00020974581307002708,0.6117168587187062,0.026510769314236113,0.1752359986305237,0.4752359986305237,2,3000,0.6644730567932129,0.4842405915260315,0.05391611158847809,0,0.0001,3.3523812294006348,0.1554006040096283,0.1372566670179367,0.1711767464876175,0.6644730567932129,0.47548338770866394,0.415435254573822,0.28353017568588257,0.020745698362588882,0.44855570793151855,0.3606661558151245,0.2239379584789276,0.021306898444890976,0.31243187189102173,0.2245178073644638,0.299068421125412,0.04011804610490799
52,0.03884549357968828,0.02789485146817954,1.0338878890742427,0.00019324739316842803,0.6098314808762592,0.025403735125506366,0.177754145860672,0.477754145860672,2,3000,0.6613783240318298,0.48639827966690063,0.04847976937890053,0,0.0001,3.3319573402404785,0.15617312490940094,0.13726355135440826,0.16853414475917816,0.6613783240318298,0.48247700929641724,0.41016167402267456,0.2901012599468231,0.020544881001114845,0.45341968536376953,0.3526711165904999,0.22605662047863007,0.021222267299890518,0.313741534948349,0.22283676266670227,0.28943002223968506,0.04037298262119293
53,0.038736769038697945,0.027802376643471096,1.0324528994767561,0.00014273499982664362,0.6084364652633667,0.024571247242115162,0.17711536288261415,0.47711536288261414,2,3000,0.6543064117431641,0.4673699140548706,0.04837634414434433,0,0.0001,3.243391275405884,0.15619103610515594,0.1347879320383072,0.16615115106105804,0.6543064117431641,0.48342111706733704,0.40039530396461487,0.2911885380744934,0.020839370787143707,0.4561861455440521,0.34393367171287537,0.22392615675926208,0.0211325753480196,0.3145478069782257,0.21837680041790009,0.2808719277381897,0.04072718322277069
54,0.037950528542632644,0.027031665748876076,1.0310674180155215,0.00014058242453282455,0.6067828691524008,0.024540103488498263,0.1764758348464966,0.4764758348464966,2,3000,0.657055139541626,0.4657954275608063,0.044074177742004395,0,0.0001,3.206695079803467,0.1549830138683319,0.1336076259613037,0.16704480350017548,0.657055139541626,0.483447402715683,0.4087202847003937,0.29289841651916504,0.02061784453690052,0.4549006521701813,0.3474474549293518,0.225539430975914,0.02122035063803196,0.31050020456314087,0.21925725042819977,0.28249895572662354,0.04063913971185684
55,0.03785174874507863,0.026947118665861046,1.0297784908958103,0.00013445790619184464,0.6055007136386373,0.02464098838523582,0.17652244567871095,0.47652244567871094,2,3000,0.6533192992210388,0.47082874178886414,0.040618959814310074,0,0.0001,3.211022138595581,0.1555633544921875,0.13418817520141602,0.1687098890542984,0.6533192992210388,0.48114633560180664,0.40887269377708435,0.2833203673362732,0.020823488011956215,0.4570777714252472,0.3465137481689453,0.22076882421970367,0.021384386345744133,0.3145464062690735,0.21845340728759766,0.2886101007461548,0.040850769728422165
56,0.03756510223383489,0.02667423969377642,1.0285476342491482,0.00012728390182651904,0.604113089001697,0.02539356655544705,0.1790308475494385,0.4790308475494385,2,3000,0.655693769454956,0.5005252361297607,0.04501248151063919,0,0.0001,3.261206865310669,0.15695977210998535,0.13542036712169647,0.17156650125980377,0.655693769454956,0.4843473434448242,0.4148271381855011,0.2895946502685547,0.02031061239540577,0.45887771248817444,0.3531617224216461,0.22794638574123383,0.02114633470773697,0.3172045350074768,0.221195787191391,0.2947733700275421,0.04069310426712036
57,0.03776864804651426,0.026891452948684277,1.0273724172426306,0.00013249617894989964,0.6021460061487944,0.024257110595703124,0.1820002317428589,0.4820002317428589,2,3000,0.6569557189941406,0.475576788187027,0.03918222337961197,0,0.0001,3.2373239994049072,0.15852732956409454,0.13524441421031952,0.16955891251564026,0.6569557189941406,0.488979697227478,0.39263007044792175,0.28278204798698425,0.020291173830628395,0.4614682197570801,0.33684223890304565,0.22110070288181305,0.020982757210731506,0.32059723138809204,0.2172340601682663,0.28273263573646545,0.040485650300979614
58,0.03796626918989679,0.027101161201363026,1.0262221512587175,0.00012758474843829626,0.6016108549159506,0.02462870110405816,0.17958260774612428,0.47958260774612427,2,3000,0.6567630767822266,0.4674434959888458,0.03901636600494385,0,0.0001,3.199604034423828,0.157015860080719,0.1329418271780014,0.168038010597229,0.6567630767822266,0.48408350348472595,0.39850303530693054,0.2820686995983124,0.019791889935731888,0.4591085612773895,0.3391883373260498,0.2188488245010376,0.02068495564162731,0.31837520003318787,0.2166547328233719,0.28505536913871765,0.04068737104535103
59,0.03818330395480861,0.02733137272298336,1.0250346764274265,0.00012478830182732528,0.6003364169079325,0.024492935180664064,0.1806152880191803,0.4806152880191803,2,3000,0.6541324853897095,0.49179208278656006,0.0463954359292984,0,0.0001,3.2445199489593506,0.15727345645427704,0.13427205383777618,0.17096729576587677,0.6541324853897095,0.4899686276912689,0.4061002731323242,0.27577927708625793,0.019636619836091995,0.4611494839191437,0.3466755151748657,0.21559397876262665,0.020436052232980728,0.3172105848789215,0.21939724683761597,0.2847619950771332,0.04049133136868477
60,0.03755255788564682,0.02671341598033905,1.023852633393329,0.0001101902589257604,0.5995134529860123,0.025228726704915366,0.18223894834518434,0.4822389483451843,2,3000,0.6548524498939514,0.4815891981124878,0.0376206710934639,0,0.0001,3.250448703765869,0.15855933725833893,0.13550405204296112,0.17156726121902466,0.6548524498939514,0.4915819764137268,0.3924291431903839,0.2651479244232178,0.0198279470205307,0.4622812569141388,0.33606958389282227,0.2090105563402176,0.020607301965355873,0.32024019956588745,0.2173553854227066,0.2825322449207306,0.04069192335009575
61,0.03720483734555866,0.02637896184688029,1.0226456030555393,0.00010405097545235944,0.598379531632299,0.024040228949652777,0.18273849487304689,0.4827384948730469,2,3000,0.6608491539955139,0.48917630314826965,0.0451664924621582,0,0.0001,3.209815263748169,0.15617839992046356,0.13591216504573822,0.16969648003578186,0.6608491539955139,0.49117225408554077,0.40190964937210083,0.2808840572834015,0.01915615051984787,0.46255043148994446,0.34498199820518494,0.22008714079856873,0.020162921398878098,0.3163822293281555,0.21925131976604462,0.2887539267539978,0.04020872339606285
62,0.03808240138966104,0.027267997274580208,1.0215480379436328,0.0001775540329855057,0.5971484676651333,0.025072063869900175,0.17963410615921022,0.4796341061592102,2,3000,0.6589773297309875,0.49341240525245667,0.045217305421829224,0,0.0001,3.2847015857696533,0.1573338359594345,0.13514679670333862,0.17070983350276947,0.6589773297309875,0.48458877205848694,0.4065897762775421,0.2795054018497467,0.01936277188360691,0.45825082063674927,0.3501671552658081,0.22053569555282593,0.02034481056034565,0.31671959161758423,0.21994414925575256,0.2915377914905548,0.04011444374918938
63,0.03757586087221685,0.026773478106960007,1.0204098483790522,0.00016618796950712314,0.5966220472169959,0.02444343340838397,0.18365187644958497,0.48365187644958496,2,3000,0.656406581401825,0.49551573395729065,0.04787660762667656,0,0.0001,3.3024210929870605,0.15874916315078735,0.1344676911830902,0.17211005091667175,0.656406581401825,0.4922045171260834,0.39688801765441895,0.26670509576797485,0.020119430497288704,0.4646387994289398,0.34077930450439453,0.21051910519599915,0.020900992676615715,0.3213576376438141,0.21837162971496582,0.2860448658466339,0.04072453826665878
64,0.03719589875444122,0.026406662133724793,1.0192064150519993,0.00015329653093510348,0.5956398015436919,0.024539479008427373,0.18073393106460572,0.4807339310646057,2,3000,0.6632940173149109,0.4858162999153137,0.04861082509160042,0,0.0001,3.2423977851867676,0.15701860189437866,0.13600687682628632,0.17129404842853546,0.6632940173149109,0.48411014676094055,0.40389561653137207,0.27805647253990173,0.018909666687250137,0.4580209255218506,0.34731221199035645,0.2196630835533142,0.020183589309453964,0.3175106346607208,0.2202347368001938,0.2958390712738037,0.03998112305998802
65,0.03684316429754962,0.02606707770863305,1.0180148922878762,0.00010720435207274377,0.5948653894922008,0.024195454350224247,0.18053604364395143,0.4805360436439514,2,3000,0.6541165113449097,0.4873672127723694,0.04131948947906494,0,0.0001,3.210960865020752,0.15877895057201385,0.13355673849582672,0.1719406396150589,0.6541165113449097,0.48861271142959595,0.3981283903121948,0.26667559146881104,0.019638363271951675,0.46139800548553467,0.3415205180644989,0.21110723912715912,0.02049180492758751,0.3180169463157654,0.21707941591739655,0.2886991798877716,0.04074715077877045
66,0.03702044082076653,0.026257786980789642,1.0168166367904,0.00010455686614200796,0.5934423882028331,0.024269810994466144,0.1786072075366974,0.4786072075366974,2,3000,0.6581801176071167,0.47387152910232544,0.04165084660053253,0,0.0001,3.1936981678009033,0.15510310232639313,0.13432222604751587,0.16909268498420715,0.6581801176071167,0.4846804440021515,0.40167462825775146,0.27629220485687256,0.019190814346075058,0.4583960175514221,0.34384122490882874,0.21937452256679535,0.020088771358132362,0.31317222118377686,0.21708275377750397,0.2966008186340332,0.040367212146520615
67,0.03697046362187551,0.026219778815689293,1.0156658525052278,0.00014072909423544922,0.5926192143689031,0.023922174524377893,0.18237210512161256,0.48237210512161255,2,3000,0.653881311416626,0.5035797357559204,0.0411762036383152,0,0.0001,3.2713160514831543,0.15803654491901398,0.1345287561416626,0.17214304208755493,0.653881311416626,0.49179357290267944,0.4034193158149719,0.27940231561660767,0.019781867042183876,0.4644511640071869,0.34676459431648254,0.22105038166046143,0.020716940984129906,0.31936222314834595,0.2191486954689026,0.29182833433151245,0.04059111699461937
68,0.03730263107496759,0.026563973692448242,1.0145533810491147,0.0001404139051294845,0.5917194563409557,0.025171305903682002,0.17583293914794923,0.4758329391479492,2,3000,0.6645613312721252,0.48522502183914185,0.038707584142684937,0,0.0001,3.310636043548584,0.1561075896024704,0.13868117332458496,0.17006030678749084,0.6645613312721252,0.47460266947746277,0.4142056405544281,0.2887963056564331,0.01889464445412159,0.4513760805130005,0.35117465257644653,0.2320900857448578,0.02005915716290474,0.31279173493385315,0.2228185385465622,0.3033201992511749,0.039903972297906876
69,0.03750866295202919,0.026782436782251232,1.0134042345959207,0.00012041119549868871,0.5909805116446122,0.024426378038194443,0.17972077131271363,0.4797207713127136,2,3000,0.6556528210639954,0.4647047817707062,0.03763674944639206,0,0.0001,3.257550001144409,0.15605643391609192,0.132129967212677,0.1687781810760498,0.6556528210639954,0.48693162202835083,0.3941493630409241,0.2804824113845825,0.019513728097081184,0.45999443531036377,0.3369201719760895,0.22001373767852783,0.020432259887456894,0.31630417704582214,0.21450495719909668,0.2876853048801422,0.04040274769067764
70,0.037358520795469696,0.026644295810357384,1.0122122764587402,0.0001735702358216614,0.5903661924859752,0.02381575068721065,0.1843960702419281,0.4843960702419281,2,3000,0.6498711705207825,0.49106737971305847,0.038937874138355255,0,0.0001,3.262678861618042,0.15801694989204407,0.13221485912799835,0.1703025847673416,0.6498711705207825,0.49775606393814087,0.3938835859298706,0.27578961849212646,0.019769731909036636,0.46887025237083435,0.3347488343715668,0.21562699973583221,0.02058539353311062,0.3210867643356323,0.2154165506362915,0.28139495849609375,0.040999993681907654
71,0.03692958730718364,0.026228380187050156,1.011000006095223,0.000160071376582061,0.5896059430163839,0.024689865677445022,0.17735181450843812,0.4773518145084381,2,3000,0.6623026728630066,0.48559796810150146,0.03977932780981064,0,0.0001,3.265132427215576,0.1570955067873001,0.13630196452140808,0.170296773314476,0.6623026728630066,0.477449506521225,0.4065440595149994,0.28463637828826904,0.01870621182024479,0.4544740915298462,0.34792542457580566,0.22565659880638123,0.019776776432991028,0.31518101692199707,0.2204255610704422,0.2958279848098755,0.040396660566329956
72,0.03692817785169767,0.02624082751572132,1.009804756745048,0.00012575813794366854,0.5880456203999727,0.024120363023546008,0.1810042977333069,0.4810042977333069,2,3000,0.6607257723808289,0.48690539598464966,0.04481141269207001,0,0.0001,3.2927451133728027,0.15935246646404266,0.13506144285202026,0.17101943492889404,0.6607257723808289,0.48393768072128296,0.3924676477909088,0.2768756151199341,0.018944889307022095,0.45997077226638794,0.3422221839427948,0.21873311698436737,0.020034633576869965,0.3193828761577606,0.21796703338623047,0.2905923128128052,0.03999379649758339
73,0.03670429017232812,0.02603092295644076,1.0085511363070945,0.00010369908356907494,0.5868192911148071,0.023877882215711806,0.18430147767066957,0.48430147767066956,2,3000,0.6487095355987549,0.47281762957572937,0.037273257970809937,0,0.0001,3.409175157546997,0.15847185254096985,0.1308133453130722,0.16986629366874695,0.6487095355987549,0.4987468123435974,0.3831143081188202,0.2697049081325531,0.019798262044787407,0.4685807228088379,0.32834625244140625,0.21004951000213623,0.0207027867436409,0.32116878032684326,0.21220479905605316,0.27859020233154297,0.040734078735113144
74,0.03675086553330007,0.026089440869248432,1.0073694768159285,0.00011902203708735254,0.5865393851114356,0.023814255043312357,0.17758543491363527,0.47758543491363525,2,3000,0.6565274596214294,0.4867745339870453,0.03995180130004883,0,0.0001,3.335245132446289,0.1563623547554016,0.13434423506259918,0.16982242465019226,0.6565274596214294,0.48200568556785583,0.4076574444770813,0.28262877464294434,0.019104769453406334,0.4567490220069885,0.3494168817996979,0.22362135350704193,0.020169194787740707,0.3150596022605896,0.21850939095020294,0.2934107780456543,0.040440041571855545
75,0.03689222167367521,0.02624342363813649,1.006203029466712,0.0001334867670463965,0.5854332524797191,0.023695986429850262,0.18034203052520753,0.4803420305252075,2,3000,0.6502832174301147,0.4673510789871216,0.03648369386792183,0,0.0001,3.3541407585144043,0.15683576464653015,0.13227392733097076,0.17089952528476715,0.6502832174301147,0.4899883270263672,0.38776808977127075,0.2664903700351715,0.01949448697268963,0.4633573889732361,0.331890732049942,0.2100060135126114,0.020374692976474762,0.31773921847343445,0.2139647752046585,0.2871130108833313,0.04083903133869171
76,0.03643148052303687,0.025795579847434292,1.004979361658511,0.00011970049419450451,0.5849102191303087,0.02360514266402633,0.17532829642295839,0.4753282964229584,2,3000,0.6507626175880432,0.4730065166950226,0.038783904165029526,0,0.0001,3.355849027633667,0.15654222667217255,0.13282404839992523,0.17112450301647186,0.6507626175880432,0.48015347123146057,0.4005790650844574,0.2782301902770996,0.019100414589047432,0.4560185968875885,0.34369996190071106,0.22079016268253326,0.02017449215054512,0.3143784701824188,0.21668174862861633,0.29224100708961487,0.04076099395751953
77,0.036530253355917724,0.02590860531705877,1.0037385847257532,9.430295239840432e-05,0.5833200812339783,0.024894903112340855,0.1784599542617798,0.4784599542617798,2,3000,0.6428896188735962,0.4716866612434387,0.039351657032966614,0,0.0001,3.3636064529418945,0.15731418132781982,0.13035087287425995,0.17119167745113373,0.6428896188735962,0.4904341995716095,0.39240458607673645,0.2668791711330414,0.01992969773709774,0.462751179933548,0.336974173784256,0.21041399240493774,0.020617526024580002,0.3177648186683655,0.21386155486106873,0.28617027401924133,0.041227709501981735
78,0.03647690444536831,0.025868377202878826,1.0025109830109968,0.00012069901118672493,0.5822106703467991,0.024584042019314235,0.17831088304519654,0.47831088304519653,2,3000,0.6514461040496826,0.5003106594085693,0.04108373448252678,0,0.0001,3.374431610107422,0.15860527753829956,0.1348997801542282,0.173007071018219,0.6514461040496826,0.48413190245628357,0.4062196910381317,0.2788451015949249,0.01944253034889698,0.46026089787483215,0.3496200144290924,0.22238881886005402,0.02056087926030159,0.3174046277999878,0.22033745050430298,0.2965334355831146,0.040512897074222565
79,0.036998329603153725,0.0264020968714486,1.0013056993484497,0.00012811871641568595,0.5818944158761398,0.024784011275679977,0.17900936007499696,0.47900936007499695,2,3000,0.6513082385063171,0.4935981035232544,0.04166124761104584,0,0.0001,3.300049066543579,0.15729033946990967,0.13416562974452972,0.17245426774024963,0.6513082385063171,0.48628464341163635,0.40438565611839294,0.2720795273780823,0.018349159508943558,0.4607129693031311,0.3449055552482605,0.21551044285297394,0.019482377916574478,0.31773149967193604,0.21915549039840698,0.29545795917510986,0.040498096495866776
80,0.03678716379015342,0.026203874255652012,1.0000883548156074,0.00013126980300749773,0.581093430519104,0.023970061973289207,0.18015668988227845,0.48015668988227844,2,3000,0.659473717212677,0.4694068729877472,0.03755400329828262,0,0.0001,3.368834972381592,0.1576937586069107,0.13206854462623596,0.17124372720718384,0.659473717212677,0.4873136281967163,0.39439013600349426,0.26897141337394714,0.018793413415551186,0.4574575424194336,0.33732524514198303,0.21348875761032104,0.019902827218174934,0.3163817822933197,0.21532022953033447,0.29252517223358154,0.04009324312210083
81,0.03629534707769104,0.025725247014475906,0.9988630569499471,0.00012620653654701764,0.5802078013834746,0.02395090286820023,0.1780755937099457,0.4780755937099457,2,3000,0.6551414132118225,0.48395249247550964,0.041772276163101196,0,0.0001,3.354743003845215,0.15856292843818665,0.13543809950351715,0.17202423512935638,0.6551414132118225,0.4804825782775879,0.393161416053772,0.26737284660339355,0.019803769886493683,0.4586349129676819,0.3405458331108093,0.2140485793352127,0.02085043117403984,0.31804361939430237,0.21789148449897766,0.2986173629760742,0.04062514379620552
82,0.03649783992896909,0.02594106393339841,0.9976377849993499,0.0001581634037986236,0.5788166419319485,0.025149910820855034,0.17911843657493592,0.4791184365749359,2,3000,0.6596301794052124,0.49907219409942627,0.04613657295703888,0,0.0001,3.2558066844940186,0.16055059432983398,0.13598130643367767,0.17242667078971863,0.6596301794052124,0.4800860285758972,0.39969947934150696,0.2715263068675995,0.018570411950349808,0.4561794698238373,0.34817805886268616,0.21784010529518127,0.019768930971622467,0.32057812809944153,0.2198876440525055,0.2958083152770996,0.03999895229935646
83,0.036139890875505364,0.025597469719207806,0.9963587859402532,0.00013578101599072713,0.577475703280905,0.024093739262333623,0.18050770163536073,0.4805077016353607,2,3000,0.6592926979064941,0.4870750904083252,0.03905602544546127,0,0.0001,3.2615933418273926,0.1586035192012787,0.13439558446407318,0.1740499585866928,0.6592926979064941,0.48332536220550537,0.3966483771800995,0.2704390585422516,0.018462691456079483,0.4595869183540344,0.3430217206478119,0.21630758047103882,0.019837994128465652,0.31982579827308655,0.21819980442523956,0.29737600684165955,0.03985872492194176
84,0.036294125182473144,0.025763810976691868,0.9951247495153676,0.00018883952156023082,0.5771790483723516,0.0240167078088831,0.18540964722633363,0.4854096472263336,2,3000,0.6520153880119324,0.4883740246295929,0.03791569173336029,0,0.0001,3.2344586849212646,0.15857212245464325,0.13197647035121918,0.17209269106388092,0.6520153880119324,0.4988124668598175,0.38765841722488403,0.2589019238948822,0.01882094517350197,0.46814608573913574,0.3333178162574768,0.20633870363235474,0.019845111295580864,0.3226645886898041,0.21402724087238312,0.29215189814567566,0.04049993306398392
85,0.0361400682317174,0.025623789057135582,0.9938490909078846,0.00012558390912802324,0.5765327707580898,0.024318160163031684,0.17739964723587037,0.47739964723587036,2,3000,0.6522911787033081,0.49296027421951294,0.04970239847898483,0,0.0001,3.2193284034729004,0.15796422958374023,0.13455381989479065,0.17261113226413727,0.6522911787033081,0.48341765999794006,0.40369516611099243,0.27199336886405945,0.019191844388842583,0.45778000354766846,0.34855666756629944,0.21706163883209229,0.020268337801098824,0.316109836101532,0.22043022513389587,0.2950938045978546,0.04039851203560829
86,0.03641559215991393,0.025913375713255093,0.9925889450570812,8.408456114525704e-05,0.575485999169557,0.026620634573477287,0.1757283926010132,0.4757283926010132,2,3000,0.6594187021255493,0.487399160861969,0.04548949375748634,0,0.0001,3.206740617752075,0.15746739506721497,0.13816651701927185,0.172022745013237,0.6594187021255493,0.4739304482936859,0.4072330594062805,0.2885008752346039,0.01821143925189972,0.45276734232902527,0.3498767018318176,0.23385731875896454,0.019496675580739975,0.31679707765579224,0.22276298701763153,0.30791541934013367,0.04014166444540024
87,0.0360646775883177,0.025576462564261063,0.9913013655206432,9.627541579032803e-05,0.5742385750231536,0.023328407570167825,0.18247659206390382,0.4824765920639038,2,3000,0.6544157862663269,0.4746071398258209,0.035711344331502914,0,0.0001,3.205699920654297,0.15857964754104614,0.131944477558136,0.1727069765329361,0.6544157862663269,0.4913303256034851,0.38686174154281616,0.2660921812057495,0.018800390884280205,0.46380719542503357,0.33424362540245056,0.2112109363079071,0.019709112122654915,0.32035303115844727,0.21338656544685364,0.2895328998565674,0.04038592800498009
88,0.03585978791765545,0.02538550013433332,0.9899999628896299,8.069935827971558e-05,0.5734810906907787,0.023537421615035446,0.17959423065185548,0.47959423065185547,2,3000,0.6429758071899414,0.48709893226623535,0.03498683124780655,0,0.0001,3.2065513134002686,0.15858660638332367,0.132470965385437,0.1722775399684906,0.6429758071899414,0.4907769560813904,0.3936609625816345,0.2658526599407196,0.019437577575445175,0.4638354480266571,0.33862265944480896,0.21163438260555267,0.02032468281686306,0.32078856229782104,0.21422946453094482,0.292074978351593,0.04093173146247864
89,0.03575378980325616,0.025293717079836388,0.9887259421141251,9.318972740362844e-05,0.5718809858612393,0.023967766655815972,0.18073321580886842,0.4807332158088684,2,3000,0.6508864760398865,0.48789533972740173,0.039464280009269714,0,0.0001,3.2015480995178223,0.15938405692577362,0.13416215777397156,0.17060865461826324,0.6508864760398865,0.4872415363788605,0.38980865478515625,0.25394123792648315,0.018476326018571854,0.46211767196655273,0.3369523882865906,0.20188367366790771,0.01969217322766781,0.32268717885017395,0.21554751694202423,0.28969502449035645,0.04025905951857567
90,0.03601893831206405,0.025571938523131867,0.9874923695688662,9.86291042468308e-05,0.5710905168367468,0.023615732263635707,0.18487061262130738,0.4848706126213074,2,3000,0.6572408080101013,0.494424968957901,0.04121290147304535,0,0.0001,3.2034988403320312,0.15784092247486115,0.13061705231666565,0.17269660532474518,0.6572408080101013,0.4944845139980316,0.394290566444397,0.26114770770072937,0.01920350268483162,0.46680182218551636,0.3394246995449066,0.20585273206233978,0.02016608789563179,0.3209553360939026,0.2153245061635971,0.28479817509651184,0.040507279336452484
91,0.03566533197527346,0.02523214604867541,0.9862028412196947,0.00013973043552022833,0.5697602266850679,0.02381190292923539,0.17899210453033448,0.4789921045303345,2,3000,0.6453208923339844,0.4967278838157654,0.03764956444501877,0,0.0001,3.199798107147217,0.1583423912525177,0.13355223834514618,0.17351585626602173,0.6453208923339844,0.4874383211135864,0.3974127173423767,0.26891905069351196,0.01829894818365574,0.46244969964027405,0.3428657650947571,0.2171471267938614,0.01954169012606144,0.3207595944404602,0.21651025116443634,0.3007446825504303,0.040357887744903564
92,0.035455243904953415,0.025036411602859913,0.984903475512629,7.830786426379548e-05,0.5690145751704341,0.02513341013590495,0.17944003343582154,0.47944003343582153,2,3000,0.658232569694519,0.5039330720901489,0.04271617531776428,0,0.0001,3.2067177295684814,0.1572405993938446,0.13826808333396912,0.17250999808311462,0.658232569694519,0.4831048548221588,0.40072622895240784,0.28249070048332214,0.0180379506200552,0.4592639207839966,0.34884923696517944,0.22712546586990356,0.01914491504430771,0.31715887784957886,0.2215638905763626,0.3017342686653137,0.04001649469137192
93,0.03564974212128183,0.02524570497157781,0.983583504739015,7.784786683497141e-05,0.5674244217250658,0.0246358721697772,0.18064187169075013,0.4806418716907501,2,3000,0.657109260559082,0.51247239112854,0.04622277617454529,0,0.0001,3.2024996280670166,0.15895166993141174,0.13639934360980988,0.17394010722637177,0.657109260559082,0.48411139845848083,0.4020266830921173,0.271673321723938,0.01793072558939457,0.46014323830604553,0.3511022627353668,0.21911512315273285,0.01933145336806774,0.3212035596370697,0.22094835340976715,0.30047062039375305,0.039899177849292755
94,0.03577315483404243,0.025381932682965114,0.9823792939600737,9.164510771844779e-05,0.5665132662524348,0.023114561292860242,0.18128050565719606,0.48128050565719604,2,3000,0.6519970893859863,0.4931129217147827,0.038769811391830444,0,0.0001,3.210887908935547,0.15878058969974518,0.13365833461284637,0.17378729581832886,0.6519970893859863,0.4879455864429474,0.39649102091789246,0.2676840126514435,0.019183319061994553,0.4625302851200104,0.3424355089664459,0.21498455107212067,0.020177088677883148,0.3226490914821625,0.2160450965166092,0.29792338609695435,0.040579888969659805
95,0.03510287015334419,0.024724794794683872,0.9810385237569395,8.589151643125503e-05,0.5668317260949508,0.02331805137351707,0.18259615898132325,0.48259615898132324,2,3000,0.6478529572486877,0.48945221304893494,0.03802184760570526,0,0.0001,3.2073612213134766,0.15927276015281677,0.1318792700767517,0.17287981510162354,0.6478529572486877,0.4932578206062317,0.3880355954170227,0.2607530355453491,0.01877208985388279,0.4649851620197296,0.33661025762557983,0.20850500464439392,0.020054003223776817,0.3242887258529663,0.21382038295269012,0.29161733388900757,0.04052842780947685
96,0.03571551795239034,0.025352050590774288,0.9796980256619661,7.387759346191002e-05,0.5657482328622238,0.023532495004159434,0.1835110604763031,0.4835110604763031,2,3000,0.6519169807434082,0.48174038529396057,0.03728366270661354,0,0.0001,3.223534107208252,0.1585739701986313,0.13153289258480072,0.1714388132095337,0.6519169807434082,0.4942637085914612,0.39264726638793945,0.2700413763523102,0.018914366140961647,0.46638473868370056,0.3382282257080078,0.21317145228385925,0.01996203139424324,0.32147881388664246,0.21431949734687805,0.28684359788894653,0.040341973304748535
97,0.03529990755993387,0.024949513456743698,0.978434990281644,8.564362803514561e-05,0.5651879025542218,0.023768539993851274,0.1820772409439087,0.4820772409439087,2,3000,0.6516103744506836,0.48817944526672363,0.03688922896981239,0,0.0001,3.2532575130462646,0.15833739936351776,0.1340900957584381,0.1727493554353714,0.6516103744506836,0.49104559421539307,0.38838595151901245,0.2595445513725281,0.018123174086213112,0.46397286653518677,0.3363969922065735,0.20752854645252228,0.019237130880355835,0.32168012857437134,0.21479210257530212,0.2885489761829376,0.040084339678287506
98,0.03538828748075858,0.02505172011644944,0.9771348808122717,0.00013983543581359655,0.5638206938038701,0.023934121308503326,0.18124539852142335,0.48124539852142334,2,3000,0.6476878523826599,0.48375916481018066,0.03786400705575943,0,0.0001,3.2501373291015625,0.15928801894187927,0.13131839036941528,0.17178504168987274,0.6476878523826599,0.49116477370262146,0.3850885033607483,0.2655261158943176,0.018978551030158997,0.4635145664215088,0.33676227927207947,0.21029071509838104,0.02005602791905403,0.3226144015789032,0.21345315873622894,0.2845275402069092,0.04058825969696045
99,0.03565593015240586,0.025333424058297405,0.9758057153743246,9.856439725769198e-05,0.5634635272233383,0.02335551170066551,0.17808662056922914,0.4780866205692291,2,3000,0.6477409601211548,0.48019537329673767,0.03800992667675018,0,0.0001,3.2573535442352295,0.1571654975414276,0.13404422998428345,0.17075377702713013,0.6477409601211548,0.48625582456588745,0.3920883536338806,0.26992088556289673,0.018494179472327232,0.45897427201271057,0.3389691710472107,0.21542172133922577,0.01967765763401985,0.31937554478645325,0.2160840630531311,0.29659414291381836,0.0403289757668972
100,0.03521153962482577,0.024902901895668194,0.9744981760564058,0.0001143961796871103,0.562512579171554,0.023484252364547164,0.18135471343994142,0.4813547134399414,2,3000,0.656568169593811,0.47469407320022583,0.0373055525124073,0,1e-05,3.2348227500915527,0.15841329097747803,0.1339472085237503,0.17247356474399567,0.656568169593811,0.4856586754322052,0.3868010938167572,0.2604764699935913,0.017818570137023926,0.4600095748901367,0.33642643690109253,0.20969374477863312,0.019192464649677277,0.32318243384361267,0.2155376672744751,0.302322655916214,0.039704129099845886
101,0.03525843633257825,0.02495964908081552,0.9736844119818314,7.755063732316637e-05,0.5611678517383077,0.023480621620460794,0.18095816373825074,0.48095816373825073,2,3000,0.6551355719566345,0.4941583275794983,0.036004357039928436,0,1e-05,3.232119560241699,0.15810808539390564,0.13494664430618286,0.17247018218040466,0.6551355719566345,0.4859180450439453,0.3944689929485321,0.26685380935668945,0.018090883269906044,0.4614643156528473,0.3425462543964386,0.2145458310842514,0.019292043522000313,0.32131463289260864,0.21723276376724243,0.30103638768196106,0.04010550305247307
102,0.0344351376204387,0.024139107245465984,0.9733765151189722,6.345500672899146e-05,0.5616309953772504,0.02366342897768374,0.18515582084655763,0.4851558208465576,2,3000,0.6532776355743408,0.48996424674987793,0.03504982218146324,0,1e-05,3.7563369274139404,0.15914559364318848,0.13275998830795288,0.17348578572273254,0.6532776355743408,0.4958020746707916,0.38449910283088684,0.2558552622795105,0.018193768337368965,0.4665669798851013,0.33330273628234863,0.20425990223884583,0.019370893016457558,0.32497674226760864,0.2138143628835678,0.2877987325191498,0.03980734199285507
103,0.03454531421479971,0.02425094240385553,0.9731782208318296,6.295033966560605e-05,0.5619606712590093,0.023978935806839553,0.18031455278396608,0.48031455278396606,2,3000,0.6492424011230469,0.4850778877735138,0.037810180336236954,0,1e-05,3.934478998184204,0.15598194301128387,0.13109609484672546,0.170035719871521,0.6492424011230469,0.4916190505027771,0.39762064814567566,0.2642889618873596,0.01835455559194088,0.4627632796764374,0.3413625657558441,0.2092209905385971,0.019321942701935768,0.31763333082199097,0.21528202295303345,0.2886528968811035,0.04031882807612419
104,0.034604797382717545,0.024312707312081173,0.9730207842329274,7.269822242011762e-05,0.5611555420834086,0.023261318065502027,0.1839504361152649,0.4839504361152649,2,3000,0.6493279933929443,0.4828660190105438,0.03743984177708626,0,1e-05,3.8946664333343506,0.15838241577148438,0.1302069127559662,0.17227882146835327,0.6493279933929443,0.49574971199035645,0.38293489813804626,0.25343626737594604,0.019051847979426384,0.4665117859840393,0.33348608016967773,0.2028570920228958,0.020099010318517685,0.32421237230300903,0.21227945387363434,0.2893344461917877,0.04034421220421791
105,0.03446186965574389,0.02417131586243277,0.9728579547094263,6.453040670907205e-05,0.5613288931224657,0.02395974900987413,0.18183980584144593,0.4818398058414459,2,3000,0.6552882194519043,0.49969515204429626,0.03795703873038292,0,1e-05,4.4454121589660645,0.159428671002388,0.13650281727313995,0.1715332269668579,0.6552882194519043,0.4861023724079132,0.39600545167922974,0.27339693903923035,0.01845996268093586,0.461750864982605,0.34381625056266785,0.21849842369556427,0.019666677340865135,0.3242177963256836,0.2187788486480713,0.2987275719642639,0.03994397819042206
106,0.0346342454785886,0.024345870089271793,0.9726888900217803,6.322774029483654e-05,0.5608548496080481,0.023982284545898437,0.1813947081565857,0.4813947081565857,2,3000,0.6453467011451721,0.4791190028190613,0.03492230549454689,0,1e-05,3.9451076984405518,0.15919837355613708,0.13101723790168762,0.17131242156028748,0.6453467011451721,0.49345695972442627,0.3844934105873108,0.2573584020137787,0.018881671130657196,0.4643983244895935,0.33143937587738037,0.20376133918762207,0.019746428355574608,0.3223767876625061,0.21183596551418304,0.28379565477371216,0.04030605033040047
107,0.034628919447245804,0.024341755101214283,0.9725223935168722,6.218554098386844e-05,0.5613184752671615,0.023690878408926506,0.18193487524986268,0.48193487524986267,2,3000,0.6574526429176331,0.49398812651634216,0.040968071669340134,0,1e-05,3.2315549850463867,0.15724463760852814,0.13486261665821075,0.17151539027690887,0.6574526429176331,0.4883270859718323,0.39545661211013794,0.266794353723526,0.017771821469068527,0.4613281190395355,0.3434375822544098,0.21424339711666107,0.01916293054819107,0.32063165307044983,0.2175561487674713,0.29937395453453064,0.03979647159576416
108,0.03452565002700557,0.024240255922726963,0.9723615439041801,6.198753544595093e-05,0.5611593204995861,0.025930767200611257,0.18016145825386048,0.4801614582538605,2,3000,0.6569673418998718,0.5012398958206177,0.03838878497481346,0,1e-05,3.227067470550537,0.15798814594745636,0.1351756900548935,0.17053914070129395,0.6569673418998718,0.4833972156047821,0.4043503403663635,0.2836328148841858,0.017876412719488144,0.46014395356178284,0.3479863405227661,0.22612984478473663,0.019107798114418983,0.3201373517513275,0.21960100531578064,0.30181893706321716,0.039732467383146286
109,0.03439875271009362,0.024115336977917214,0.9722015857696533,6.206632868903081e-05,0.5607788355454154,0.025032754121003326,0.18248499631881715,0.48248499631881714,2,3000,0.6571460366249084,0.5058998465538025,0.04100925847887993,0,1e-05,3.2969489097595215,0.16047698259353638,0.13499048352241516,0.17451243102550507,0.6571460366249084,0.48670485615730286,0.39584675431251526,0.26529136300086975,0.018184924498200417,0.4617508351802826,0.34722310304641724,0.21393771469593048,0.01959189958870411,0.3243381977081299,0.2188497930765152,0.2969326972961426,0.0399167463183403
110,0.034387125755133835,0.024105730021129482,0.9720569512118464,6.062451433061379e-05,0.5602204618246659,0.023941222579390915,0.18069480061531068,0.48069480061531067,2,3000,0.6541098356246948,0.4867226779460907,0.0352230966091156,0,1e-05,3.2409822940826416,0.1595596820116043,0.1337924301624298,0.1720423549413681,0.6541098356246948,0.4847724735736847,0.3949708938598633,0.2727030813694,0.018352122977375984,0.460341215133667,0.3405532240867615,0.21779631078243256,0.019565843045711517,0.32355567812919617,0.21598109602928162,0.29545265436172485,0.03984082490205765
111,0.03437494486570358,0.024094849419982536,0.9718970241753951,6.105519550265339e-05,0.5605152482571809,0.02300131960268374,0.18086085915565492,0.4808608591556549,2,3000,0.6487824320793152,0.49020662903785706,0.03584295138716698,0,1e-05,3.213231325149536,0.15870347619056702,0.1325267255306244,0.17197398841381073,0.6487824320793152,0.48972105979919434,0.3922654986381531,0.2646144926548004,0.018735596910119057,0.4626425504684448,0.3403901755809784,0.21083787083625793,0.01982019655406475,0.3222973048686981,0.21455013751983643,0.2912819981575012,0.040310900658369064
112,0.03462662758386653,0.024348322302103043,0.971746872300687,6.478850121746528e-05,0.5601890320363252,0.02350961642795139,0.18374921083450318,0.4837492108345032,2,3000,0.6486411690711975,0.4825100302696228,0.03520016372203827,0,1e-05,3.223907232284546,0.1598438322544098,0.13105681538581848,0.17348355054855347,0.6486411690711975,0.49625179171562195,0.3844650983810425,0.25448930263519287,0.018750924617052078,0.46600863337516785,0.33209285140037537,0.20197239518165588,0.01989525742828846,0.32409530878067017,0.21230566501617432,0.2845057547092438,0.04030200466513634
113,0.03471933985533922,0.02444277962912684,0.9715804328089175,6.0210366348695494e-05,0.5601535309915957,0.023128645437735098,0.18111534118652345,0.48111534118652344,2,3000,0.6493126153945923,0.4874740242958069,0.036580778658390045,0,1e-05,3.2092092037200928,0.16018588840961456,0.13267342746257782,0.1728217899799347,0.6493126153945923,0.4879362881183624,0.3920138478279114,0.26149559020996094,0.01913893036544323,0.46226412057876587,0.3391035497188568,0.20908355712890625,0.020222367718815804,0.32494837045669556,0.21508055925369263,0.2918263077735901,0.04019176959991455
114,0.03440845061255538,0.024133520362817722,0.971426142298657,6.186632131373145e-05,0.5600502361422,0.023085631759078414,0.18236018419265748,0.48236018419265747,2,3000,0.6458252668380737,0.4915730059146881,0.03706442192196846,0,1e-05,3.2060511112213135,0.15902988612651825,0.1331290900707245,0.1732078343629837,0.6458252668380737,0.49578240513801575,0.3873114287853241,0.25717177987098694,0.018470868468284607,0.46547383069992065,0.33600640296936035,0.20585627853870392,0.01955447532236576,0.3223592936992645,0.21478301286697388,0.29056477546691895,0.04041823744773865
115,0.03438127267619838,0.024108121171593666,0.9712583344915638,5.9314994280651696e-05,0.5599752094434656,0.02312853240966797,0.17945350408554078,0.47945350408554077,2,3000,0.649683952331543,0.4859887659549713,0.0364326648414135,0,1e-05,3.2490274906158447,0.15792182087898254,0.132490336894989,0.17189738154411316,0.649683952331543,0.4866056740283966,0.3940907120704651,0.26394301652908325,0.01850181818008423,0.46130821108818054,0.3412458598613739,0.2109716385602951,0.019481753930449486,0.32021623849868774,0.21526125073432922,0.29606473445892334,0.040425024926662445
116,0.03432041811554328,0.024049059690340706,0.9711139824079431,6.52181580612112e-05,0.5595666532931121,0.02350535300925926,0.18383438587188722,0.4838343858718872,2,3000,0.6520707011222839,0.48685041069984436,0.03720742091536522,0,1e-05,3.2441444396972656,0.1607014536857605,0.13312570750713348,0.17303182184696198,0.6520707011222839,0.4919819235801697,0.3812103867530823,0.25783035159111023,0.018778987228870392,0.46415573358535767,0.33367443084716797,0.20693036913871765,0.01995489001274109,0.3271290957927704,0.21357275545597076,0.2892746329307556,0.039964593946933746
117,0.03438628173392752,0.02411650275082692,0.9709626358488331,6.273363159498726e-05,0.5595252591630687,0.02303212144639757,0.18260489106178285,0.48260489106178284,2,3000,0.6525036692619324,0.4963419735431671,0.03944644704461098,0,1e-05,3.255185604095459,0.1583772748708725,0.13301655650138855,0.17249122262001038,0.6525036692619324,0.49201497435569763,0.3920215666294098,0.2614067494869232,0.018200429156422615,0.46442753076553345,0.34147176146507263,0.20959225296974182,0.019414911046624184,0.32147344946861267,0.21660703420639038,0.29525184631347656,0.040199413895606995
118,0.03464546961628873,0.024377099764735802,0.9708039967910104,6.150999283620521e-05,0.5597152684045874,0.024489392315899885,0.17979849576950074,0.47979849576950073,2,3000,0.655483603477478,0.4942722022533417,0.03672880306839943,0,1e-05,3.2113537788391113,0.15833912789821625,0.1330762356519699,0.17166052758693695,0.655483603477478,0.4827057421207428,0.40137457847595215,0.27771416306495667,0.018267225474119186,0.4597962200641632,0.34591370820999146,0.2238389104604721,0.019494008272886276,0.3212084174156189,0.21720002591609955,0.305417001247406,0.040014881640672684
119,0.03428700323338094,0.024020535223509953,0.9706607227740081,6.547882003360428e-05,0.5592059363489565,0.023156058417426215,0.18066514730453492,0.4806651473045349,2,3000,0.6551153063774109,0.49229660630226135,0.037691470235586166,0,1e-05,3.2283287048339844,0.15860430896282196,0.134189635515213,0.17277930676937103,0.6551153063774109,0.48472121357917786,0.39276009798049927,0.26464569568634033,0.018181312829256058,0.46102169156074524,0.34200218319892883,0.2124709188938141,0.019393445923924446,0.32180243730545044,0.21652327477931976,0.2994617521762848,0.040013741701841354
120,0.034607160188581634,0.024342426058390865,0.970505390478217,5.811430689747162e-05,0.559099352878073,0.023347218831380207,0.1839630424976349,0.4839630424976349,2,3000,0.6520211696624756,0.484963983297348,0.03751738741993904,0,1e-05,3.207951068878174,0.15893028676509857,0.13091042637825012,0.17063391208648682,0.6520211696624756,0.4944223165512085,0.38878723978996277,0.2651168406009674,0.01856205239892006,0.4654543101787567,0.3365572988986969,0.2102179080247879,0.019692935049533844,0.32395434379577637,0.21409665048122406,0.2853507697582245,0.04013793170452118
121,0.03404149566979512,0.02377774177686028,0.9703796868738921,5.9475897179926626e-05,0.5593629686728768,0.02358485695167824,0.18210662603378297,0.48210662603378296,2,3000,0.6553462743759155,0.4995449483394623,0.03841168433427811,0,1e-05,3.2114717960357666,0.15920281410217285,0.13339100778102875,0.17308224737644196,0.6553462743759155,0.4883677065372467,0.39542412757873535,0.26541945338249207,0.018153222277760506,0.46198222041130066,0.3440694212913513,0.21321749687194824,0.01935550570487976,0.32273024320602417,0.21738263964653015,0.2960735261440277,0.04016770422458649
122,0.034502714548421944,0.024241306778529415,0.970168183679166,6.147850344068897e-05,0.5591114940850631,0.02459621344672309,0.18045927286148072,0.4804592728614807,2,3000,0.6555467247962952,0.5087452530860901,0.04766830429434776,0,1e-05,3.2358157634735107,0.15960194170475006,0.13656651973724365,0.1726251095533371,0.6555467247962952,0.48372846841812134,0.4000094532966614,0.2703820466995239,0.01811475120484829,0.46045368909835815,0.3491688668727875,0.2171669751405716,0.019371189177036285,0.3221082091331482,0.2206180840730667,0.29862329363822937,0.040113963186740875
123,0.03452698206124098,0.02426737182490204,0.9699955375298209,5.897174908212669e-05,0.5590649817300879,0.02394867112901476,0.18022180795669557,0.48022180795669556,2,3000,0.650423526763916,0.4890748858451843,0.036093007773160934,0,1e-05,3.272414445877075,0.15681849420070648,0.1332070529460907,0.1716693639755249,0.650423526763916,0.4891817271709442,0.3972161114215851,0.26924335956573486,0.018086453899741173,0.46245941519737244,0.34165817499160767,0.2165820598602295,0.019142549484968185,0.3188224732875824,0.21599754691123962,0.30118513107299805,0.040343277156353
124,0.03439505754605583,0.024137484314649002,0.9698392515597136,5.78494250278353e-05,0.5586026025855023,0.023124592816388165,0.1818563759326935,0.4818563759326935,2,3000,0.6481372714042664,0.4863441288471222,0.035561949014663696,0,1e-05,3.685293674468994,0.1596030294895172,0.13182826340198517,0.1730724573135376,0.6481372714042664,0.4915347099304199,0.3879142999649048,0.26140809059143066,0.018907440826296806,0.4637701213359833,0.3374992609024048,0.20928487181663513,0.01997489109635353,0.3239833116531372,0.21416068077087402,0.290932834148407,0.04040997847914696
125,0.03449235095278076,0.024236221109395443,0.9696860857631849,6.0294271584691316e-05,0.5586659934209741,0.0232136555424443,0.1843030869960785,0.4843030869960785,2,3000,0.6551463603973389,0.5044283270835876,0.038894157856702805,0,1e-05,3.8872482776641846,0.15910953283309937,0.13340350985527039,0.17278113961219788,0.6551463603973389,0.4942590594291687,0.39422884583473206,0.26225510239601135,0.017960701137781143,0.46489667892456055,0.34335073828697205,0.20962853729724884,0.01919558085501194,0.32291021943092346,0.21643148362636566,0.2926340103149414,0.03996322304010391
126,0.03422338936639869,0.02396916703361532,0.9695131752801978,5.905750826375721e-05,0.5585005516591279,0.023291886506257235,0.18207440972328187,0.48207440972328186,2,3000,0.6502482295036316,0.48508432507514954,0.03696464002132416,0,1e-05,4.2396721839904785,0.15966661274433136,0.13255421817302704,0.17326056957244873,0.6502482295036316,0.4910537302494049,0.3871094286441803,0.252299427986145,0.018736321479082108,0.46333158016204834,0.33580124378204346,0.2028776854276657,0.019854441285133362,0.3236640691757202,0.2136307805776596,0.2939136326313019,0.04018857330083847
127,0.03438000267614489,0.024127877114907555,0.9693530512892682,5.957298834919525e-05,0.5579991029656451,0.024406062373408564,0.18488941788673402,0.484889417886734,2,3000,0.6519775390625,0.4691656529903412,0.03247605264186859,0,1e-05,4.460252523422241,0.1595045030117035,0.12944336235523224,0.1718146950006485,0.6519775390625,0.49678030610084534,0.3749021887779236,0.25081783533096313,0.018706971779465675,0.46641436219215393,0.32583141326904297,0.1997309774160385,0.0197353046387434,0.32438555359840393,0.20899556577205658,0.2843448221683502,0.04020159691572189
128,0.034205900424200554,0.023954944523132366,0.9692085074341815,5.7990913141427725e-05,0.5582914792973063,0.02448121275725188,0.18145416378974916,0.48145416378974915,2,3000,0.6534281373023987,0.49667561054229736,0.03686259686946869,0,1e-05,3.735806941986084,0.1582736223936081,0.13541501760482788,0.1724693775177002,0.6534281373023987,0.48634636402130127,0.3944300413131714,0.27452197670936584,0.018020275980234146,0.4627324044704437,0.34330829977989197,0.22067618370056152,0.019258949905633926,0.32330963015556335,0.2173532396554947,0.30245402455329895,0.040104400366544724
129,0.034300934199405754,0.024052266031503677,0.9690209471661112,5.8379930282092616e-05,0.5578752885694089,0.023157976503725405,0.18114180564880372,0.4811418056488037,2,3000,0.6510955691337585,0.49787116050720215,0.037262916564941406,0,1e-05,3.274211883544922,0.15998628735542297,0.13453783094882965,0.17335918545722961,0.6510955691337585,0.4876668155193329,0.3943954408168793,0.269687682390213,0.01854715682566166,0.4620843529701233,0.3427327573299408,0.21703845262527466,0.019647885113954544,0.32372039556503296,0.21653957664966583,0.30147117376327515,0.040216442197561264
130,0.034379909867825714,0.02413299841725308,0.9688456680463708,5.87265382384193e-05,0.5578676824984343,0.02343161462854456,0.1809846580028534,0.4809846580028534,2,3000,0.6503584980964661,0.5053293704986572,0.04043859243392944,0,1e-05,3.2597925662994385,0.15866433084011078,0.13252754509449005,0.1734338402748108,0.6503584980964661,0.48861899971961975,0.3966662585735321,0.26413220167160034,0.018807055428624153,0.4636716842651367,0.3462943434715271,0.21309088170528412,0.01990824192762375,0.32128939032554626,0.2171616554260254,0.2986753284931183,0.040363047271966934
131,0.03426279986034269,0.024017821025589237,0.9686943888664246,5.790190904087427e-05,0.5574561409328295,0.024256540934244793,0.18320972919464112,0.4832097291946411,2,3000,0.6528456211090088,0.5009965896606445,0.03847784921526909,0,1e-05,3.2227530479431152,0.16005052626132965,0.13347604870796204,0.1727723926305771,0.6528456211090088,0.4906422197818756,0.39323297142982483,0.2665078639984131,0.018355010077357292,0.4643475115299225,0.34280040860176086,0.21248343586921692,0.019475584849715233,0.3250036835670471,0.21675404906272888,0.29039594531059265,0.040197502821683884
132,0.034097808453699814,0.023854298679077107,0.9685231887775919,5.8260223380310215e-05,0.557695235895074,0.023131689566153066,0.18200416564941407,0.48200416564941406,2,3000,0.6461222171783447,0.49984610080718994,0.038049664348363876,0,1e-05,3.205554246902466,0.1599368005990982,0.1331849843263626,0.17379161715507507,0.6461222171783447,0.4919871687889099,0.3909035921096802,0.25751054286956787,0.018520349636673927,0.46485385298728943,0.3402099013328552,0.20694661140441895,0.01951436698436737,0.32505330443382263,0.21574461460113525,0.2957680821418762,0.04038505628705025
133,0.034162925637286644,0.023921471251093823,0.9683455721191738,5.797756112651373e-05,0.5574196058770885,0.024326870388454862,0.1828914999961853,0.4828914999961853,2,3000,0.6585922837257385,0.5046244859695435,0.03905973955988884,0,1e-05,3.1942238807678223,0.15863999724388123,0.1334700584411621,0.17351727187633514,0.6585922837257385,0.4876983165740967,0.39576730132102966,0.26838594675064087,0.017504919320344925,0.4632847011089325,0.3460875153541565,0.21564947068691254,0.01882338710129261,0.3219906687736511,0.21725080907344818,0.29596540331840515,0.039719417691230774
134,0.03422822365942209,0.023988674921186073,0.968182851438937,5.948678691588018e-05,0.5571255813474241,0.02385318049678096,0.18086661100387574,0.48086661100387573,2,3000,0.6535449028015137,0.49449992179870605,0.03572699427604675,0,1e-05,3.19693660736084,0.15924231708049774,0.13485953211784363,0.17211118340492249,0.6535449028015137,0.4852026104927063,0.3959151804447174,0.2757214605808258,0.018378091976046562,0.4612596929073334,0.34318971633911133,0.2214563488960266,0.019471626728773117,0.3234592080116272,0.21712341904640198,0.2997860312461853,0.040085338056087494
135,0.03414066978122877,0.023902928456664085,0.9680162538652834,6.679379230658726e-05,0.5569109087404998,0.022943582322862414,0.18234468698501588,0.48234468698501587,2,3000,0.6521598100662231,0.4861474633216858,0.03547588363289833,0,1e-05,3.2118592262268066,0.16134721040725708,0.13390643894672394,0.17425109446048737,0.6521598100662231,0.4884866774082184,0.3854626715183258,0.2580273151397705,0.018342675641179085,0.46227800846099854,0.33505597710609436,0.20837222039699554,0.01945730485022068,0.326454222202301,0.2142900973558426,0.29843252897262573,0.04020681604743004
136,0.034566797154105225,0.02433037620199763,0.9678585736647897,6.248378359368476e-05,0.5572108548620472,0.02369449191623264,0.18102912306785585,0.48102912306785583,2,3000,0.6506338119506836,0.5107318162918091,0.04609053581953049,0,1e-05,3.21547794342041,0.16033156216144562,0.13340483605861664,0.17430098354816437,0.6506338119506836,0.4862406849861145,0.39714810252189636,0.25543394684791565,0.018378181383013725,0.46185898780822754,0.3473146855831146,0.20807884633541107,0.019670551642775536,0.3253830373287201,0.21836787462234497,0.3013561964035034,0.040145114064216614
137,0.03428582911906035,0.02405165897115417,0.9676749110221863,5.760376006946899e-05,0.5568453617717909,0.02350837877061632,0.18254087567329408,0.48254087567329407,2,3000,0.6487081050872803,0.49879273772239685,0.037570785731077194,0,1e-05,3.206566572189331,0.15777204930782318,0.13312458992004395,0.17230655252933502,0.6487081050872803,0.4944296181201935,0.3935669958591461,0.27008625864982605,0.018466318026185036,0.4664835035800934,0.3412042260169983,0.21493814885616302,0.01957327499985695,0.3205423355102539,0.21691946685314178,0.2930377423763275,0.040457773953676224
138,0.034593869648549866,0.024361565709114075,0.967505799687427,5.854168462658139e-05,0.5566604163335718,0.0233387530291522,0.18089450597763063,0.4808945059776306,2,3000,0.6520283222198486,0.47718989849090576,0.033582791686058044,0,1e-05,3.182734727859497,0.1590767800807953,0.13339582085609436,0.17218157649040222,0.6520283222198486,0.48855099081993103,0.3870052099227905,0.26185449957847595,0.018249159678816795,0.4609558880329132,0.33442065119743347,0.2094021886587143,0.019310638308525085,0.322042852640152,0.21369747817516327,0.29228195548057556,0.039798248559236526
139,0.034047464799621834,0.02381633278792319,0.9673622250556946,5.956426779764866e-05,0.5569142051365065,0.023975560506184896,0.18241353034973146,0.48241353034973145,2,3000,0.6553905606269836,0.5120735764503479,0.040278609842061996,0,1e-05,3.1946582794189453,0.15901760756969452,0.1344253271818161,0.17273318767547607,0.6553905606269836,0.48781853914260864,0.3992166519165039,0.27057790756225586,0.018217341974377632,0.46341779828071594,0.3477939963340759,0.21731024980545044,0.01948038674890995,0.32302725315093994,0.2187330573797226,0.29844680428504944,0.040087923407554626
140,0.03431178143490916,0.024083494897121967,0.967152590337007,5.6812566586101994e-05,0.556193224761797,0.022940100775824653,0.18238638043403627,0.48238638043403625,2,3000,0.6500484943389893,0.5017430782318115,0.03868357464671135,0,1e-05,3.188448190689087,0.15883462131023407,0.13283351063728333,0.17283137142658234,0.6500484943389893,0.4921782314777374,0.3943955600261688,0.2634366750717163,0.018359709531068802,0.4647212028503418,0.3432858884334564,0.21106016635894775,0.019501131027936935,0.3225976526737213,0.21662279963493347,0.29336655139923096,0.04013926908373833
141,0.034468893447647926,0.024241875938099365,0.9669708376345427,5.936240679306059e-05,0.5567150426947552,0.023416239703143084,0.18173996806144715,0.48173996806144714,2,3000,0.6475772261619568,0.4894942343235016,0.034229107201099396,0,1e-05,3.233370780944824,0.1599000096321106,0.13228978216648102,0.17360059916973114,0.6475772261619568,0.49119797348976135,0.3893986642360687,0.2618248760700226,0.018277231603860855,0.4637129604816437,0.33726975321769714,0.2106534093618393,0.01945505104959011,0.32447171211242676,0.21515804529190063,0.29350030422210693,0.04045562073588371
142,0.03439177540333375,0.02416720751511014,0.9667819479237432,5.584725121203203e-05,0.5561896096105161,0.023256359524197048,0.18119384050369264,0.4811938405036926,2,3000,0.6465770602226257,0.4869097173213959,0.03570155054330826,0,1e-05,3.26845383644104,0.15745246410369873,0.13045313954353333,0.17234085500240326,0.6465770602226257,0.4919375479221344,0.3920809030532837,0.2560501992702484,0.018550267443060875,0.4653763771057129,0.3375290334224701,0.20459279417991638,0.019484087824821472,0.3208842873573303,0.2134096473455429,0.2912555932998657,0.04057678207755089
143,0.0341727895581204,0.023950192348464676,0.9666062852610713,5.5431255611398704e-05,0.555980604627858,0.02313536213062428,0.18347568511962892,0.4834756851196289,2,3000,0.6451957821846008,0.4933205246925354,0.03550918027758598,0,1e-05,3.243849754333496,0.15956495702266693,0.13061556220054626,0.17338377237319946,0.6451957821846008,0.49715688824653625,0.38610121607780457,0.2534329891204834,0.018732212483882904,0.46740150451660156,0.3353580832481384,0.20314763486385345,0.01970980502665043,0.324148565530777,0.21246813237667084,0.2884822189807892,0.04050934687256813
144,0.034253323207730835,0.024032453318005024,0.9664364923601565,5.7471386832691245e-05,0.5559303423632747,0.02362425203676577,0.1819486439228058,0.4819486439228058,2,3000,0.6544983983039856,0.49406400322914124,0.036614831537008286,0,1e-05,3.2434732913970947,0.1598515808582306,0.136319100856781,0.1729731559753418,0.6544983983039856,0.487089067697525,0.39254769682884216,0.2726714611053467,0.018086789175868034,0.46170496940612793,0.34029364585876465,0.22058618068695068,0.019330095499753952,0.3245021104812622,0.2169325202703476,0.30546891689300537,0.03991304710507393
145,0.034230993007836136,0.02401229366660118,0.9662449152573295,5.489382427818466e-05,0.5557022146556688,0.024455213476110387,0.18264917731285096,0.48264917731285095,2,3000,0.6534477472305298,0.5115115642547607,0.038301337510347366,0,1e-05,3.248532772064209,0.15976884961128235,0.13545846939086914,0.17322921752929688,0.6534477472305298,0.48899388313293457,0.4004250764846802,0.27706363797187805,0.018349429592490196,0.46330881118774414,0.34740498661994934,0.22296786308288574,0.019556261599063873,0.3248462677001953,0.21939639747142792,0.30040445923805237,0.04019232839345932
146,0.03394928623152816,0.02373245544731617,0.966057741123697,5.454891810507473e-05,0.5557081751201464,0.023790762442129628,0.18322328925132753,0.4832232892513275,2,3000,0.651128888130188,0.49865275621414185,0.03726701810956001,0,1e-05,3.2948882579803467,0.15985578298568726,0.13341206312179565,0.17296119034290314,0.651128888130188,0.4923831522464752,0.3911604583263397,0.26337218284606934,0.018089139834046364,0.4650392234325409,0.3402705788612366,0.21069569885730743,0.01928028091788292,0.32434186339378357,0.215633362531662,0.2907889783382416,0.04026096686720848
147,0.0340445253836072,0.023829678316479145,0.9658795569254004,5.725144839506475e-05,0.5554797208827474,0.024554723103841145,0.17964739799499513,0.4796473979949951,2,3000,0.6469062566757202,0.4927910566329956,0.0346720814704895,0,1e-05,3.2420244216918945,0.15735089778900146,0.13184809684753418,0.17262785136699677,0.6469062566757202,0.4880000054836273,0.40037858486175537,0.2728976607322693,0.01891159638762474,0.46233657002449036,0.3430982828140259,0.2203632891178131,0.019787045195698738,0.3213467597961426,0.2153828740119934,0.30467134714126587,0.040391065180301666
148,0.034106444243503654,0.023893326196981514,0.965695997943049,5.720224061920105e-05,0.5555865997853486,0.02336204641836661,0.18292708396911622,0.4829270839691162,2,3000,0.6513845920562744,0.5000389218330383,0.04188694432377815,0,1e-05,3.2579548358917236,0.15902484953403473,0.13451702892780304,0.17283491790294647,0.6513845920562744,0.4923402965068817,0.3914043605327606,0.2636880576610565,0.018287941813468933,0.46505647897720337,0.34215641021728516,0.21057376265525818,0.01944121904671192,0.32292699813842773,0.2170368731021881,0.29266923666000366,0.04031633213162422
149,0.03430911040176516,0.02409751591799052,0.9655417540799016,6.189699943997371e-05,0.5555582357489545,0.024105144642017507,0.18098400235176088,0.48098400235176086,2,3000,0.6535757184028625,0.49926072359085083,0.03725893795490265,0,1e-05,3.249450206756592,0.15785285830497742,0.13487844169139862,0.1719789057970047,0.6535757184028625,0.48713067173957825,0.3974565863609314,0.2740876376628876,0.0176081620156765,0.4619184136390686,0.3443898558616638,0.22057396173477173,0.018819069489836693,0.3213111460208893,0.2174052596092224,0.3037277162075043,0.04016876593232155
150,0.034159594255944954,0.023950196478677833,0.9653502910033517,6.294379162009928e-05,0.5552658749663312,0.0240299072265625,0.18395621776580812,0.4839562177658081,2,3000,0.6548572182655334,0.5097195506095886,0.040894512087106705,0,1.0000000000000002e-06,3.3827240467071533,0.16007520258426666,0.13555119931697845,0.17231957614421844,0.6548572182655334,0.48974737524986267,0.3935423493385315,0.269023060798645,0.017590731382369995,0.4648558795452118,0.34376007318496704,0.21492405235767365,0.018893439322710037,0.32636433839797974,0.21784839034080505,0.29255813360214233,0.03985754773020744
151,0.03406264713924864,0.023854381202355675,0.9652350726334945,5.6001290510681905e-05,0.5553551186685977,0.024023646036783853,0.1812002182006836,0.4812002182006836,2,3000,0.6476619243621826,0.5110982060432434,0.03854433447122574,0,1.0000000000000002e-06,3.4239869117736816,0.15975594520568848,0.13525888323783875,0.174857035279274,0.6476619243621826,0.4888876676559448,0.39889541268348694,0.2666904330253601,0.01814340427517891,0.463986337184906,0.34569841623306274,0.2150193601846695,0.01933855563402176,0.3242650330066681,0.21858598291873932,0.30024105310440063,0.040472641587257385
152,0.03405531835944756,0.02384761907160282,0.9651920743610548,5.4232403825786285e-05,0.5552366324093031,0.023453859117296007,0.182234925031662,0.482234925031662,2,3000,0.6522964239120483,0.4968278706073761,0.03508763015270233,0,1.0000000000000002e-06,3.340508460998535,0.15787442028522491,0.13227617740631104,0.1720653772354126,0.6522964239120483,0.49147945642471313,0.3970359265804291,0.27415645122528076,0.018452094867825508,0.4641014039516449,0.3430846035480499,0.21995416283607483,0.019615918397903442,0.3210623562335968,0.21579328179359436,0.30118513107299805,0.0402803011238575
153,0.03436713503754657,0.024159766814630966,0.9651611576909604,5.411688059963205e-05,0.5552160299342611,0.02367903306749132,0.18257067799568177,0.48257067799568176,2,3000,0.6495130062103271,0.4736376404762268,0.030408088117837906,0,1.0000000000000002e-06,3.355724573135376,0.15766623616218567,0.13013508915901184,0.17327174544334412,0.6495130062103271,0.494594544172287,0.3845040500164032,0.26057007908821106,0.018347186967730522,0.46414807438850403,0.332207053899765,0.20992913842201233,0.019496211782097816,0.3220271170139313,0.2107381969690323,0.2985180914402008,0.040108054876327515
154,0.03388996900099775,0.023682975898618282,0.9651331460994222,5.410024997494791e-05,0.5551217613012894,0.023874983610930267,0.1823102355003357,0.4823102355003357,2,3000,0.651111364364624,0.49669691920280457,0.034975677728652954,0,1.0000000000000002e-06,3.410034656524658,0.1581241488456726,0.133820578455925,0.17333462834358215,0.651111364364624,0.49225103855133057,0.3968086838722229,0.2694430947303772,0.018396982923150063,0.4635908901691437,0.34189167618751526,0.21560968458652496,0.01956757716834545,0.3222876191139221,0.21603919565677643,0.2945171296596527,0.04014304652810097
155,0.034021682551373604,0.023814944064487583,0.9651079177856445,5.425526156297723e-05,0.5551165471906248,0.022898594043872976,0.1827435314655304,0.4827435314655304,2,3000,0.649975061416626,0.4880965054035187,0.03532511740922928,0,1.0000000000000002e-06,3.2910425662994385,0.15753556787967682,0.13268639147281647,0.17155863344669342,0.649975061416626,0.49298036098480225,0.38927239179611206,0.2604261040687561,0.018771961331367493,0.4658779203891754,0.3370780646800995,0.20810765027999878,0.019742753356695175,0.32214081287384033,0.21394497156143188,0.29198187589645386,0.04040193930268288
156,0.0340206896805245,0.023814082145690918,0.9650849803634312,5.395091157760876e-05,0.5552179631979569,0.02290638619882089,0.18323920369148256,0.48323920369148254,2,3000,0.6494528651237488,0.505450963973999,0.03812625631690025,0,1.0000000000000002e-06,3.3298048973083496,0.15819908678531647,0.1335449367761612,0.173343688249588,0.6494528651237488,0.4952869415283203,0.3950476050376892,0.26595550775527954,0.018266603350639343,0.4666737914085388,0.34352463483810425,0.21333874762058258,0.019452547654509544,0.3215430974960327,0.21686021983623505,0.2948254942893982,0.04032498225569725
157,0.03397242012231246,0.02376622577076373,0.9650615661040597,5.435226209912166e-05,0.5550353578899218,0.023578673751265915,0.1838557243347168,0.4838557243347168,2,3000,0.6565242409706116,0.48781824111938477,0.03612677752971649,0,1.0000000000000002e-06,3.367659330368042,0.16039632260799408,0.134342223405838,0.17364512383937836,0.6565242409706116,0.489729106426239,0.3838033676147461,0.2561379671096802,0.017940618097782135,0.4628431499004364,0.33503249287605286,0.20672108232975006,0.019239837303757668,0.3263263702392578,0.2131597101688385,0.29730725288391113,0.03981694206595421
158,0.03413442506090454,0.0239282187236392,0.965039743029553,5.409883938820871e-05,0.5552680751551753,0.02331195718270761,0.18126566410064698,0.481265664100647,2,3000,0.6485748291015625,0.4792685806751251,0.03381684422492981,0,1.0000000000000002e-06,3.3658533096313477,0.16021566092967987,0.1321672797203064,0.17362080514431,0.6485748291015625,0.4885067343711853,0.3839360773563385,0.25594767928123474,0.01851407065987587,0.462653785943985,0.33301931619644165,0.2061813622713089,0.01959630288183689,0.32532721757888794,0.21188031136989594,0.2964465320110321,0.04039547219872475
159,0.034469010713307754,0.024262971447213837,0.9650249558946361,5.4393729205121815e-05,0.5552467885224716,0.024476035789207175,0.18098239302635194,0.48098239302635193,2,3000,0.6492219567298889,0.4872055947780609,0.032372135668992996,0,1.0000000000000002e-06,3.3425958156585693,0.15827327966690063,0.133738711476326,0.17307355999946594,0.6492219567298889,0.4901258945465088,0.39291536808013916,0.27461645007133484,0.018173785880208015,0.4623732268810272,0.33902716636657715,0.22108320891857147,0.019297663122415543,0.3222084939479828,0.21461403369903564,0.3037247359752655,0.040231648832559586
160,0.03410300806812618,0.02389734424650669,0.9650014612985693,5.456039323927025e-05,0.5551027655601501,0.02350463641131366,0.18494401574134828,0.48494401574134827,2,3000,0.6544580459594727,0.4982728064060211,0.03577190637588501,0,1.0000000000000002e-06,3.26434326171875,0.15970706939697266,0.13457751274108887,0.1747094839811325,0.6544580459594727,0.49468451738357544,0.3902866542339325,0.26463696360588074,0.01791059784591198,0.465419739484787,0.33829015493392944,0.21342763304710388,0.019157808274030685,0.325213760137558,0.2161489874124527,0.2986580431461334,0.0400875099003315
161,0.03413109999635945,0.023925916170296463,0.9649774276691935,5.404029640055302e-05,0.5548687654992809,0.02314771694607205,0.1824691414833069,0.4824691414833069,2,3000,0.6531053781509399,0.48181578516960144,0.03480567783117294,0,1.0000000000000002e-06,3.215569496154785,0.1588795930147171,0.131912961602211,0.17224973440170288,0.6531053781509399,0.48912763595581055,0.38744011521339417,0.261290580034256,0.018080400303006172,0.4630975127220154,0.33589139580726624,0.20943583548069,0.019257238134741783,0.3245461583137512,0.21230384707450867,0.2958749830722809,0.04006894305348396
162,0.03401435263778852,0.023809149294443752,0.96495616176854,5.396857934259891e-05,0.555101928503617,0.023683738425925926,0.18180294036865235,0.48180294036865234,2,3000,0.6510225534439087,0.4977795481681824,0.03604791685938835,0,1.0000000000000002e-06,3.2327353954315186,0.15835469961166382,0.13384951651096344,0.1733214259147644,0.6510225534439087,0.49036696553230286,0.3973032534122467,0.2680039405822754,0.018408363685011864,0.4635807275772095,0.34216633439064026,0.21442140638828278,0.01952701434493065,0.3222416043281555,0.21629126369953156,0.29442307353019714,0.04020306095480919
163,0.034073356619995575,0.023868702675985252,0.9649358469506969,5.411145890399854e-05,0.5547536300576251,0.023302772521972655,0.1812493920326233,0.4812493920326233,2,3000,0.6489566564559937,0.4905652403831482,0.03368191793560982,0,1.0000000000000002e-06,3.323561191558838,0.15915554761886597,0.13406974077224731,0.17396491765975952,0.6489566564559937,0.49004244804382324,0.3945557177066803,0.2644098103046417,0.018988503143191338,0.4625145196914673,0.34021562337875366,0.21323822438716888,0.020114820450544357,0.3234838843345642,0.216660276055336,0.2981105446815491,0.04053878039121628
164,0.034138955337845764,0.023934385698774586,0.9649159804634426,5.410453725388557e-05,0.554868617783422,0.023232738353587964,0.18465037345886232,0.4846503734588623,2,3000,0.6539610624313354,0.5081629753112793,0.04340026155114174,0,1.0000000000000002e-06,3.281912088394165,0.15955528616905212,0.13363303244113922,0.17308980226516724,0.6539610624313354,0.4933828115463257,0.38999348878860474,0.2566176652908325,0.01823374070227146,0.4665094017982483,0.34215644001960754,0.2056552618741989,0.019408082589507103,0.32474833726882935,0.2164812535047531,0.29160693287849426,0.04009707272052765
165,0.034414324099602905,0.024210037663578987,0.9648946782817012,5.412318268613687e-05,0.5547982169234235,0.024300665396231193,0.1840671718120575,0.4840671718120575,2,3000,0.6545833349227905,0.46837857365608215,0.033105406910181046,0,1.0000000000000002e-06,3.2846620082855225,0.15903118252754211,0.13071247935295105,0.17109762132167816,0.6545833349227905,0.4921116232872009,0.3760882616043091,0.2543638348579407,0.018338100984692574,0.4637625515460968,0.32788845896720886,0.2043503075838089,0.019535666331648827,0.3258112668991089,0.20973609387874603,0.29534852504730225,0.03988214209675789
166,0.034023535154435944,0.023819397730023964,0.9648770353068477,5.426469531654299e-05,0.5548243522644043,0.023517061586733216,0.18214226961135865,0.48214226961135864,2,3000,0.6508745551109314,0.4967934191226959,0.03674803301692009,0,1.0000000000000002e-06,3.238361358642578,0.1593017578125,0.1332409381866455,0.17320580780506134,0.6508745551109314,0.48960959911346436,0.39224448800086975,0.26521027088165283,0.01827346533536911,0.4638718366622925,0.34148266911506653,0.21270805597305298,0.01940949074923992,0.3242131769657135,0.2161426842212677,0.2960547208786011,0.0399676188826561
167,0.033991390272327095,0.0237873416070057,0.9648537635803223,5.4031226128521986e-05,0.5549706790758215,0.02332243573224103,0.17991600632667543,0.4799160063266754,2,3000,0.647489070892334,0.48344099521636963,0.03081255592405796,0,1.0000000000000002e-06,3.2278892993927,0.15855415165424347,0.13217446208000183,0.17379449307918549,0.647489070892334,0.48790132999420166,0.39185401797294617,0.2664419710636139,0.01851746253669262,0.4618262052536011,0.3373451828956604,0.21526919305324554,0.019614791497588158,0.32244741916656494,0.2128448635339737,0.3007689416408539,0.04049760475754738
168,0.03396865668828073,0.023764706662167675,0.9648400493290114,5.489148047079494e-05,0.5550010593041129,0.02296989949544271,0.18309555649757386,0.48309555649757385,2,3000,0.6513763666152954,0.5004962086677551,0.03737922012805939,0,1.0000000000000002e-06,3.2362635135650635,0.15923286974430084,0.13195446133613586,0.1735192984342575,0.6513763666152954,0.49249395728111267,0.3940315842628479,0.26136457920074463,0.018262680619955063,0.4654499590396881,0.3418017327785492,0.20988762378692627,0.019400719553232193,0.3230619430541992,0.2157881259918213,0.29390791058540344,0.040355756878852844
169,0.034270552351422935,0.024066907556160637,0.9648157228594241,5.425184534270438e-05,0.5549453341442606,0.02417118157280816,0.18506787419319154,0.48506787419319153,2,3000,0.6510435938835144,0.49991846084594727,0.042295780032873154,0,1.0000000000000002e-06,3.281459331512451,0.16098695993423462,0.13146518170833588,0.17295420169830322,0.6510435938835144,0.4960947334766388,0.3833034336566925,0.24594949185848236,0.018113350495696068,0.4668547213077545,0.33693113923072815,0.1985449492931366,0.019337913021445274,0.3262784481048584,0.21318699419498444,0.290278822183609,0.04028216004371643
170,0.0343633940362412,0.024159858165227848,0.9647963021112524,5.391172137182287e-05,0.5550340673197871,0.02467241923014323,0.1817076325416565,0.4817076325416565,2,3000,0.6519796252250671,0.4770706295967102,0.03148236125707626,0,1.0000000000000002e-06,3.2261416912078857,0.15750403702259064,0.13072384893894196,0.17191104590892792,0.6519796252250671,0.49053627252578735,0.3865413963794708,0.2618429362773895,0.017915649339556694,0.4624492824077606,0.33489301800727844,0.21208573877811432,0.019082551822066307,0.3218652904033661,0.2109418511390686,0.3022245168685913,0.040212590247392654
171,0.034385195082944374,0.024181823691596157,0.9647785373356031,5.4079441052517325e-05,0.5550456694934679,0.023532968591760708,0.1838928282260895,0.4838928282260895,2,3000,0.6501923203468323,0.4840957224369049,0.033177055418491364,0,1.0000000000000002e-06,3.21968936920166,0.1594926416873932,0.1311202496290207,0.17344580590724945,0.6501923203468323,0.4946204721927643,0.3806098997592926,0.24945449829101562,0.01820843294262886,0.46606308221817017,0.3308921754360199,0.200636625289917,0.01933031715452671,0.3246954679489136,0.2107258439064026,0.29029273986816406,0.04032959043979645
172,0.034003248195285385,0.023800291444944298,0.9647530058155889,5.4617536554123156e-05,0.5548812487851018,0.023467179475007233,0.18333859443664552,0.4833385944366455,2,3000,0.6555958390235901,0.5039007663726807,0.03787313774228096,0,1.0000000000000002e-06,3.235366106033325,0.15961740911006927,0.13547664880752563,0.17254649102687836,0.6555958390235901,0.4899015426635742,0.3923945426940918,0.2664264738559723,0.017698263749480247,0.46337205171585083,0.3422039747238159,0.21440574526786804,0.019114261493086815,0.32448503375053406,0.2171037644147873,0.29992493987083435,0.03981291875243187
173,0.03395710448208063,0.023754456444926884,0.9647315688755201,5.41568259232799e-05,0.5547908103984335,0.023605648464626736,0.1833539128303528,0.4833539128303528,2,3000,0.6498307585716248,0.5096803903579712,0.04433925822377205,0,1.0000000000000002e-06,3.2458655834198,0.1600564867258072,0.13444344699382782,0.17279398441314697,0.6498307585716248,0.4922657907009125,0.3931877017021179,0.26542919874191284,0.018626710399985313,0.46565866470336914,0.3447319567203522,0.21251478791236877,0.019774604588747025,0.32566049695014954,0.21788406372070312,0.2915761172771454,0.040290821343660355
174,0.03392666043794673,0.023723960570667103,0.9647104480992192,5.4368634585483484e-05,0.5550522104553555,0.023048903853804977,0.18351806402206422,0.4835180640220642,2,3000,0.6507281064987183,0.4944751560688019,0.03614841774106026,0,1.0000000000000002e-06,3.253417730331421,0.15920394659042358,0.13329288363456726,0.1735074669122696,0.6507281064987183,0.49479830265045166,0.3883795738220215,0.258239209651947,0.017927149310708046,0.4654199779033661,0.33788004517555237,0.20785881578922272,0.019174380227923393,0.3231258690357208,0.21455547213554382,0.29388427734375,0.04021821171045303
175,0.03400107440741166,0.02379868244347365,0.9646908174390378,5.394214863570043e-05,0.5549437818319901,0.025659417894151475,0.18330661654472352,0.4833066165447235,2,3000,0.6598043441772461,0.5186057090759277,0.0466214083135128,0,1.0000000000000002e-06,3.2401580810546875,0.1598835289478302,0.13759268820285797,0.17373695969581604,0.6598043441772461,0.48690640926361084,0.3970959484577179,0.27352654933929443,0.017243145033717155,0.4622558355331421,0.3494211435317993,0.22255632281303406,0.01877998374402523,0.3242599070072174,0.22003312408924103,0.3081548511981964,0.03975148871541023
176,0.034086182065632034,0.023884111610443695,0.9646696966627369,5.3765337645967044e-05,0.554835962212604,0.02403329919885706,0.18662501573562623,0.4866250157356262,2,3000,0.6549854874610901,0.4868795573711395,0.03495152294635773,0,1.0000000000000002e-06,3.240529775619507,0.16006161272525787,0.13211359083652496,0.1731584519147873,0.6549854874610901,0.4983178675174713,0.3784060478210449,0.25191113352775574,0.017964256927371025,0.46740251779556274,0.3302331566810608,0.20163248479366302,0.019202927127480507,0.32579416036605835,0.2111191600561142,0.2874809801578522,0.03987736254930496
177,0.03385047161060831,0.02364891257299029,0.9646464767663375,5.3725168665709056e-05,0.5545574970867323,0.02339018984194155,0.18495569825172425,0.48495569825172424,2,3000,0.6570559144020081,0.48789089918136597,0.03461622819304466,0,1.0000000000000002e-06,3.2226719856262207,0.1594211459159851,0.13265226781368256,0.17316576838493347,0.6570559144020081,0.493880957365036,0.3834740221500397,0.2629546523094177,0.01742595247924328,0.4645090401172638,0.3349146842956543,0.21095137298107147,0.01888507418334484,0.3243769109249115,0.21343085169792175,0.29631051421165466,0.03968001902103424
178,0.03404994179373202,0.0238485224545002,0.9646252056826716,5.389315929673815e-05,0.5546283022217129,0.024777673791956018,0.18765385150909425,0.48765385150909424,2,3000,0.6591198444366455,0.4857448637485504,0.03687000274658203,0,1.0000000000000002e-06,3.207610845565796,0.16129061579704285,0.13317789137363434,0.17394989728927612,0.6591198444366455,0.4970874488353729,0.37455669045448303,0.2526952028274536,0.017299076542258263,0.4659375548362732,0.329205721616745,0.2041749209165573,0.018760478124022484,0.32847052812576294,0.2116444855928421,0.2939080595970154,0.039698027074337006
179,0.0341738213825485,0.023972279675628826,0.9646102215932764,5.388087463317156e-05,0.5549004518467447,0.02335178177445023,0.18289108276367189,0.4828910827636719,2,3000,0.6449735760688782,0.48534584045410156,0.03742237389087677,0,1.0000000000000002e-06,3.213256597518921,0.15884952247142792,0.13136552274227142,0.17125427722930908,0.6449735760688782,0.49650779366493225,0.38384363055229187,0.258284330368042,0.0185109693557024,0.46652311086654663,0.33346137404441833,0.20525407791137695,0.019417017698287964,0.3235597014427185,0.212166428565979,0.28573352098464966,0.04028242453932762
180,0.03432267337389614,0.024121475041560505,0.9645844542461893,5.387978450491336e-05,0.5548141987427421,0.023584763138382522,0.18152032494544984,0.48152032494544983,2,3000,0.6536086201667786,0.4889794886112213,0.034828342497348785,0,1.0000000000000002e-06,3.2191286087036133,0.1577460765838623,0.13113835453987122,0.1710028350353241,0.6536086201667786,0.4876742362976074,0.39054492115974426,0.26479706168174744,0.018102489411830902,0.4626678228378296,0.33957451581954956,0.21167686581611633,0.01923341117799282,0.32213065028190613,0.21273718774318695,0.2939600646495819,0.039972126483917236
181,0.033995079362522,0.023794200757275456,0.9645690503327743,5.4882423959814176e-05,0.5546394690223362,0.023282597577130353,0.18390895128250123,0.4839089512825012,2,3000,0.6538041830062866,0.4954216480255127,0.03607103228569031,0,1.0000000000000002e-06,3.257072925567627,0.1582072228193283,0.13304108381271362,0.1721692532300949,0.6538041830062866,0.4942442774772644,0.39110976457595825,0.26713117957115173,0.017889535054564476,0.46558013558387756,0.3397212028503418,0.21286320686340332,0.019187133759260178,0.3220072388648987,0.21505659818649292,0.29172492027282715,0.04007626697421074
182,0.03419402387479077,0.023993337526917458,0.9645448612130206,5.4766189746062636e-05,0.5546910581381425,0.024399509571216723,0.17978520393371583,0.4797852039337158,2,3000,0.6521458625793457,0.4905974864959717,0.035798318684101105,0,1.0000000000000002e-06,3.242033004760742,0.1584414690732956,0.13270609080791473,0.17205530405044556,0.6521458625793457,0.48402154445648193,0.3997271955013275,0.2730255722999573,0.01868041791021824,0.459285706281662,0.34385040402412415,0.2219071239233017,0.019869884476065636,0.32368767261505127,0.21563072502613068,0.3075059652328491,0.04011305049061775
183,0.03412182774880658,0.02392144970919775,0.9645215583884198,5.4552625838171124e-05,0.554616637851881,0.022917258086027924,0.1827064871788025,0.4827064871788025,2,3000,0.6498581171035767,0.48596858978271484,0.034478262066841125,0,1.0000000000000002e-06,3.272336483001709,0.15868563950061798,0.13359883427619934,0.1715984046459198,0.6498581171035767,0.492837518453598,0.38733580708503723,0.26571521162986755,0.018191583454608917,0.4645978808403015,0.33583518862724304,0.21235467493534088,0.019316645339131355,0.3235324025154114,0.2144644558429718,0.2943866550922394,0.04033685103058815
184,0.03396589981149072,0.02376560291842274,0.964499276617299,5.436547982516577e-05,0.5547613294228263,0.023120788856788917,0.18284640908241273,0.4828464090824127,2,3000,0.6486995220184326,0.49662280082702637,0.037146084010601044,0,1.0000000000000002e-06,3.2190592288970947,0.1596430093050003,0.1321289837360382,0.17225484549999237,0.6486995220184326,0.49331820011138916,0.3883260190486908,0.2580951750278473,0.018174130469560623,0.4651729464530945,0.3382747769355774,0.20717047154903412,0.019345104694366455,0.3241950571537018,0.2137882262468338,0.29470884799957275,0.040229640901088715
185,0.03387786788137063,0.02367797299571659,0.9644802653271219,5.371573649387321e-05,0.5545552295187245,0.023494079024703414,0.18389434814453126,0.48389434814453125,2,3000,0.6512288451194763,0.4871426820755005,0.034779682755470276,0,1.0000000000000002e-06,3.2138025760650635,0.15906274318695068,0.1334041804075241,0.17272627353668213,0.6512288451194763,0.4947916865348816,0.38462159037590027,0.26400837302207947,0.018256695941090584,0.4651873707771301,0.33496612310409546,0.21078097820281982,0.019427478313446045,0.3243694305419922,0.2135707288980484,0.2928653955459595,0.04025374352931976
