epoch,train_total,train_recon,train_mixing,train_zero_recon,train_z_l2,val_recon,val_separation,sep_base,n_dup,tops,clean_max_corr,max_pair_corr,min_energy_ratio,n_dead,lr,sec,corr_e0_x_clean,corr_e1_x_clean,corr_e2_x_clean,corr_e3_x_clean,corr_e4_x_clean,corr_e5_x_clean,corr_e6_x_clean,corr_e7_x_clean,corr_e0_bw,corr_e1_bw,corr_e2_bw,corr_e3_bw,corr_e4_bw,corr_e5_bw,corr_e6_bw,corr_e7_bw,corr_e0_ma,corr_e1_ma,corr_e2_ma,corr_e3_ma,corr_e4_ma,corr_e5_ma,corr_e6_ma,corr_e7_ma,corr_e0_em,corr_e1_em,corr_e2_em,corr_e3_em,corr_e4_em,corr_e5_em,corr_e6_em,corr_e7_em
1,0.39775828434073407,0.3594159730102705,3.5735913359600566,0.06964994136891935,1.9099014634671418,0.177133544921875,-0.14200503826141353,0.3079949617385864,3,2222,0.11513502150774002,0.5033599138259888,0.08424971252679825,0,0.001,5.076233625411987,0.0867418497800827,0.09217226505279541,0.11513502150774002,0.09677667915821075,0.08901072293519974,0.09327810257673264,0.08571656793355942,0.09252364188432693,0.4140793979167938,0.3629157543182373,0.5124286413192749,0.4628617465496063,0.36826643347740173,0.39992550015449524,0.3865506947040558,0.37093162536621094,0.3355884552001953,0.3024055063724518,0.3714769780635834,0.3379565179347992,0.31574171781539917,0.3491940498352051,0.32161667943000793,0.32367295026779175,0.2128778100013733,0.18210424482822418,0.23293928802013397,0.22424066066741943,0.1902441680431366,0.21294541656970978,0.2113025188446045,0.20052631199359894
2,0.2583465174488399,0.2203473571849906,3.552814379982326,0.021181317198130746,2.2592052273128345,0.14015718135127314,-0.1137983918190002,0.33620160818099976,3,2222,0.11789225041866302,0.5784429311752319,0.05342445150017738,0,0.001,4.651196479797363,0.08207765221595764,0.09239045530557632,0.11789225041866302,0.09773503988981247,0.08982668071985245,0.08568967133760452,0.09049629420042038,0.08925401419401169,0.31588345766067505,0.39446720480918884,0.5588855743408203,0.48661068081855774,0.37844058871269226,0.3795727789402008,0.43153929710388184,0.3922930657863617,0.2885152995586395,0.3344011902809143,0.4181928038597107,0.37832340598106384,0.3252660036087036,0.3519420027732849,0.332968145608902,0.3440045118331909,0.17809456586837769,0.18808047473430634,0.24983566999435425,0.22441652417182922,0.19882918894290924,0.1956489533185959,0.22202661633491516,0.1989937722682953
3,0.2374940812587738,0.20068360022876575,3.4804300639940347,0.007765857538248858,1.9285219855930493,0.1403730785228588,0.020146054029464733,0.3201460540294647,2,2252,0.114783376455307,0.5240839123725891,0.04228159412741661,0,0.001,4.541647911071777,0.0848819762468338,0.09449826925992966,0.114783376455307,0.09648912400007248,0.087867870926857,0.10229566693305969,0.09382221102714539,0.08571821451187134,0.3323758542537689,0.42004334926605225,0.526343584060669,0.4656100869178772,0.3758845329284668,0.42630860209465027,0.43962788581848145,0.4122363030910492,0.2906615734100342,0.3407399356365204,0.38584452867507935,0.37156111001968384,0.3548922836780548,0.39533624053001404,0.35297226905822754,0.3716142177581787,0.17028452455997467,0.2084626406431198,0.24412091076374054,0.22363252937793732,0.20061734318733215,0.2073318511247635,0.21971863508224487,0.2092064917087555
4,0.22343233486880426,0.1876946797837382,3.3911134885705034,0.007718960643219559,1.7493330395740012,0.1276763237847222,0.01097283959388734,0.31097283959388733,2,2252,0.112822026014328,0.47052001953125,0.06243930757045746,0,0.001,4.487447023391724,0.07525720447301865,0.09227894246578217,0.112822026014328,0.10473061352968216,0.08610634505748749,0.10083145648241043,0.089759960770607,0.08329709619283676,0.27982333302497864,0.40295252203941345,0.5086796283721924,0.3910960257053375,0.37745559215545654,0.4449222683906555,0.40004870295524597,0.3633536994457245,0.25502926111221313,0.3303312063217163,0.3718509376049042,0.3462357223033905,0.31256625056266785,0.3833591639995575,0.31921541690826416,0.334776908159256,0.14993560314178467,0.2043607234954834,0.23903043568134308,0.22446048259735107,0.21199114620685577,0.21150198578834534,0.2122664451599121,0.20024457573890686
5,0.2093749752511149,0.17538386907266534,3.2584992699001147,0.0020878093808120034,1.3852340190306953,0.11928032769097222,0.05043233633041383,0.3504323363304138,2,2223,0.11730170994997025,0.49276483058929443,0.059050459414720535,0,0.001,4.434333086013794,0.09396320581436157,0.09606677293777466,0.11730170994997025,0.10113170742988586,0.08975909650325775,0.10041239112615585,0.09330656379461288,0.08620399981737137,0.2901296317577362,0.4361655116081238,0.5255264043807983,0.3231492042541504,0.4074670374393463,0.4638349711894989,0.44505828619003296,0.39690956473350525,0.28013676404953003,0.36421284079551697,0.3978740870952606,0.263092964887619,0.35731589794158936,0.3781954050064087,0.3497680127620697,0.33663231134414673,0.18135803937911987,0.21645759046077728,0.24370132386684418,0.3610270619392395,0.20711463689804077,0.2298932671546936,0.23278513550758362,0.2215823084115982
6,0.1984235845182253,0.16575810896313709,3.139220496882563,0.002469959575176725,1.2485691516295723,0.11447959617332176,0.04493890404701234,0.34493890404701233,2,3223,0.1180780902504921,0.47029203176498413,0.048672303557395935,0,0.001,4.463975667953491,0.08757980167865753,0.09025165438652039,0.11733105033636093,0.1180780902504921,0.0910695418715477,0.10225161164999008,0.09096336364746094,0.0861198827624321,0.27554646134376526,0.42749127745628357,0.5255086421966553,0.3099237084388733,0.4110400378704071,0.4442135691642761,0.41509246826171875,0.37193405628204346,0.26520946621894836,0.3432503044605255,0.39191725850105286,0.26695042848587036,0.3577425181865692,0.36551809310913086,0.3153529167175293,0.3238403797149658,0.16957108676433563,0.21207645535469055,0.24217139184474945,0.3442516624927521,0.21659471094608307,0.22899194061756134,0.2119249403476715,0.22648976743221283
7,0.18983111562936203,0.15858811528786368,3.0139358561971914,0.002300642137213246,1.0806331997332366,0.12263844129774305,0.04996962547302247,0.34996962547302246,2,3223,0.13327352702617645,0.5030400156974792,0.03991881385445595,0,0.001,4.5437517166137695,0.09625754505395889,0.09535185247659683,0.1186196357011795,0.13327352702617645,0.09199603646993637,0.10117737948894501,0.08514134585857391,0.09136470407247543,0.29979631304740906,0.46808937191963196,0.5406115055084229,0.2843102514743805,0.3732447624206543,0.4850383698940277,0.4257909059524536,0.3891616463661194,0.28964248299598694,0.3788781464099884,0.4077078700065613,0.2427741438150406,0.33167311549186707,0.37936434149742126,0.3112005591392517,0.3430476784706116,0.17314450442790985,0.22959919273853302,0.24513621628284454,0.31828558444976807,0.20211943984031677,0.23572048544883728,0.2125241905450821,0.22399568557739258
8,0.19547712738099304,0.16523758030456046,2.910717031230097,0.008401425380725414,1.0483653234398884,0.10917655662254051,0.03636581897735597,0.33636581897735596,2,3223,0.14215447008609772,0.49392586946487427,0.04210929945111275,0,0.001,4.469564199447632,0.08996569365262985,0.09127351641654968,0.11421693861484528,0.14215447008609772,0.08918047696352005,0.10246171057224274,0.07849697768688202,0.08636534214019775,0.30314338207244873,0.4207862913608551,0.5191490054130554,0.3208864629268646,0.35472172498703003,0.5014670491218567,0.39461004734039307,0.41287198662757874,0.2760166525840759,0.347957968711853,0.388327419757843,0.26728251576423645,0.30775344371795654,0.3617067337036133,0.29339542984962463,0.35127928853034973,0.17346444725990295,0.21530884504318237,0.23826418817043304,0.29583242535591125,0.20187240839004517,0.2477860301733017,0.21073104441165924,0.22529342770576477
9,0.18943035796932553,0.16021777495093967,2.81418658339459,0.004995477346592056,1.0207627026931099,0.10752443892867476,0.04709712862968446,0.34709712862968445,2,3223,0.15060138702392578,0.524231493473053,0.05510256066918373,0,0.001,4.362548828125,0.10661941766738892,0.09378442913293839,0.1199754998087883,0.15060138702392578,0.09093578159809113,0.09923532605171204,0.09023944288492203,0.09057264029979706,0.3462425172328949,0.47004297375679016,0.5327890515327454,0.22370709478855133,0.403167724609375,0.4950975179672241,0.39195743203163147,0.408401757478714,0.3160165846347809,0.39138710498809814,0.40470659732818604,0.21423500776290894,0.3671806752681732,0.36867159605026245,0.3123489320278168,0.35603824257850647,0.19801445305347443,0.22912359237670898,0.24687565863132477,0.3002914488315582,0.21741880476474762,0.23891441524028778,0.20932506024837494,0.22102709114551544
10,0.17593162992726202,0.14764734843502875,2.7255660139996074,0.003171240462941806,0.9969079183495563,0.09987325258608218,0.022812169790267955,0.32281216979026794,2,3223,0.13107311725616455,0.4997456967830658,0.01239169854670763,0,0.001,4.5128583908081055,0.099070705473423,0.08845402300357819,0.11586687713861465,0.13107311725616455,0.08189798891544342,0.0980416089296341,0.08114631474018097,0.08521759510040283,0.3435932695865631,0.45353955030441284,0.5125693082809448,0.2856674790382385,0.3559730350971222,0.46374160051345825,0.3211730718612671,0.36020761728286743,0.3082856237888336,0.35631152987480164,0.3924858570098877,0.25658905506134033,0.32332471013069153,0.3362801671028137,0.26553717255592346,0.3171992599964142,0.19000117480754852,0.2317209243774414,0.23593807220458984,0.2551203668117523,0.20916132628917694,0.22570329904556274,0.18420468270778656,0.2177983969449997
11,0.1658208007397859,0.13862606753473697,2.625143807867299,0.0007507981436387838,0.9357881675595823,0.09340984881365741,0.026262444257736217,0.3262624442577362,2,3223,0.1772363930940628,0.4728749990463257,0.022073989734053612,0,0.001,4.39582085609436,0.12015841901302338,0.08829120546579361,0.11644629389047623,0.1772363930940628,0.09113156050443649,0.10820937156677246,0.07790854573249817,0.09077310562133789,0.3214322328567505,0.3996562957763672,0.49373987317085266,0.23807749152183533,0.39148372411727905,0.44840216636657715,0.32640835642814636,0.3843872845172882,0.29160383343696594,0.3357863426208496,0.3782505691051483,0.2105065882205963,0.3665101230144501,0.36469241976737976,0.2512234151363373,0.3251578211784363,0.2034374475479126,0.21054869890213013,0.22983959317207336,0.25582292675971985,0.2069721817970276,0.2353687882423401,0.17554454505443573,0.2299867421388626
12,0.1584531800902408,0.13223370261814282,2.529449058615643,0.002217618728299504,0.9028122450994409,0.08910848433883102,0.18891019225120545,0.33891019225120544,1,3225,0.1904822587966919,0.5458458065986633,0.023980554193258286,0,0.001,4.361802577972412,0.11732103675603867,0.09472547471523285,0.11792480200529099,0.1904822587966919,0.08670856058597565,0.10930626839399338,0.08217233419418335,0.09268718212842941,0.3063608407974243,0.4678560793399811,0.518663227558136,0.2164040505886078,0.37809306383132935,0.49564358592033386,0.40850505232810974,0.39008238911628723,0.28297311067581177,0.37075772881507874,0.3913364112377167,0.1929352879524231,0.34609147906303406,0.38846245408058167,0.3045267164707184,0.3362448513507843,0.20877553522586823,0.21901126205921173,0.23967163264751434,0.23959501087665558,0.21070674061775208,0.255158931016922,0.2122229039669037,0.2245268076658249
13,0.14962224079215009,0.12418866092744081,2.453237886014192,0.0012464921316638104,0.8887365460395813,0.08744242576316551,0.1978093147277832,0.3478093147277832,1,3225,0.21056108176708221,0.46708041429519653,0.01826997473835945,0,0.001,4.294604063034058,0.11902597546577454,0.08937440067529678,0.11934845894575119,0.21056108176708221,0.09012965857982635,0.11482535302639008,0.07839462161064148,0.09910096973180771,0.29737839102745056,0.3954199254512787,0.5197263956069946,0.18087631464004517,0.38528838753700256,0.471824049949646,0.3182719051837921,0.3661056160926819,0.27685531973838806,0.31658095121383667,0.3944317698478699,0.16251914203166962,0.33931854367256165,0.38305893540382385,0.24374662339687347,0.30967840552330017,0.21672403812408447,0.20436391234397888,0.2403971254825592,0.2193608582019806,0.21158398687839508,0.2665179967880249,0.1739741712808609,0.22032558917999268
14,0.1384928381961325,0.11380604622156723,2.3812338269275166,0.0013051329562744206,0.8614031698392786,0.08344551255967882,0.19082385897636414,0.34082385897636414,1,3225,0.20188310742378235,0.5111876726150513,0.012509062886238098,0,0.001,4.4201390743255615,0.11403893679380417,0.08951620012521744,0.11718763411045074,0.20188310742378235,0.08864511549472809,0.11154244095087051,0.08792071789503098,0.10328024625778198,0.32265594601631165,0.4313189387321472,0.5129531025886536,0.2342955768108368,0.3924708664417267,0.4601055681705475,0.4248732626438141,0.3511061668395996,0.29626888036727905,0.3399282693862915,0.38918381929397583,0.19878143072128296,0.33918729424476624,0.3718070387840271,0.31502488255500793,0.3043714761734009,0.21532221138477325,0.21474577486515045,0.2418794482946396,0.18466654419898987,0.21140584349632263,0.2592753469944,0.21435391902923584,0.21377374231815338
15,0.1330731488440348,0.10903111845254898,2.318759938944941,0.0018097441921860952,0.8363325310790021,0.08009679271556713,0.21564892530441285,0.36564892530441284,1,3225,0.26130062341690063,0.5605005025863647,0.013505437411367893,0,0.001,4.470016002655029,0.11652188003063202,0.09502637386322021,0.12052885442972183,0.26130062341690063,0.0866234302520752,0.1085740327835083,0.08694764971733093,0.11217641085386276,0.29901647567749023,0.46256566047668457,0.5362491607666016,0.20859575271606445,0.3861291706562042,0.43938368558883667,0.4252748191356659,0.34610533714294434,0.2809334397315979,0.36752286553382874,0.40762078762054443,0.17326940596103668,0.3304104804992676,0.364656537771225,0.3061653971672058,0.3045448958873749,0.21960091590881348,0.22338631749153137,0.24789917469024658,0.19286778569221497,0.21319621801376343,0.25742512941360474,0.21387691795825958,0.20979812741279602
16,0.12447648074315942,0.10098304891068002,2.2647891355597456,0.0010096855479312817,0.8354439294856527,0.07528608534071181,0.21879175901412964,0.36879175901412964,1,3225,0.296444296836853,0.5573498010635376,0.011296753771603107,0,0.001,4.462055206298828,0.11878924816846848,0.09642089158296585,0.12079374492168427,0.296444296836853,0.0896289050579071,0.10904514789581299,0.08694707602262497,0.10438239574432373,0.29452982544898987,0.46547287702560425,0.5195415616035461,0.21761925518512726,0.4242613613605499,0.4523312747478485,0.41020169854164124,0.343758761882782,0.29681938886642456,0.3636993169784546,0.39838653802871704,0.18377675116062164,0.3416318893432617,0.36713504791259766,0.2861858308315277,0.2926633656024933,0.23298826813697815,0.2282351851463318,0.24125447869300842,0.16818365454673767,0.22140417993068695,0.2607946991920471,0.20818327367305756,0.1934545934200287
17,0.1167345691634261,0.09381203191435855,2.207436706708825,0.0010747386233719146,0.8374222413353298,0.06927049085828993,0.24494875073432923,0.3949487507343292,1,3225,0.33479043841362,0.5667533278465271,0.014049732126295567,0,0.001,4.539289474487305,0.11905936896800995,0.09105352312326431,0.12343902885913849,0.33479043841362,0.08851567655801773,0.10495122522115707,0.088535837829113,0.11349703371524811,0.2951056659221649,0.4472159445285797,0.5576038360595703,0.20247960090637207,0.40881770849227905,0.4391462206840515,0.4118787348270416,0.32330864667892456,0.28799787163734436,0.3440912067890167,0.42062950134277344,0.16615159809589386,0.33109423518180847,0.3554667532444,0.3010842800140381,0.2778751850128174,0.22636227309703827,0.22310124337673187,0.25530824065208435,0.15160048007965088,0.2101302444934845,0.26677119731903076,0.21355316042900085,0.19582499563694
18,0.1109111642707949,0.08858509232168613,2.1501909442569898,0.0006014830369563044,0.8181481128153594,0.07218426287615741,0.24521634578704835,0.39521634578704834,1,3225,0.3988513648509979,0.5007339715957642,0.014190067537128925,0,0.001,4.543225049972534,0.11989766359329224,0.0873483419418335,0.12311674654483795,0.3988513648509979,0.08722817152738571,0.10524620860815048,0.08921364694833755,0.1192401647567749,0.2680085301399231,0.3982781171798706,0.5252181887626648,0.17743830382823944,0.38755083084106445,0.414859414100647,0.3823234438896179,0.31188148260116577,0.26587867736816406,0.3091292679309845,0.40488752722740173,0.14826875925064087,0.3109643757343292,0.33455777168273926,0.2782500982284546,0.2594760060310364,0.22033675014972687,0.2009013146162033,0.2460532933473587,0.1331675946712494,0.20081093907356262,0.2519083619117737,0.19206181168556213,0.18303950130939484
19,0.10843460877304492,0.0865927160434101,2.100251985632855,0.0013898057159562798,0.8254759855892347,0.060891318992332175,0.26582003235816953,0.41582003235816956,1,3225,0.4036032557487488,0.4815325140953064,0.00886545144021511,1,0.001,4.540467739105225,0.11869442462921143,0.0879027247428894,0.12599241733551025,0.4036032557487488,0.08815968781709671,0.10828683525323868,0.07918751239776611,0.11504147201776505,0.26650112867355347,0.3893637955188751,0.5645203590393066,0.16313551366329193,0.38391128182411194,0.43493396043777466,0.3481447398662567,0.29135435819625854,0.26653948426246643,0.3253902792930603,0.4317196309566498,0.14096076786518097,0.32508695125579834,0.34800443053245544,0.2622126042842865,0.24749460816383362,0.2303703874349594,0.2063627392053604,0.25849878787994385,0.13013289868831635,0.19573798775672913,0.2634369432926178,0.18030425906181335,0.17006313800811768
20,0.10300141443376956,0.08164771646261215,2.053141956743987,0.0007839836610440651,0.8144392293432484,0.06299342176649306,0.10999639034271241,0.4099963903427124,2,3222,0.39202970266342163,0.5564250946044922,0.011940102092921734,0,0.001,4.484238147735596,0.12327830493450165,0.08893035352230072,0.12627053260803223,0.39202970266342163,0.0873076394200325,0.10753557085990906,0.09584955871105194,0.12820743024349213,0.27124059200286865,0.4417208433151245,0.5584893226623535,0.15771132707595825,0.39904290437698364,0.42163851857185364,0.42948609590530396,0.3138137757778168,0.2686937749385834,0.3441280424594879,0.4295949339866638,0.13203036785125732,0.34823599457740784,0.34691929817199707,0.32128775119781494,0.2687494158744812,0.23763886094093323,0.21889586746692657,0.25987154245376587,0.12584736943244934,0.20022428035736084,0.2590320110321045,0.2228272259235382,0.18115384876728058
21,0.0999263949368311,0.0790190810094709,2.008187542790952,0.0006358806744885995,0.8190797852433246,0.06189744737413194,0.2879932880401611,0.43799328804016113,1,3225,0.4791073501110077,0.5387358665466309,0.009300467558205128,1,0.001,4.5197412967681885,0.12676434218883514,0.08565812557935715,0.12790341675281525,0.4791073501110077,0.08507538586854935,0.11002182215452194,0.08403269946575165,0.13844694197177887,0.24335721135139465,0.4217323064804077,0.5681761503219604,0.1277603805065155,0.3388373851776123,0.4015444815158844,0.35236436128616333,0.27318599820137024,0.24692869186401367,0.32903730869293213,0.44160962104797363,0.10771733522415161,0.29617324471473694,0.3220249116420746,0.2720830738544464,0.22658400237560272,0.22948026657104492,0.20451778173446655,0.26042231917381287,0.11175604909658432,0.18619917333126068,0.26308006048202515,0.18576468527317047,0.16449223458766937
22,0.09428568443526393,0.07378260823695557,1.9684432071188223,0.0009361247060081477,0.8092836893123129,0.056419944480613424,0.1424537718296051,0.4424537718296051,2,3222,0.47940635681152344,0.5374270081520081,0.009572272188961506,2,0.001,4.51605486869812,0.12945222854614258,0.08543726801872253,0.1275017410516739,0.47940635681152344,0.08915039151906967,0.10863041877746582,0.0918545350432396,0.11273237317800522,0.2504076659679413,0.4135068655014038,0.5792089700698853,0.1409119814634323,0.3947638273239136,0.37986353039741516,0.40818679332733154,0.27903178334236145,0.25044623017311096,0.32721176743507385,0.445779412984848,0.11870623379945755,0.33475708961486816,0.31151527166366577,0.3141149878501892,0.23424260318279266,0.23846685886383057,0.2075306922197342,0.2654202878475189,0.11306393146514893,0.20820757746696472,0.25334423780441284,0.21384090185165405,0.16161932051181793
23,0.08811162476954253,0.0680241484356963,1.928214658861575,0.0004046341826957043,0.8012845386629519,0.05109768168131511,0.154050213098526,0.454050213098526,2,3222,0.5212993025779724,0.5087181329727173,0.0048000626266002655,2,0.001,4.491570949554443,0.12992288172245026,0.08687532693147659,0.12902411818504333,0.5212993025779724,0.08917274326086044,0.10313151031732559,0.08473503589630127,0.12140551954507828,0.2247706651687622,0.391726553440094,0.5797753930091858,0.10957029461860657,0.4042752981185913,0.3678332269191742,0.3628658652305603,0.2702678143978119,0.23071986436843872,0.3225829303264618,0.45012906193733215,0.09275680780410767,0.33442485332489014,0.30470192432403564,0.2870021462440491,0.22828233242034912,0.23794519901275635,0.20167629420757294,0.26499709486961365,0.10142930597066879,0.2027091681957245,0.2541213929653168,0.19133073091506958,0.15083494782447815
24,0.09251882848532303,0.07275958715573601,1.8953499431195466,0.0005849211865216089,0.7998946257259535,0.052610302960431135,0.14881469011306764,0.4488146901130676,2,3222,0.5135803818702698,0.5305625796318054,0.006579593755304813,2,0.001,4.367514371871948,0.12820075452327728,0.0868736207485199,0.12693746387958527,0.5135803818702698,0.09059805423021317,0.11064011603593826,0.08939111977815628,0.1212751492857933,0.24246513843536377,0.4238257110118866,0.5725414752960205,0.14055444300174713,0.3935866355895996,0.3710518181324005,0.4196853041648865,0.270099014043808,0.24564877152442932,0.33690062165260315,0.445135235786438,0.11851666122674942,0.33393654227256775,0.31393781304359436,0.3191601634025574,0.23673659563064575,0.23614811897277832,0.20831401646137238,0.2640017569065094,0.11050218343734741,0.20804569125175476,0.26301518082618713,0.22014492750167847,0.1639111340045929
25,0.08775100759837938,0.06820292349742807,1.8724357356195864,0.0010472787575765876,0.8132535789323889,0.0516734698260272,0.1536060690879822,0.4536060690879822,2,3222,0.5264447927474976,0.4900611937046051,0.004708644933998585,2,0.001,4.355802774429321,0.1315240114927292,0.08691921830177307,0.12966762483119965,0.5264447927474976,0.09163670241832733,0.10878126323223114,0.08819819986820221,0.1269475370645523,0.24424409866333008,0.3902777135372162,0.5722105503082275,0.13473381102085114,0.40828633308410645,0.37660887837409973,0.36917194724082947,0.25392946600914,0.24756622314453125,0.3254067301750183,0.45243242383003235,0.11110974103212357,0.3306448459625244,0.31431278586387634,0.28865504264831543,0.2256547510623932,0.23894701898097992,0.2064649760723114,0.26333650946617126,0.10101544857025146,0.19626595079898834,0.2575173079967499,0.19495481252670288,0.15902705490589142
26,0.08146575158057005,0.06219742609106976,1.844577949980031,0.0007026805377909509,0.8155196982881298,0.0455553882740162,0.1603116512298584,0.4603116512298584,2,3222,0.5524846315383911,0.5252366065979004,0.005119536072015762,2,0.001,4.315836429595947,0.14033345878124237,0.0853784829378128,0.12845423817634583,0.5524846315383911,0.08733854442834854,0.10649556666612625,0.08048256486654282,0.11324096471071243,0.22553566098213196,0.39949336647987366,0.5771303772926331,0.1395825743675232,0.3748142123222351,0.3844716250896454,0.3097502291202545,0.2301618903875351,0.24655413627624512,0.32471320033073425,0.4472085237503052,0.11302386969327927,0.319923996925354,0.31617632508277893,0.25201088190078735,0.2030521184206009,0.2415909767150879,0.19731919467449188,0.2644229829311371,0.10056060552597046,0.19268710911273956,0.24882911145687103,0.16640396416187286,0.15397149324417114
27,0.07761262875536214,0.05869048185970472,1.8114639831625896,0.0005241660262032857,0.8022659213646598,0.04755182393391927,0.33461875319480894,0.48461875319480896,1,3225,0.6092593669891357,0.5548548102378845,0.005384673830121756,2,0.001,4.332325458526611,0.14109240472316742,0.08569290488958359,0.13008849322795868,0.6092593669891357,0.08704102039337158,0.10946598649024963,0.08187226951122284,0.12527751922607422,0.21303518116474152,0.4257259666919708,0.59328693151474,0.09603753685951233,0.34961849451065063,0.38226747512817383,0.31750455498695374,0.2264900505542755,0.23065319657325745,0.33120882511138916,0.46519041061401367,0.07934977114200592,0.3034372329711914,0.31718918681144714,0.2523379325866699,0.1998642235994339,0.23339243233203888,0.20487014949321747,0.26918479800224304,0.08141825348138809,0.1871643215417862,0.27073827385902405,0.16409353911876678,0.16353735327720642
28,0.07693883809058563,0.058282515115064125,1.7841639674228171,0.0010784805503056343,0.8038998272107996,0.04452204386393229,0.18300838470458985,0.48300838470458984,2,3222,0.5966019630432129,0.5964751243591309,0.006092660129070282,2,0.001,4.333819389343262,0.1474720984697342,0.08745291829109192,0.12901301681995392,0.5966019630432129,0.09427496045827866,0.10991393774747849,0.08945095539093018,0.12179460376501083,0.23197226226329803,0.45749878883361816,0.5972207188606262,0.1126217171549797,0.3957165777683258,0.38274258375167847,0.3945281207561493,0.22911396622657776,0.24904265999794006,0.36546194553375244,0.4664278030395508,0.0915098637342453,0.34500592947006226,0.3168516159057617,0.30854398012161255,0.1999145746231079,0.2462145984172821,0.2106034755706787,0.27178311347961426,0.09033286571502686,0.2007543444633484,0.2666400372982025,0.20669811964035034,0.1700877994298935
29,0.07599033382923706,0.05755751984922782,1.7616732379664546,0.0006094814939981164,0.8099872729052668,0.05122779337565104,0.17453290224075318,0.4745329022407532,2,3222,0.576361894607544,0.5818408131599426,0.0028581437654793262,2,0.001,4.358842372894287,0.14035488665103912,0.08680060505867004,0.12890823185443878,0.576361894607544,0.0888461247086525,0.1062927097082138,0.08641506731510162,0.13290196657180786,0.21825829148292542,0.4344170093536377,0.5929558873176575,0.1221323236823082,0.40968480706214905,0.36717548966407776,0.3935416638851166,0.23442959785461426,0.24603252112865448,0.3397233486175537,0.4600790739059448,0.10149969905614853,0.3314257562160492,0.3065197765827179,0.3084705173969269,0.20608334243297577,0.23420922458171844,0.21160249412059784,0.26873475313186646,0.09075546264648438,0.20386545360088348,0.24914492666721344,0.2017195224761963,0.16329637169837952
30,0.07489982344534087,0.056692307572002,1.7388483959695566,0.0004936403970730127,0.8140956474387128,0.044988247341579864,0.1851416051387787,0.4851416051387787,2,3222,0.6030732989311218,0.6183913350105286,0.003664290299639106,2,0.001,4.355076789855957,0.1457614153623581,0.08970870822668076,0.1293802708387375,0.6030732989311218,0.08772619813680649,0.110646091401577,0.09179853647947311,0.1443178802728653,0.2197049856185913,0.4669974148273468,0.5972959995269775,0.09605936706066132,0.37204864621162415,0.39145001769065857,0.42137300968170166,0.2174588143825531,0.2376175969839096,0.36519911885261536,0.4675671458244324,0.08044517040252686,0.31549927592277527,0.32702019810676575,0.3356468975543976,0.18940652906894684,0.24315229058265686,0.21378199756145477,0.27262982726097107,0.07825067639350891,0.19224558770656586,0.26443836092948914,0.21861480176448822,0.16471953690052032
31,0.07169021309717842,0.05370032155643339,1.7166283856267515,0.0010157148986447441,0.813451463761537,0.0414127355504919,0.34526017904281614,0.49526017904281616,1,3225,0.6229561567306519,0.5943355560302734,0.0027467424515634775,2,0.001,4.317064046859741,0.15093953907489777,0.08799947053194046,0.12973763048648834,0.6229561567306519,0.08831526339054108,0.11157429963350296,0.09052284061908722,0.13678881525993347,0.22079169750213623,0.4444578289985657,0.6022835373878479,0.09910645335912704,0.3807361423969269,0.37131819128990173,0.376724511384964,0.22336071729660034,0.24143771827220917,0.34627094864845276,0.47595155239105225,0.08205566555261612,0.3211902976036072,0.3154614269733429,0.2991863191127777,0.19381937384605408,0.2500755786895752,0.21768057346343994,0.27480220794677734,0.07819107174873352,0.194850355386734,0.27984943985939026,0.19404703378677368,0.17732937633991241
32,0.06950145992247955,0.051718401682117714,1.6959788954776267,0.0007922920473071787,0.8153473890346029,0.041179630985966435,0.18408329486846925,0.48408329486846924,2,3222,0.5935835838317871,0.5778321623802185,0.005715437699109316,2,0.001,4.3015148639678955,0.15063075721263885,0.08793418854475021,0.12911474704742432,0.5935835838317871,0.09414316713809967,0.10894234478473663,0.08540809154510498,0.14037437736988068,0.2184615582227707,0.4331623613834381,0.5978360176086426,0.09940528124570847,0.39235952496528625,0.3960285782814026,0.3440742790699005,0.2213781774044037,0.23665523529052734,0.34196940064430237,0.4716741740703583,0.08218763768672943,0.32877662777900696,0.3277799189090729,0.2716797888278961,0.18924327194690704,0.24231837689876556,0.21708372235298157,0.2732393145561218,0.0812624916434288,0.20597852766513824,0.2687971591949463,0.18182028830051422,0.17201147973537445
33,0.07062051639608714,0.05307487463173659,1.6730943192606387,0.0004279583581196873,0.810419922289641,0.040898612128363716,0.184719455242157,0.484719455242157,2,3222,0.593152642250061,0.5760289430618286,0.002538975328207016,2,0.001,4.356245040893555,0.15167662501335144,0.08617369830608368,0.12956510484218597,0.593152642250061,0.09126484394073486,0.11247064918279648,0.09493082761764526,0.14524419605731964,0.2139110267162323,0.4314878582954407,0.5994988083839417,0.09854086488485336,0.3607046902179718,0.36785513162612915,0.41276800632476807,0.20816609263420105,0.22980929911136627,0.33472782373428345,0.4715915322303772,0.08161523938179016,0.3293333053588867,0.31049844622612,0.32609009742736816,0.1822001039981842,0.24889540672302246,0.20847652852535248,0.27463483810424805,0.08308856189250946,0.19227354228496552,0.2603863775730133,0.21288171410560608,0.17619866132736206
34,0.07079133197017339,0.05341733927312105,1.653766331465348,0.002590382092065461,0.8104260382444962,0.044467030843098956,0.19329614639282228,0.49329614639282227,2,3222,0.6145715117454529,0.6054054498672485,0.003974872641265392,2,0.001,4.3334996700286865,0.14562420547008514,0.08566063642501831,0.12925362586975098,0.6145715117454529,0.0857965424656868,0.10687875002622604,0.08582079410552979,0.12939660251140594,0.20637919008731842,0.4444473683834076,0.6060183644294739,0.10156028717756271,0.34202301502227783,0.38099557161331177,0.3917621970176697,0.22520777583122253,0.23071810603141785,0.3424309492111206,0.47960931062698364,0.08609089255332947,0.30406609177589417,0.3186189830303192,0.30855807662010193,0.19203166663646698,0.2457905411720276,0.21322116255760193,0.27298539876937866,0.08040709793567657,0.19020290672779083,0.2510857582092285,0.20397013425827026,0.16532927751541138
35,0.06413930686919586,0.04693837415265,1.6376105754271797,0.0012132924280392574,0.8126938809519229,0.04083509826660156,0.1907202422618866,0.4907202422618866,2,3222,0.6235666871070862,0.5324371457099915,0.0018565845675766468,2,0.001,4.346209287643433,0.15209653973579407,0.08432087302207947,0.12982623279094696,0.6235666871070862,0.08811616897583008,0.10941018164157867,0.08669620752334595,0.15594124794006348,0.21462589502334595,0.3989149332046509,0.5944705009460449,0.0810999721288681,0.3425883650779724,0.3429338037967682,0.3744257986545563,0.20287004113197327,0.2228149175643921,0.32245680689811707,0.4713536500930786,0.06650812923908234,0.31229501962661743,0.29582828283309937,0.29781514406204224,0.17599564790725708,0.24335025250911713,0.20401565730571747,0.27349016070365906,0.07303934544324875,0.17667952179908752,0.2643912136554718,0.20178620517253876,0.16596467792987823
36,0.06651411675240683,0.04949783711977627,1.620414630226467,0.0006112673395166538,0.8060203401938729,0.03808931364836516,0.19259072542190553,0.4925907254219055,2,3222,0.6278094053268433,0.5724169015884399,0.004793438594788313,2,0.001,4.338019609451294,0.1480712592601776,0.08559247106313705,0.12908221781253815,0.6278094053268433,0.0857207253575325,0.11472207307815552,0.0840165913105011,0.15157344937324524,0.22009672224521637,0.43618226051330566,0.5968170166015625,0.09000198543071747,0.3602272868156433,0.39067503809928894,0.40789541602134705,0.20539405941963196,0.22893619537353516,0.3244132697582245,0.4716118574142456,0.07612086832523346,0.3198832869529724,0.33055540919303894,0.3202408254146576,0.17832277715206146,0.23832479119300842,0.21032458543777466,0.2741245627403259,0.07422393560409546,0.18620334565639496,0.27122044563293457,0.21059909462928772,0.1754121333360672
37,0.062192666141883186,0.04534661219171856,1.6028584967488828,0.0005253399886778029,0.8122162559758062,0.039796468664098666,0.1885823130607605,0.4885823130607605,2,3222,0.6085543632507324,0.47615760564804077,0.002170346910133958,2,0.001,4.336659669876099,0.1519600749015808,0.08242905139923096,0.13010545074939728,0.6085543632507324,0.08752644807100296,0.11083745956420898,0.08360673487186432,0.14031042158603668,0.21597105264663696,0.36485517024993896,0.5972074866294861,0.09712151437997818,0.3320164680480957,0.32716965675354004,0.32798686623573303,0.1929960995912552,0.2304256111383438,0.2958020567893982,0.47483354806900024,0.0804479569196701,0.3033524453639984,0.2848350703716278,0.26510703563690186,0.1636592447757721,0.24523472785949707,0.19357848167419434,0.27373382449150085,0.07954064011573792,0.17570196092128754,0.26288893818855286,0.16977381706237793,0.1782667636871338
38,0.06070074098913566,0.04406674983708755,1.582340121269226,0.00031026229281332746,0.8074879905451899,0.036130416870117185,0.19479347467422486,0.49479347467422485,2,3222,0.6312456727027893,0.5603609681129456,0.002067932393401861,2,0.001,4.327221632003784,0.1501564383506775,0.08431273698806763,0.1303027719259262,0.6312456727027893,0.08602195978164673,0.11170370876789093,0.08580364286899567,0.14875099062919617,0.20750518143177032,0.4150114059448242,0.5974036455154419,0.087090402841568,0.341940313577652,0.3623161017894745,0.33977675437927246,0.2064477503299713,0.2140168994665146,0.3286585211753845,0.4761788547039032,0.07242447137832642,0.30783218145370483,0.3087235391139984,0.2716961205005646,0.17495599389076233,0.2399282306432724,0.20478874444961548,0.27434566617012024,0.07289524376392365,0.17799095809459686,0.25974443554878235,0.1789160519838333,0.17071306705474854
39,0.06055628573117049,0.044122239007898,1.5624389855758003,0.0009953786572188383,0.7997034269830455,0.03502856671368634,0.1923643171787262,0.4923643171787262,2,3222,0.6222341060638428,0.5721843242645264,0.0024576415307819843,2,0.001,4.327833652496338,0.1552533656358719,0.08678625524044037,0.12936951220035553,0.6222341060638428,0.09186840802431107,0.11252064257860184,0.08722846210002899,0.14939647912979126,0.22438344359397888,0.4328664243221283,0.5987673401832581,0.09224941581487656,0.38399335741996765,0.34682002663612366,0.3780166208744049,0.20030707120895386,0.22845499217510223,0.3383644223213196,0.4741118252277374,0.07707938551902771,0.34314778447151184,0.29490917921066284,0.29993462562561035,0.17172150313854218,0.24217970669269562,0.2136218398809433,0.2743440866470337,0.07579313218593597,0.19512666761875153,0.2641241252422333,0.1926930546760559,0.16805465519428253
40,0.0587798152928767,0.042512923803018486,1.5463325925495313,0.00038266996726515174,0.7997387388478154,0.03573736402723524,0.19019289016723634,0.49019289016723633,2,3222,0.6135888695716858,0.5144379734992981,0.0018016474787145853,2,0.001,4.317339897155762,0.15280915796756744,0.08442214131355286,0.1291942447423935,0.6135888695716858,0.09130464494228363,0.1132160872220993,0.08507733792066574,0.156597301363945,0.21801261603832245,0.38947054743766785,0.5973339676856995,0.08408712595701218,0.34664857387542725,0.3466835618019104,0.37587201595306396,0.19568784534931183,0.22024860978126526,0.30297330021858215,0.4760366380214691,0.07054748386144638,0.3129720091819763,0.2941158413887024,0.3011239171028137,0.16521421074867249,0.23719921708106995,0.20006710290908813,0.2738119959831238,0.07100894302129745,0.17942284047603607,0.2684424817562103,0.1895444095134735,0.17572645843029022
41,0.058005957499794335,0.041927850764730705,1.5283440247825955,0.0004050810821354389,0.7906159810397936,0.03581002468532986,0.1901481866836548,0.4901481866836548,2,3222,0.6085801720619202,0.5115294456481934,0.0019165779231116176,2,0.001,4.31511378288269,0.15507718920707703,0.08337296545505524,0.12871769070625305,0.6085801720619202,0.08906172215938568,0.11078891158103943,0.08394182473421097,0.1499681919813156,0.21509474515914917,0.38649263978004456,0.5989001989364624,0.08665508776903152,0.3243502080440521,0.33915767073631287,0.3945930004119873,0.1858496367931366,0.22421041131019592,0.31060880422592163,0.4788476526737213,0.07373672723770142,0.2944220304489136,0.28813308477401733,0.31094732880592346,0.15710505843162537,0.24417658150196075,0.2008446455001831,0.27426472306251526,0.0732288509607315,0.17915849387645721,0.2535717487335205,0.19917508959770203,0.1696767956018448
42,0.056706184764271195,0.04080406689773435,1.5105738484341165,0.00046882298129671455,0.7916909482168115,0.03700054705584491,0.18435330390930177,0.48435330390930176,2,3222,0.5972431898117065,0.5194354057312012,0.0008418100187554955,2,0.001,4.3406524658203125,0.15627068281173706,0.0843815803527832,0.1289411336183548,0.5972431898117065,0.08361873775720596,0.1065288782119751,0.0858190655708313,0.16286274790763855,0.21436263620853424,0.39374932646751404,0.5971997976303101,0.09944326430559158,0.3183939754962921,0.3538364768028259,0.3680031895637512,0.21535900235176086,0.22074677050113678,0.31703808903694153,0.4693017601966858,0.08335646986961365,0.28298935294151306,0.2957885265350342,0.29177290201187134,0.17933687567710876,0.23935826122760773,0.20076115429401398,0.273668497800827,0.07757742702960968,0.17953336238861084,0.2484685331583023,0.1869552880525589,0.16936591267585754
43,0.05579252751625102,0.040064475782539535,1.4942503234614497,0.000331418229072132,0.7822346220845762,0.03740495413321036,0.1916115999221802,0.4916115999221802,2,3222,0.6072251796722412,0.5154818892478943,0.002920823637396097,2,0.001,4.345661163330078,0.16513335704803467,0.0841667503118515,0.13066892325878143,0.6072251796722412,0.08641207218170166,0.11121665686368942,0.08484339714050293,0.1577766239643097,0.21506376564502716,0.38092827796936035,0.6010541319847107,0.09148868173360825,0.3338758647441864,0.35860541462898254,0.354732483625412,0.19690121710300446,0.22475318610668182,0.31182095408439636,0.48333030939102173,0.07816555351018906,0.30234476923942566,0.3046177625656128,0.28954875469207764,0.16338077187538147,0.24834364652633667,0.20293571054935455,0.2748367190361023,0.07491691410541534,0.17290309071540833,0.26460549235343933,0.17986154556274414,0.1794975996017456
44,0.05839101581469826,0.04279052126018897,1.481170882349429,0.000923117756863813,0.7795549890269404,0.036361781932689526,0.18969733715057374,0.48969733715057373,2,3222,0.6090742945671082,0.5343001484870911,0.0021674425806850195,2,0.001,4.432328939437866,0.15129175782203674,0.0875973179936409,0.12959691882133484,0.6090742945671082,0.08546251058578491,0.11153732985258102,0.08612821996212006,0.14800652861595154,0.21996615827083588,0.41638699173927307,0.598209798336029,0.10181044787168503,0.31888243556022644,0.3621765077114105,0.3887007534503937,0.21496053040027618,0.22371314465999603,0.32100850343704224,0.4783976376056671,0.0866980031132698,0.2801339328289032,0.30233222246170044,0.3193136155605316,0.18264073133468628,0.243780717253685,0.21155568957328796,0.273107647895813,0.07934468239545822,0.17101208865642548,0.26153239607810974,0.20124384760856628,0.18517379462718964
45,0.05570739864007286,0.04019891373489214,1.4717061208642048,0.000624855915109789,0.7851758106895115,0.03971538628472222,0.18989766836166383,0.4898976683616638,2,3222,0.6169092655181885,0.5263998508453369,0.003147464944049716,2,0.001,4.3434529304504395,0.1559170037508011,0.08628766983747482,0.1299886554479599,0.6169092655181885,0.09260286390781403,0.11034394055604935,0.08506408333778381,0.16160325706005096,0.2199356108903885,0.398385614156723,0.5941773653030396,0.0874701663851738,0.33230096101760864,0.34186047315597534,0.34699782729148865,0.21518366038799286,0.22553353011608124,0.31487366557121277,0.47591474652290344,0.07443299144506454,0.2977884113788605,0.2919720411300659,0.28446877002716064,0.179573655128479,0.246522456407547,0.2105855792760849,0.27258938550949097,0.0732339546084404,0.16836199164390564,0.2620360553264618,0.17681990563869476,0.17952580749988556
46,0.05499781441429387,0.03963247751412184,1.4580417042193206,0.000648680276556305,0.7784332892169123,0.032881998697916665,0.19554455280303956,0.49554455280303955,2,3222,0.6331295371055603,0.5540728569030762,0.0029082216788083315,2,0.001,4.327608585357666,0.1516267955303192,0.08480816334486008,0.13017818331718445,0.6331295371055603,0.09288718551397324,0.10848218947649002,0.08593037724494934,0.1621062010526657,0.23545457422733307,0.4086225628852844,0.5980209708213806,0.08540502190589905,0.3645564913749695,0.3476824164390564,0.36819058656692505,0.21240398287773132,0.22881822288036346,0.3185715675354004,0.4761793315410614,0.07230710983276367,0.33347588777542114,0.29426202178001404,0.3011786937713623,0.17490600049495697,0.23441191017627716,0.21315209567546844,0.27484840154647827,0.07131729274988174,0.18809394538402557,0.2505989372730255,0.18813075125217438,0.17883867025375366
47,0.05318684535829917,0.037983062798562256,1.4429650928663171,0.0003802503184567246,0.770329449487769,0.03302565963179977,0.1853394627571106,0.4853394627571106,2,3222,0.6259956359863281,0.4874294698238373,0.000997934490442276,2,0.001,4.305615663528442,0.15105611085891724,0.08459452539682388,0.12878470122814178,0.6259956359863281,0.08843884617090225,0.10713009536266327,0.08791910111904144,0.13780516386032104,0.19790194928646088,0.3806501030921936,0.5841218829154968,0.09390730410814285,0.3332855999469757,0.3327904939651489,0.37896957993507385,0.2042282670736313,0.2058056741952896,0.3101959526538849,0.4627268612384796,0.08180409669876099,0.29185470938682556,0.2821888029575348,0.3047219216823578,0.17309565842151642,0.23528778553009033,0.20077989995479584,0.26851341128349304,0.07457167655229568,0.17061541974544525,0.24182432889938354,0.19910749793052673,0.16306553781032562
48,0.05098159416862156,0.03593716835198195,1.4274924112402874,0.0003515423431172562,0.7659862430199332,0.03156680749963831,0.1988740086555481,0.4988740086555481,2,3222,0.6414316892623901,0.5312687754631042,0.0011626975610852242,2,0.001,4.340863227844238,0.16056668758392334,0.08751722425222397,0.13021405041217804,0.6414316892623901,0.08959131687879562,0.11212068051099777,0.08624257147312164,0.16102595627307892,0.21772414445877075,0.404537558555603,0.6018750667572021,0.0735161304473877,0.29823213815689087,0.34696415066719055,0.3812246322631836,0.20439131557941437,0.2165537029504776,0.3153851628303528,0.4767782390117645,0.06323888897895813,0.27710187435150146,0.2929401397705078,0.29249322414398193,0.16896332800388336,0.2417500913143158,0.20890368521213531,0.2754110097885132,0.06429801136255264,0.1613234281539917,0.2634061276912689,0.20187394320964813,0.17542381584644318
49,0.05093111437947854,0.036059516603532044,1.4111584424972534,0.00027498950056843057,0.7572640154672705,0.030895962750470195,0.1957830607891083,0.4957830607891083,2,3222,0.629397988319397,0.5085017085075378,0.0015797452069818974,2,0.001,4.332668781280518,0.15262074768543243,0.08649099618196487,0.13031414151191711,0.629397988319397,0.08967934548854828,0.1104295551776886,0.08354026079177856,0.15837565064430237,0.21373741328716278,0.3961048722267151,0.5988878607749939,0.0797775462269783,0.32689765095710754,0.34366074204444885,0.34477555751800537,0.2067648321390152,0.2126101404428482,0.30968034267425537,0.47893738746643066,0.06863843649625778,0.29243966937065125,0.2900446355342865,0.27138751745224,0.16898013651371002,0.22889330983161926,0.20662806928157806,0.27590909600257874,0.0687030553817749,0.1751270592212677,0.2563972771167755,0.1750485599040985,0.1791919469833374
50,0.053464488490768104,0.038720126223305,1.3984074177949324,0.0004949027580036984,0.7553389253823654,0.034384506225585934,0.1946037232875824,0.4946037232875824,2,3222,0.6252454519271851,0.5369879603385925,0.0010432980488985777,2,0.0001,4.323182106018066,0.15428851544857025,0.09105434268712997,0.12927280366420746,0.6252454519271851,0.08593756705522537,0.10920191556215286,0.08730341494083405,0.15273888409137726,0.207146555185318,0.42391347885131836,0.601116418838501,0.08510877937078476,0.3102673292160034,0.3470498025417328,0.3676345944404602,0.19961076974868774,0.21120192110538483,0.3238833546638489,0.47639524936676025,0.0741596668958664,0.2730773687362671,0.2935388386249542,0.30150237679481506,0.1619161069393158,0.23178306221961975,0.21398596465587616,0.2756577730178833,0.07356921583414078,0.15993599593639374,0.24677398800849915,0.19530276954174042,0.17191073298454285
51,0.04813269882098488,0.03344827080550401,1.3916774936344312,0.000519873786327915,0.762455051359923,0.02970108879937066,0.19546271562576295,0.49546271562576294,2,3222,0.6351646184921265,0.5630002021789551,0.0014283345080912113,2,0.0001,4.3426477909088135,0.15010587871074677,0.08752360194921494,0.12994934618473053,0.6351646184921265,0.08772269636392593,0.10664575546979904,0.08791303634643555,0.15346799790859222,0.20799794793128967,0.4192403256893158,0.5970155000686646,0.09061039984226227,0.2944018840789795,0.33764851093292236,0.37286704778671265,0.19903965294361115,0.20919236540794373,0.32640618085861206,0.47450435161590576,0.07865319401025772,0.2707454562187195,0.2907123267650604,0.304090291261673,0.16418345272541046,0.23129503428936005,0.2159028947353363,0.2751663327217102,0.07452069967985153,0.1627119928598404,0.24833083152770996,0.19669638574123383,0.17963841557502747
52,0.045073902477388794,0.030482289097879246,1.3833971697351206,0.00016429209157966238,0.7559993759445522,0.03006850348578559,0.19747908115386964,0.49747908115386963,2,3222,0.6418211460113525,0.5428146123886108,0.0015174293657764792,2,0.0001,4.344119071960449,0.1533915251493454,0.08671305328607559,0.13031893968582153,0.6418211460113525,0.08771020174026489,0.11176673322916031,0.08398988842964172,0.15350894629955292,0.20816896855831146,0.4064117670059204,0.5979052186012268,0.07966988533735275,0.28799620270729065,0.3429153561592102,0.344247430562973,0.19899150729179382,0.21053461730480194,0.3152179419994354,0.475116103887558,0.06946107000112534,0.2636488974094391,0.2925912141799927,0.2759871482849121,0.16289550065994263,0.2313743531703949,0.20765279233455658,0.2750738561153412,0.06891987472772598,0.15748657286167145,0.2578279376029968,0.17999832332134247,0.17993001639842987
53,0.044486046323309776,0.029954987699570862,1.377607884614364,0.00021282120154785883,0.7528517583142156,0.027886804651331018,0.19667608737945558,0.49667608737945557,2,3222,0.6426877975463867,0.5801715850830078,0.0013465769588947296,2,0.0001,4.316295623779297,0.1543676108121872,0.08822324872016907,0.13021837174892426,0.6426877975463867,0.08297740668058395,0.10916043072938919,0.08401726931333542,0.15799936652183533,0.20595106482505798,0.4239145815372467,0.5953589081764221,0.08276461064815521,0.2778342664241791,0.34386616945266724,0.3356817066669464,0.19396665692329407,0.20844243466854095,0.33114004135131836,0.4746412932872772,0.07092949748039246,0.2525000274181366,0.29317888617515564,0.26793548464775085,0.15999063849449158,0.2335730940103531,0.21507151424884796,0.274016410112381,0.06950182467699051,0.15480375289916992,0.25384825468063354,0.17672832310199738,0.17599128186702728
54,0.044219417416531105,0.02973314115534658,1.3733481376067451,0.00018640276760814467,0.7509314547414365,0.029412696555808738,0.19566599726676942,0.4956659972667694,2,3222,0.6403412818908691,0.5374877452850342,0.0015887770568951964,2,0.0001,4.367934465408325,0.1567060351371765,0.08715437352657318,0.12996119260787964,0.6403412818908691,0.08399928361177444,0.11179789155721664,0.08243615180253983,0.15966583788394928,0.2091914564371109,0.40152332186698914,0.5932204723358154,0.08423629403114319,0.2874797582626343,0.34628915786743164,0.34376221895217896,0.19061096012592316,0.21047207713127136,0.3188612759113312,0.4750407636165619,0.07182907313108444,0.26145389676094055,0.2942972779273987,0.2671012878417969,0.15796296298503876,0.23368993401527405,0.20908844470977783,0.2740614414215088,0.07048171758651733,0.1598445177078247,0.25888919830322266,0.1773381382226944,0.1767570972442627
55,0.044646425739578575,0.03018965191491272,1.3706696448118791,0.0002117464736448196,0.7479604042094686,0.029408555207429108,0.1994976818561554,0.4994976818561554,2,3222,0.641676664352417,0.5581506490707397,0.0016078944317996502,2,0.0001,4.320749521255493,0.1623646318912506,0.08765491098165512,0.1306021809577942,0.641676664352417,0.08322207629680634,0.10913754999637604,0.08272258937358856,0.16054877638816833,0.21017853915691376,0.4190412759780884,0.5998172760009766,0.0778975561261177,0.2840282917022705,0.33059489727020264,0.3187112808227539,0.19158244132995605,0.21504813432693481,0.3259919285774231,0.48069024085998535,0.06615818291902542,0.2605806589126587,0.2852725684642792,0.2522376477718353,0.15800844132900238,0.23929324746131897,0.21309016644954681,0.2758065164089203,0.06749732792377472,0.15878599882125854,0.25786980986595154,0.17028763890266418,0.17847740650177002
56,0.04411105552445287,0.029688826478693798,1.3674020508061284,0.0001852430957470737,0.746356813803963,0.029922723840784142,0.19819129705429078,0.49819129705429077,2,3222,0.6379775404930115,0.55538010597229,0.002067016204819083,2,0.0001,4.325989246368408,0.15987195074558258,0.08717209845781326,0.13080593943595886,0.6379775404930115,0.08363455533981323,0.10906344652175903,0.08170098066329956,0.1659712940454483,0.20485377311706543,0.4139246344566345,0.5992631316184998,0.07653053104877472,0.27442246675491333,0.3221195936203003,0.31232723593711853,0.18229947984218597,0.20962843298912048,0.322244256734848,0.479597806930542,0.06588692218065262,0.2578820586204529,0.278786301612854,0.24806565046310425,0.14798930287361145,0.23928911983966827,0.21240662038326263,0.2759266495704651,0.06668706983327866,0.15519963204860687,0.2565924823284149,0.1635759472846985,0.17423631250858307
57,0.04346675539146299,0.02908004901331404,1.3640179063962854,0.00014154869954243463,0.7451124320859495,0.02933629466869213,0.1984518885612488,0.4984518885612488,2,3222,0.6344456672668457,0.5610100626945496,0.0018133181147277355,2,0.0001,4.327414274215698,0.15774905681610107,0.08676914125680923,0.130945086479187,0.6344456672668457,0.08527635037899017,0.10996539145708084,0.08391273021697998,0.16327369213104248,0.2038908153772354,0.41938677430152893,0.6009838581085205,0.07661478966474533,0.29348111152648926,0.31875836849212646,0.3241928815841675,0.18816179037094116,0.20647263526916504,0.3182644844055176,0.4814923405647278,0.06584300845861435,0.2690388858318329,0.27440136671066284,0.2616618573665619,0.15248245000839233,0.23852266371250153,0.2105565220117569,0.2768857479095459,0.06649116426706314,0.16116876900196075,0.25769850611686707,0.1696287989616394,0.17613376677036285
58,0.04369235767618469,0.029336319345494976,1.361044132191202,0.00015433806845027468,0.7440535244734391,0.028626607259114582,0.19796685576438905,0.49796685576438904,2,3222,0.6406850814819336,0.5665950179100037,0.0021522582974284887,2,0.0001,4.3384222984313965,0.16082537174224854,0.08878073841333389,0.13076871633529663,0.6406850814819336,0.08633249253034592,0.10899455100297928,0.08240761607885361,0.1625228077173233,0.20513607561588287,0.418550044298172,0.5964866280555725,0.0775560662150383,0.29827752709388733,0.3259498178958893,0.3414565622806549,0.18913665413856506,0.20901595056056976,0.3275085687637329,0.4797235429286957,0.06589075922966003,0.2649635076522827,0.2818453013896942,0.26897919178009033,0.1566160023212433,0.238130122423172,0.21371445059776306,0.27497220039367676,0.06699486076831818,0.16329626739025116,0.2582273781299591,0.17485098540782928,0.17827090620994568
59,0.04334993790025297,0.02901721494677274,1.3588051173997961,0.0001535119391400772,0.7431363722552424,0.028229601824725115,0.19932798743247987,0.49932798743247986,2,3222,0.6443315148353577,0.5517153739929199,0.0023993870709091425,2,0.0001,4.314493417739868,0.16108115017414093,0.08720347285270691,0.13103096187114716,0.6443315148353577,0.08817779272794724,0.1111685261130333,0.08431223779916763,0.1655910760164261,0.2044488489627838,0.4139047861099243,0.5981245636940002,0.07209371030330658,0.31620070338249207,0.3308424651622772,0.33694782853126526,0.1811683475971222,0.2074998915195465,0.32102030515670776,0.4793873727321625,0.06216815859079361,0.28754258155822754,0.28430086374282837,0.2679009437561035,0.1497439444065094,0.23816870152950287,0.21107974648475647,0.2754684388637543,0.06537248939275742,0.16802318394184113,0.260326087474823,0.17448973655700684,0.17545898258686066
60,0.043593455106019974,0.029289014232547386,1.356142935545548,0.00014821447099245194,0.7415299467418505,0.028409931889286748,0.1990750551223755,0.4990750551223755,2,3222,0.6414809226989746,0.5325743556022644,0.001605713157914579,2,0.0001,4.353036880493164,0.15639916062355042,0.08692891150712967,0.13102863729000092,0.6414809226989746,0.09019593894481659,0.10985187441110611,0.08710182458162308,0.17151471972465515,0.20124779641628265,0.40303635597229004,0.5986718535423279,0.07676272094249725,0.3259624242782593,0.31544724106788635,0.34644949436187744,0.18869102001190186,0.2022061049938202,0.31723159551620483,0.47952690720558167,0.06662174314260483,0.2915642559528351,0.2731480598449707,0.27995479106903076,0.1542530655860901,0.2413424402475357,0.20850326120853424,0.27662044763565063,0.06716711819171906,0.17306409776210785,0.2595908045768738,0.17980730533599854,0.1800224632024765
61,0.043470210679199386,0.029189745207195698,1.3538502662078193,0.00013990642353588635,0.7405649060788362,0.029345393428096066,0.1988442361354828,0.4988442361354828,2,3222,0.6424303650856018,0.5443278551101685,0.0023074389901012182,2,0.0001,4.327115297317505,0.16074374318122864,0.08675630390644073,0.13130031526088715,0.6424303650856018,0.08506772667169571,0.11262907832860947,0.08569920808076859,0.1693038046360016,0.203678160905838,0.40561747550964355,0.597570538520813,0.07687897235155106,0.314595103263855,0.3181283473968506,0.3458820581436157,0.1772191822528839,0.20724549889564514,0.31453096866607666,0.4800114333629608,0.06625743955373764,0.2785055339336395,0.27470919489860535,0.27805444598197937,0.14545892179012299,0.24004045128822327,0.20867477357387543,0.2753645181655884,0.06715178489685059,0.16855181753635406,0.2648131847381592,0.17514188587665558,0.1775059700012207
62,0.04309681527640508,0.02884308961422547,1.3512600245683088,0.00014916412486775738,0.7396347859631414,0.02890731981065538,0.19842372536659242,0.4984237253665924,2,3222,0.6434170007705688,0.5464350581169128,0.002646629698574543,2,0.0001,4.3243629932403564,0.16601301729679108,0.08799867331981659,0.13097600638866425,0.6434170007705688,0.08471798896789551,0.11152604967355728,0.08488611876964569,0.16556794941425323,0.202753946185112,0.4075969457626343,0.5957903265953064,0.07225161790847778,0.30872634053230286,0.3185259997844696,0.3502868413925171,0.1730346828699112,0.20730146765708923,0.3231254816055298,0.4794721007347107,0.0619475394487381,0.2737125754356384,0.2765200138092041,0.2787051200866699,0.14343737065792084,0.24306723475456238,0.21163591742515564,0.2750154733657837,0.06542472541332245,0.16708292067050934,0.26188066601753235,0.17847222089767456,0.17608201503753662
63,0.04313308178730633,0.02890169482840144,1.3492112937180891,0.0001539683378169961,0.7377344603123872,0.028721991644965278,0.2013207793235779,0.5013207793235779,2,3222,0.6422131061553955,0.5232298374176025,0.002041066298261285,2,0.0001,4.34164834022522,0.15923522412776947,0.08608032017946243,0.1312437206506729,0.6422131061553955,0.0879448652267456,0.10902658849954605,0.08627396821975708,0.1675543338060379,0.2038787305355072,0.39727357029914856,0.6015682220458984,0.07385843247175217,0.32813316583633423,0.3122771084308624,0.348514586687088,0.1740875244140625,0.2058626115322113,0.3122844099998474,0.4842526912689209,0.06337090581655502,0.28971344232559204,0.2709920406341553,0.2788800597190857,0.14202503859996796,0.24124331772327423,0.20564880967140198,0.2772490680217743,0.06537973880767822,0.1700279265642166,0.25851550698280334,0.17827866971492767,0.17548181116580963
64,0.0431395356097947,0.028937284875175228,1.3463832243629124,0.00013801134058588144,0.7370386952939241,0.0286087646484375,0.19925032258033754,0.4992503225803375,2,3222,0.640529215335846,0.5287230014801025,0.0027113682590425014,2,0.0001,4.315279006958008,0.1573261022567749,0.08743035048246384,0.13107283413410187,0.640529215335846,0.08779622614383698,0.10962820798158646,0.0847441777586937,0.1660984456539154,0.20187905430793762,0.39952245354652405,0.5997752547264099,0.07715829461812973,0.31174761056900024,0.3134799897670746,0.3370608985424042,0.18292997777462006,0.20230713486671448,0.31836792826652527,0.48031821846961975,0.06675300747156143,0.2793503701686859,0.2708683907985687,0.2703148126602173,0.15204912424087524,0.23890602588653564,0.20767195522785187,0.27637866139411926,0.06704787909984589,0.16769269108772278,0.2591027319431305,0.1728818714618683,0.17872843146324158
65,0.04285304118757662,0.028675616192428963,1.344049282695936,0.0001223695928828143,0.7357083066650059,0.027743350558810765,0.20032299757003785,0.5003229975700378,2,3222,0.646449089050293,0.5222533345222473,0.0028310019988566637,2,0.0001,4.338357448577881,0.16400907933712006,0.08641863614320755,0.13110148906707764,0.646449089050293,0.08590912073850632,0.11229938268661499,0.08739075064659119,0.16581569612026215,0.20359846949577332,0.39602091908454895,0.5985073447227478,0.07324939966201782,0.31053924560546875,0.3283608555793762,0.35564306378364563,0.17045173048973083,0.20679573714733124,0.313924640417099,0.48095452785491943,0.06315367668867111,0.274841845035553,0.28227508068084717,0.2768598198890686,0.14094141125679016,0.24204854667186737,0.2058171033859253,0.2753809690475464,0.0651387944817543,0.1689181923866272,0.2668595016002655,0.1836361587047577,0.17804479598999023
66,0.04269041542125785,0.028534155824910038,1.3420988787775454,0.00011659388648062621,0.7341057217639425,0.02751625852231626,0.20076365470886232,0.5007636547088623,2,3222,0.6431947946548462,0.5278189182281494,0.0025689094327390194,2,0.0001,4.339925050735474,0.16564726829528809,0.08619939535856247,0.13120315968990326,0.6431947946548462,0.08776786178350449,0.1099105253815651,0.08658440411090851,0.16657674312591553,0.20229506492614746,0.4001913368701935,0.6002189517021179,0.06996209919452667,0.3146684169769287,0.3103489577770233,0.3565613925457001,0.1725664883852005,0.20498864352703094,0.31249257922172546,0.48300662636756897,0.060304976999759674,0.2822757363319397,0.2696848213672638,0.2815888822078705,0.14108173549175262,0.24543406069278717,0.20731207728385925,0.27663421630859375,0.0637841448187828,0.16750654578208923,0.2603015899658203,0.18119408190250397,0.17452992498874664
67,0.04262417846399805,0.028496442038727844,1.339352187903031,0.00011083817599169181,0.7331071288689323,0.03066554712366175,0.19942630529403688,0.49942630529403687,2,3222,0.6383944153785706,0.5120241045951843,0.0020054015330970287,2,0.0001,4.316295385360718,0.16520464420318604,0.08548397570848465,0.13105008006095886,0.6383944153785706,0.08853092044591904,0.110198974609375,0.08473904430866241,0.17460636794567108,0.19566847383975983,0.3934345543384552,0.6001408100128174,0.07113867998123169,0.32526612281799316,0.3109271824359894,0.34966588020324707,0.1718887835741043,0.2001674771308899,0.3036506175994873,0.48227396607398987,0.06124362349510193,0.28893399238586426,0.2662769854068756,0.2803820073604584,0.13962699472904205,0.2487540990114212,0.2026035338640213,0.2768961191177368,0.06458362936973572,0.17345917224884033,0.2630421221256256,0.18039476871490479,0.17621204257011414
68,0.042798673005207725,0.028698173958970154,1.336778744407322,0.00011777722861354604,0.7315343126006748,0.02928385360152633,0.20138527154922486,0.5013852715492249,2,3222,0.6438637375831604,0.5441693067550659,0.0040090628899633884,2,0.0001,4.367376327514648,0.1571473628282547,0.08878050744533539,0.1315886378288269,0.6438637375831604,0.08721025288105011,0.10662301629781723,0.08485190570354462,0.16483323276042938,0.19871141016483307,0.40683844685554504,0.6000600457191467,0.07353463768959045,0.30149197578430176,0.3069169223308563,0.33864304423332214,0.16538162529468536,0.20280390977859497,0.3186514973640442,0.4847202003002167,0.06354840099811554,0.2705915868282318,0.2665465176105499,0.2703956663608551,0.1372298300266266,0.24052612483501434,0.20978398621082306,0.27689701318740845,0.06559116393327713,0.16552956402301788,0.2549249529838562,0.17547278106212616,0.17609085142612457
69,0.0426363272835379,0.028556797734421234,1.3347868349241174,0.0001190171742168984,0.7304715721503549,0.02782857061315466,0.19681052565574647,0.49681052565574646,2,3222,0.6368306279182434,0.5600026249885559,0.0019610931631177664,2,0.0001,4.323868751525879,0.16283831000328064,0.08951064199209213,0.13148334622383118,0.6368306279182434,0.08789747208356857,0.10944081842899323,0.0843440443277359,0.16784244775772095,0.1920134723186493,0.40911608934402466,0.5957621335983276,0.07569101452827454,0.3021978437900543,0.3106151223182678,0.3397022783756256,0.16513963043689728,0.19587452709674835,0.3204246461391449,0.4799903631210327,0.06549378484487534,0.26563897728919983,0.26868659257888794,0.27337899804115295,0.13713982701301575,0.24388176202774048,0.20877911150455475,0.2746589481830597,0.06667370349168777,0.16974639892578125,0.259796142578125,0.18177096545696259,0.1748896688222885
70,0.04247322403218435,0.028413634666282196,1.3328623460686726,0.00012102544196354954,0.7297554897225421,0.028590990984881364,0.19697923660278321,0.4969792366027832,2,3222,0.639579176902771,0.5547532439231873,0.002938469173386693,2,0.0001,4.358630657196045,0.16719482839107513,0.08824126422405243,0.13121698796749115,0.639579176902771,0.08340542763471603,0.11241281777620316,0.0860210731625557,0.16717366874217987,0.19323480129241943,0.40837612748146057,0.5944993495941162,0.07475952059030533,0.28148582577705383,0.32869046926498413,0.34367814660072327,0.17190305888652802,0.1971604824066162,0.32092931866645813,0.47960415482521057,0.06453367322683334,0.2501104176044464,0.2811713218688965,0.27031776309013367,0.14295712113380432,0.2469206601381302,0.20951694250106812,0.27423423528671265,0.0659278929233551,0.161678284406662,0.2665684223175049,0.1776166409254074,0.17963436245918274
71,0.042112136826567025,0.028082906066075615,1.329963233159936,0.00010866403349412039,0.7285127069639123,0.028440527456778067,0.20064104795455934,0.5006410479545593,2,3222,0.6435858607292175,0.55507493019104,0.004115275572985411,2,0.0001,4.336841583251953,0.16711553931236267,0.08858733624219894,0.13164182007312775,0.6435858607292175,0.08374039828777313,0.11165553331375122,0.08175847679376602,0.17736531794071198,0.1956108957529068,0.41006287932395935,0.5988562703132629,0.0668799951672554,0.28123944997787476,0.31064915657043457,0.3325057625770569,0.1614333838224411,0.19957605004310608,0.3224186599254608,0.48385292291641235,0.05829893797636032,0.25195714831352234,0.26833242177963257,0.27166131138801575,0.1326466202735901,0.24664606153964996,0.21092458069324493,0.27626919746398926,0.06293359398841858,0.15730240941047668,0.2650507688522339,0.17052055895328522,0.17412851750850677
72,0.04210690101203711,0.02810256393707317,1.3275317523790442,0.00015755662025185302,0.7274443222128827,0.027715145534939235,0.19888139963150026,0.49888139963150024,2,3222,0.6401485204696655,0.525231122970581,0.003775220364332199,2,0.0001,4.326872825622559,0.16580802202224731,0.08808509260416031,0.13116160035133362,0.6401485204696655,0.08469430357217789,0.11097487062215805,0.0850878581404686,0.16957470774650574,0.1960424780845642,0.39264538884162903,0.5986625552177429,0.070567287504673,0.28707465529441833,0.3125799894332886,0.35127317905426025,0.16291333734989166,0.20182086527347565,0.3142155706882477,0.4814354479312897,0.06060460954904556,0.2562057077884674,0.2712906301021576,0.271512895822525,0.13361048698425293,0.24342627823352814,0.20420971512794495,0.2752792239189148,0.0641494020819664,0.1597268283367157,0.26326146721839905,0.17946703732013702,0.1725076586008072
73,0.04192765089480773,0.027948932479257168,1.3251060351081516,0.00013473933358909562,0.72631044232327,0.0284264407687717,0.19731963872909547,0.49731963872909546,2,3222,0.638422966003418,0.5234814882278442,0.0028154572937637568,2,0.0001,4.339617013931274,0.1656550019979477,0.08664767444133759,0.13136884570121765,0.638422966003418,0.08459218591451645,0.11301586031913757,0.08529327064752579,0.16912439465522766,0.1947537213563919,0.38942989706993103,0.5963749885559082,0.071086086332798,0.2945346534252167,0.3207383155822754,0.3475428521633148,0.16857236623764038,0.20101094245910645,0.3090199828147888,0.47991272807121277,0.0613056980073452,0.2597391605377197,0.27488166093826294,0.27308380603790283,0.13925513625144958,0.24334290623664856,0.20296233892440796,0.2745678126811981,0.0646454468369484,0.16356180608272552,0.2649773061275482,0.18110895156860352,0.17644324898719788
74,0.04257993059961692,0.028625504397179768,1.322805845219156,0.00011768200182932955,0.7251909738001616,0.028385949028862847,0.20094550848007203,0.500945508480072,2,3222,0.6472063660621643,0.5538048148155212,0.0025876641739159822,2,0.0001,4.366628646850586,0.1593715101480484,0.08641206473112106,0.13113275170326233,0.6472063660621643,0.0889730304479599,0.10838256031274796,0.0855080783367157,0.17685697972774506,0.19336779415607452,0.4118300974369049,0.5989173054695129,0.07136904448270798,0.31451883912086487,0.3099591135978699,0.3472444713115692,0.17052830755710602,0.19724948704242706,0.319424569606781,0.4811471700668335,0.061991188675165176,0.2797083556652069,0.26497530937194824,0.2794523239135742,0.13863247632980347,0.24481289088726044,0.21009773015975952,0.27651119232177734,0.0642891675233841,0.16783884167671204,0.2571529746055603,0.18276172876358032,0.17121867835521698
75,0.0422735925277938,0.028337236007918484,1.3209027466566667,0.00028887427723257923,0.724440204060596,0.028419170803493925,0.1999554753303528,0.4999554753303528,2,3222,0.6385137438774109,0.5415923595428467,0.0027645144145935774,2,0.0001,4.453767538070679,0.16382750868797302,0.08776073902845383,0.1313614845275879,0.6385137438774109,0.08614683151245117,0.10625621676445007,0.08431421220302582,0.16698282957077026,0.1988334357738495,0.40638360381126404,0.6006050705909729,0.07235012203454971,0.3021925985813141,0.30245164036750793,0.34128063917160034,0.17427223920822144,0.2037115842103958,0.32033827900886536,0.4839434027671814,0.06213562190532684,0.270528644323349,0.2632845938205719,0.2697601616382599,0.14271283149719238,0.24508941173553467,0.2086045742034912,0.27675965428352356,0.06435249745845795,0.1648242324590683,0.2553618550300598,0.17751291394233704,0.17641903460025787
76,0.04187680780887604,0.027971846092006435,1.3180093143297278,0.0001754296425370621,0.7231148014897886,0.028927207664207175,0.19846166372299195,0.49846166372299194,2,3222,0.6357042789459229,0.5411819815635681,0.0019162759417667985,2,0.0001,4.468260765075684,0.1613771766424179,0.08606413751840591,0.13135574758052826,0.6357042789459229,0.08729451149702072,0.10621068626642227,0.08526831865310669,0.1699378788471222,0.1894434243440628,0.3995446562767029,0.5999217629432678,0.07391566038131714,0.3156789243221283,0.3015299439430237,0.34266358613967896,0.17307420074939728,0.19637992978096008,0.31193995475769043,0.48186513781547546,0.06395214051008224,0.2778072953224182,0.2614724040031433,0.276297003030777,0.14145712554454803,0.24305562674999237,0.20454655587673187,0.27635547518730164,0.0653279721736908,0.16854269802570343,0.25197210907936096,0.18133999407291412,0.173356831073761
77,0.042458589148262275,0.028567784020434254,1.3166943788528442,0.00017014399623882997,0.722160323806431,0.028933533279984085,0.20014722347259523,0.5001472234725952,2,3222,0.6401348114013672,0.5627877116203308,0.0024707342963665724,2,0.0001,4.383081912994385,0.1638733446598053,0.08839165419340134,0.1314239650964737,0.6401348114013672,0.08466100692749023,0.10655234754085541,0.08284690231084824,0.1738484650850296,0.19112709164619446,0.4130551815032959,0.5993312001228333,0.07043969631195068,0.29021400213241577,0.3035374879837036,0.33081963658332825,0.1704101413488388,0.19470512866973877,0.32413217425346375,0.48399409651756287,0.061208855360746384,0.2560228407382965,0.2611123025417328,0.2664269804954529,0.13834694027900696,0.24718709290027618,0.2098044455051422,0.27712881565093994,0.06389478594064713,0.1615002155303955,0.25528621673583984,0.17200691998004913,0.1723427027463913
78,0.04211160022279491,0.028246770167480343,1.3142554293508115,0.00010431058288541745,0.7212330310241036,0.028709406252260563,0.2015808939933777,0.5015808939933777,2,3222,0.6459189653396606,0.5366584062576294,0.0024116826243698597,2,0.0001,4.291152238845825,0.1641085147857666,0.08584977686405182,0.1314609795808792,0.6459189653396606,0.08432057499885559,0.10798109322786331,0.08389317989349365,0.17197664082050323,0.19463898241519928,0.402072936296463,0.5999811887741089,0.0697958767414093,0.30233508348464966,0.3047180473804474,0.3412862718105316,0.1653771996498108,0.20001870393753052,0.31117573380470276,0.4838603734970093,0.060399167239665985,0.2679314613342285,0.26218220591545105,0.26867035031318665,0.13473016023635864,0.2443002313375473,0.20568443834781647,0.27656304836273193,0.06363532692193985,0.1636931300163269,0.2577883005142212,0.17639011144638062,0.17170575261116028
79,0.041692741863105606,0.027860239310109097,1.3111580869425898,0.00010071419123762652,0.7199145840561908,0.02757866499159071,0.19924829602241517,0.49924829602241516,2,3222,0.6428268551826477,0.5588698387145996,0.002283943584188819,2,0.0001,4.303919315338135,0.1650591492652893,0.0882556289434433,0.13118186593055725,0.6428268551826477,0.08387580513954163,0.11003699898719788,0.08433066308498383,0.17001698911190033,0.19087043404579163,0.40859299898147583,0.5985540747642517,0.06810174882411957,0.2834223210811615,0.30890268087387085,0.340537428855896,0.16248846054077148,0.19818523526191711,0.32158100605010986,0.4805285334587097,0.05898255109786987,0.25181540846824646,0.2670046091079712,0.2677735984325409,0.13513733446598053,0.24473924934864044,0.2068907618522644,0.27508366107940674,0.0636012852191925,0.16109292209148407,0.25963833928108215,0.1780358850955963,0.17193682491779327
80,0.041150285821893944,0.027344799398080162,1.3084723068320232,0.00014674617958244988,0.7192956597908683,0.02780376180013021,0.1994076192378998,0.4994076192378998,2,3222,0.6432479023933411,0.5483090281486511,0.0026330947875976562,2,0.0001,4.305596590042114,0.166228249669075,0.08719301968812943,0.1314263790845871,0.6432479023933411,0.0824730321764946,0.10919022560119629,0.0835382416844368,0.17828167974948883,0.18932728469371796,0.4036765396595001,0.5976554155349731,0.07005902379751205,0.28100258111953735,0.3037731349468231,0.33396023511886597,0.1653638482093811,0.19674082100391388,0.3166605532169342,0.4815731346607208,0.06049633026123047,0.25182080268859863,0.26269879937171936,0.26221582293510437,0.13620203733444214,0.24626779556274414,0.20562657713890076,0.2751540243625641,0.06426481157541275,0.15911176800727844,0.26104259490966797,0.17257508635520935,0.17163293063640594
81,0.042329153450934784,0.028542345713662064,1.3067452648411626,0.00013305772597010693,0.7180247669634612,0.02798638746473524,0.1993511736392975,0.4993511736392975,2,3222,0.6416788697242737,0.562798023223877,0.002420193748548627,2,0.0001,4.301171541213989,0.16052167117595673,0.08807084709405899,0.13125330209732056,0.6416788697242737,0.08442465215921402,0.10985060781240463,0.08526689559221268,0.17144183814525604,0.19338038563728333,0.4142633080482483,0.5994639992713928,0.07306671887636185,0.2880289852619171,0.32056620717048645,0.3390069305896759,0.17297302186489105,0.19568198919296265,0.32506370544433594,0.48072028160095215,0.06315385550260544,0.25719085335731506,0.27402082085609436,0.2712969481945038,0.14292500913143158,0.24174371361732483,0.209305077791214,0.2755415141582489,0.06464085727930069,0.15869031846523285,0.2591992914676666,0.17762698233127594,0.17508158087730408
82,0.0416779147218103,0.02791562838398892,1.3043358274128125,0.00011357220722382645,0.7177925965060359,0.028148828859682437,0.19797379970550538,0.49797379970550537,2,3222,0.6338059306144714,0.5289608836174011,0.002534023951739073,2,0.0001,4.335082054138184,0.16580705344676971,0.08705936372280121,0.13087673485279083,0.6338059306144714,0.08081044256687164,0.11107072979211807,0.08289294689893723,0.17028021812438965,0.19116373360157013,0.3944346010684967,0.6003038883209229,0.07505884021520615,0.2726079523563385,0.31483155488967896,0.32930970191955566,0.1644081473350525,0.19597835838794708,0.3136751651763916,0.4814825654029846,0.06451406329870224,0.24660414457321167,0.2691356837749481,0.26248520612716675,0.1354748010635376,0.24718350172042847,0.20484013855457306,0.2763027846813202,0.06668303906917572,0.15327593684196472,0.2641773521900177,0.17215651273727417,0.17561957240104675
83,0.04102633780111437,0.02729348344323428,1.3014412600061167,0.0001490466032840271,0.716950976330301,0.027398545724374276,0.1967302978038788,0.4967302978038788,2,3222,0.6367466449737549,0.5438017249107361,0.0047487965784966946,2,0.0001,4.495546102523804,0.1719280332326889,0.088900126516819,0.13162672519683838,0.6367466449737549,0.07786917686462402,0.1126910150051117,0.08195891231298447,0.16885080933570862,0.19346129894256592,0.3985208570957184,0.5941347479820251,0.07218795269727707,0.23816537857055664,0.31824198365211487,0.3080480694770813,0.15944436192512512,0.201499342918396,0.3164677619934082,0.48165711760520935,0.06184549629688263,0.2135547399520874,0.273051381111145,0.24587251245975494,0.1329663097858429,0.24863693118095398,0.20405642688274384,0.274382621049881,0.0647108182311058,0.14278355240821838,0.2652498483657837,0.16080138087272644,0.1768406480550766
84,0.041463751507842025,0.027752599719425907,1.2993470274883767,0.000200866000934342,0.7156731797301251,0.027473971331561053,0.19986833333969117,0.49986833333969116,2,3222,0.641410231590271,0.5564517378807068,0.0026204418390989304,2,0.0001,4.43416166305542,0.1598561704158783,0.08861017972230911,0.1315850019454956,0.641410231590271,0.0813315138220787,0.10994211584329605,0.0837094634771347,0.17533588409423828,0.18786469101905823,0.4075666666030884,0.5988346338272095,0.07118678092956543,0.2653074264526367,0.3051646947860718,0.33222317695617676,0.16252198815345764,0.19285348057746887,0.32025089859962463,0.48309996724128723,0.06185799837112427,0.23652181029319763,0.2623511850833893,0.26697295904159546,0.135191410779953,0.24176113307476044,0.20647677779197693,0.27612847089767456,0.06465935707092285,0.15442730486392975,0.2606488764286041,0.17302890121936798,0.1748160868883133
85,0.0410548105188038,0.02736870013177395,1.2970166724661123,0.00015285849013193712,0.7144154880357825,0.027497025101273147,0.19900400638580323,0.4990040063858032,2,3222,0.6427899599075317,0.5695747137069702,0.0029889170546084642,2,0.0001,4.415202379226685,0.1648658961057663,0.08814921230077744,0.13116073608398438,0.6427899599075317,0.08293428272008896,0.10917631536722183,0.0825936496257782,0.1733395904302597,0.19039571285247803,0.4112345576286316,0.5973924994468689,0.07106047123670578,0.2757071256637573,0.30834516882896423,0.3311768174171448,0.16422182321548462,0.196652352809906,0.3211817145347595,0.4805971384048462,0.061472874134778976,0.24516072869300842,0.2645208537578583,0.2651829719543457,0.1353403925895691,0.24530698359012604,0.20861665904521942,0.2752365171909332,0.06454537063837051,0.15934287011623383,0.2590653598308563,0.1716933399438858,0.17270445823669434
86,0.04091842116221138,0.027260551796011303,1.2943930729575779,9.726357023717593e-05,0.7129663565884465,0.027557818377459492,0.197997522354126,0.497997522354126,2,3222,0.6381524205207825,0.5373833179473877,0.00242756400257349,2,0.0001,4.423043727874756,0.1679629683494568,0.08741942793130875,0.1311938613653183,0.6381524205207825,0.08179466426372528,0.10898272693157196,0.08527476340532303,0.17113812267780304,0.19222833216190338,0.39471814036369324,0.5973402261734009,0.07296554744243622,0.28416329622268677,0.307521790266037,0.3539535105228424,0.16166836023330688,0.1979055106639862,0.314977765083313,0.48100966215133667,0.06295210868120193,0.25329041481018066,0.2649076581001282,0.27396732568740845,0.13354283571243286,0.24698926508426666,0.20188121497631073,0.2754876911640167,0.06481347978115082,0.16221676766872406,0.25849610567092896,0.18177780508995056,0.17233438789844513
87,0.040944829745137176,0.027312575879952183,1.291947753533073,9.935814064785676e-05,0.7117828415787738,0.027562568381980613,0.19836435914039613,0.4983643591403961,2,3222,0.6406219005584717,0.5276632308959961,0.002233578823506832,2,0.0001,4.425268650054932,0.1613537222146988,0.08765173703432083,0.13116605579853058,0.6406219005584717,0.08600234985351562,0.10827643424272537,0.08585166186094284,0.17406442761421204,0.18919165432453156,0.39125919342041016,0.5974323749542236,0.07177787274122238,0.2954210042953491,0.3054530918598175,0.3438415825366974,0.16577725112438202,0.19254550337791443,0.31578999757766724,0.48012295365333557,0.0621965229511261,0.262248158454895,0.26177260279655457,0.27278488874435425,0.1389228254556656,0.242605060338974,0.20283004641532898,0.2752802073955536,0.06505216658115387,0.16489394009113312,0.25492802262306213,0.18073280155658722,0.1720864176750183
88,0.04140540358165036,0.027793301593350327,1.29004939224409,0.00010440487296917759,0.7105646003847537,0.0278383551703559,0.20178694725036622,0.5017869472503662,2,3222,0.6514246463775635,0.5448486804962158,0.0020536514930427074,2,0.0001,4.42815637588501,0.16245290637016296,0.08861380815505981,0.1311693638563156,0.6514246463775635,0.08809089660644531,0.10595569014549255,0.0858633741736412,0.16952455043792725,0.19367042183876038,0.40324872732162476,0.5978147983551025,0.07144880294799805,0.30874040722846985,0.30274707078933716,0.3511618971824646,0.167135551571846,0.1955079436302185,0.319959431886673,0.4816192090511322,0.06182600557804108,0.27130326628685,0.2603561282157898,0.2766665518283844,0.13862641155719757,0.2405705451965332,0.20460323989391327,0.276289165019989,0.06381666660308838,0.16764695942401886,0.25031593441963196,0.18273372948169708,0.16881828010082245
89,0.041068831701641495,0.02748128366859063,1.2876226020895916,0.00017859365439305648,0.7095364306284033,0.028389554624204283,0.19583160877227784,0.49583160877227783,2,3222,0.631719708442688,0.5539010763168335,0.0024956411216408014,2,0.0001,4.497023105621338,0.16352514922618866,0.08809792250394821,0.13099612295627594,0.631719708442688,0.08282052725553513,0.11140710115432739,0.08719738572835922,0.17134711146354675,0.1894756704568863,0.4050569534301758,0.5985293388366699,0.0752001479268074,0.2969436049461365,0.32685428857803345,0.3562564551830292,0.1678089052438736,0.1956549435853958,0.3172503709793091,0.47858095169067383,0.06474688649177551,0.2593673765659332,0.27588993310928345,0.2780156433582306,0.14031462371349335,0.2415834665298462,0.20582284033298492,0.2744964063167572,0.06660774350166321,0.1656736135482788,0.26108255982398987,0.1845720410346985,0.17584021389484406
90,0.04068361174153245,0.02712242588724779,1.2850887879081394,0.0001068735342098238,0.7092293034429136,0.027502363416883682,0.1995347559452057,0.4995347559452057,2,3222,0.6443665623664856,0.5593594312667847,0.002298030536621809,2,0.0001,4.71018648147583,0.16274330019950867,0.08798729628324509,0.1312241405248642,0.6443665623664856,0.0830710157752037,0.1091010719537735,0.08472663164138794,0.16866007447242737,0.18894584476947784,0.40803322196006775,0.5971603989601135,0.07295247167348862,0.28696587681770325,0.30768850445747375,0.346046507358551,0.1673370897769928,0.19388149678707123,0.3197839558124542,0.4810575842857361,0.0631694421172142,0.2569110691547394,0.26378530263900757,0.27271971106529236,0.13852368295192719,0.24293005466461182,0.20863553881645203,0.27555450797080994,0.06482494622468948,0.16012895107269287,0.2577137351036072,0.18024854362010956,0.174209862947464
91,0.040500271579493645,0.026967224057601845,1.2823984571125195,0.00010111611671796392,0.7080523423526598,0.028252204612449365,0.1965953826904297,0.4965953826904297,2,3222,0.6361334919929504,0.5560142397880554,0.002650717506185174,2,0.0001,4.68548846244812,0.16871865093708038,0.089002326130867,0.13139691948890686,0.6361334919929504,0.07913193851709366,0.1101776659488678,0.08461272716522217,0.17152069509029388,0.18758302927017212,0.40236952900886536,0.5950782895088196,0.07045526057481766,0.25832584500312805,0.3166494369506836,0.3435632884502411,0.16066738963127136,0.19424301385879517,0.32281842827796936,0.4807548224925995,0.06053010746836662,0.22847752273082733,0.2702839970588684,0.26913002133369446,0.13395023345947266,0.24661754071712494,0.20558206737041473,0.27441495656967163,0.06376086920499802,0.1548347920179367,0.25987347960472107,0.1796019971370697,0.17342576384544373
92,0.04029887444947077,0.026791776246998623,1.2799459540325662,9.627277398502211e-05,0.7066767915435459,0.02803987799750434,0.19846047163009645,0.49846047163009644,2,3222,0.6403219699859619,0.5226647853851318,0.0027174002025276423,2,0.0001,4.661624193191528,0.1667853742837906,0.08606810122728348,0.13117188215255737,0.6403219699859619,0.08048887550830841,0.11244591325521469,0.08300401270389557,0.17413482069969177,0.1902870386838913,0.38525766134262085,0.5980493426322937,0.0700722485780716,0.26353299617767334,0.3148857355117798,0.3416149318218231,0.15911804139614105,0.19718454778194427,0.3080710768699646,0.4806835651397705,0.060609906911849976,0.23895412683486938,0.2677510678768158,0.2680596113204956,0.13270916044712067,0.24693447351455688,0.20025639235973358,0.27478697896003723,0.06411398947238922,0.1517852544784546,0.2639997899532318,0.17592056095600128,0.17336928844451904
93,0.040693684440592064,0.027208119468844456,1.2779347170954165,0.00010053587396649401,0.7052123417025027,0.02725967463740596,0.19858862161636354,0.4985886216163635,2,3222,0.6437097191810608,0.5450925827026367,0.0028372392989695072,2,0.0001,4.652677297592163,0.1644631326198578,0.08800357580184937,0.13122126460075378,0.6437097191810608,0.08205404132604599,0.1089809313416481,0.08477606624364853,0.17360234260559082,0.19021832942962646,0.40071699023246765,0.5966987013816833,0.06985222548246384,0.2664618194103241,0.3134396970272064,0.3446061909198761,0.16351640224456787,0.19547784328460693,0.32107287645339966,0.47941717505455017,0.06072845309972763,0.23576298356056213,0.2669121325016022,0.2726461589336395,0.13720807433128357,0.24534764885902405,0.20467379689216614,0.2745288908481598,0.06376828998327255,0.1573227494955063,0.2561400234699249,0.17785130441188812,0.1724034994840622
94,0.04043766613239828,0.026973435817205387,1.2758160207582556,0.00012257032959377798,0.7048451926397241,0.02770411173502604,0.19831849336624147,0.49831849336624146,2,3222,0.6396100521087646,0.5491288900375366,0.0030066140461713076,2,0.0001,4.706866502761841,0.16655483841896057,0.08771532773971558,0.13168348371982574,0.6396100521087646,0.07990211993455887,0.11018595099449158,0.08325698971748352,0.1693667620420456,0.19014115631580353,0.40603509545326233,0.5956641435623169,0.07168123126029968,0.26720836758613586,0.3070385754108429,0.3401336073875427,0.15968123078346252,0.19665414094924927,0.32285696268081665,0.4827464520931244,0.06185625120997429,0.23575063049793243,0.2633245587348938,0.26821935176849365,0.13280639052391052,0.24243798851966858,0.20595934987068176,0.2752532362937927,0.06455712020397186,0.15612050890922546,0.2598252296447754,0.17534814774990082,0.1751369684934616
95,0.04038631689289342,0.026950879751340202,1.273165251897729,9.847897182107377e-05,0.7027993228124536,0.029690877278645833,0.19759146571159364,0.49759146571159363,2,3222,0.6355141401290894,0.5054416656494141,0.0020842733792960644,2,0.0001,4.573989629745483,0.16604715585708618,0.08557955920696259,0.13121935725212097,0.6355141401290894,0.08032603561878204,0.11319025605916977,0.08296628296375275,0.17458388209342957,0.18955454230308533,0.38406914472579956,0.5981396436691284,0.0712510496377945,0.27336061000823975,0.3114660680294037,0.3477015495300293,0.16411852836608887,0.19722914695739746,0.3085435926914215,0.48131904006004333,0.06185894459486008,0.24408291280269623,0.26405471563339233,0.2747018337249756,0.13693930208683014,0.24741683900356293,0.20076872408390045,0.2753930389881134,0.06537050753831863,0.15609797835350037,0.26417285203933716,0.17955905199050903,0.1777803599834442
96,0.04025310034985128,0.02684347938908183,1.2705896367197451,0.00012184046974415769,0.7025067236112512,0.027544765331127024,0.1968414902687073,0.4968414902687073,2,3222,0.6395772695541382,0.5153777003288269,0.0026034123729914427,2,0.0001,4.49301815032959,0.16214269399642944,0.0873505026102066,0.13106319308280945,0.6395772695541382,0.07912590354681015,0.10989688336849213,0.08782637864351273,0.17968197166919708,0.1817501336336136,0.38461846113204956,0.5956951379776001,0.06897921115159988,0.2676060199737549,0.313506543636322,0.3582715392112732,0.1580117791891098,0.18969063460826874,0.3134412169456482,0.478135883808136,0.059853799641132355,0.2384418398141861,0.2663697600364685,0.2825300395488739,0.1313815414905548,0.24053463339805603,0.19969941675662994,0.2739577293395996,0.06300163269042969,0.15781521797180176,0.25694942474365234,0.18503816425800323,0.16947409510612488
97,0.04045872050135032,0.027070070171485775,1.2686355010322903,0.00012559493125477076,0.7010398144307344,0.027489962542498553,0.196387779712677,0.496387779712677,2,3222,0.6389790177345276,0.5560328364372253,0.002984371269121766,2,0.0001,4.538862466812134,0.16331085562705994,0.08805445581674576,0.1309567391872406,0.6389790177345276,0.07920193672180176,0.10879100859165192,0.08266011625528336,0.16595610976219177,0.183309406042099,0.4015970826148987,0.5944648385047913,0.0772881880402565,0.26320508122444153,0.31083881855010986,0.34268805384635925,0.16114924848079681,0.18886885046958923,0.3184230625629425,0.47833937406539917,0.06643512099981308,0.2322503626346588,0.2646055519580841,0.2698971629142761,0.1356055587530136,0.2406071573495865,0.20443342626094818,0.27376794815063477,0.06713680922985077,0.15676632523536682,0.254909485578537,0.17572258412837982,0.1729111224412918
98,0.0402582720246004,0.026893584462611572,1.2662471532821655,0.00015366979546936068,0.7006795613662057,0.027415322762948495,0.19791359901428224,0.4979135990142822,2,3222,0.6409881114959717,0.5283448696136475,0.0021735168993473053,2,0.0001,4.435434341430664,0.16477276384830475,0.08763834834098816,0.13125668466091156,0.6409881114959717,0.081411212682724,0.10683232545852661,0.0832751989364624,0.17169375717639923,0.18454286456108093,0.3913910686969757,0.5963417291641235,0.07080747932195663,0.26981300115585327,0.30312401056289673,0.33638808131217957,0.1649492084980011,0.18938188254833221,0.3155173659324646,0.4795891046524048,0.060881711542606354,0.23940856754779816,0.2605319023132324,0.26225757598876953,0.13750424981117249,0.2432709038257599,0.2024465650320053,0.27473539113998413,0.06370291113853455,0.1573808193206787,0.25220537185668945,0.17661933600902557,0.17136409878730774
99,0.03996137059901072,0.026625450862490612,1.263530819312386,0.00012467750069766265,0.6993651830631754,0.028089227464463976,0.19793493747711183,0.4979349374771118,2,3222,0.6391537189483643,0.5565784573554993,0.005320406053215265,2,0.0001,4.557681560516357,0.16858205199241638,0.08945876359939575,0.13154900074005127,0.6391537189483643,0.077565036714077,0.10805553942918777,0.080276258289814,0.1718427538871765,0.1886110156774521,0.40670540928840637,0.5961073637008667,0.07033025473356247,0.2383723258972168,0.31012818217277527,0.30762115120887756,0.15275448560714722,0.1959611177444458,0.32188186049461365,0.4818097651004791,0.060188911855220795,0.21324534714221954,0.26584485173225403,0.2436075061559677,0.12881670892238617,0.24619194865226746,0.20646272599697113,0.27466896176338196,0.06344925612211227,0.1425539255142212,0.2587035894393921,0.160130575299263,0.1724279671907425
100,0.04034050408264865,0.027025826032394947,1.2614334458890168,0.00017431497880075452,0.6985995821330858,0.027778566713686344,0.1960911273956299,0.4960911273956299,2,3222,0.6399462223052979,0.5597501397132874,0.0027240465860813856,2,1e-05,4.474287509918213,0.16536489129066467,0.08882196992635727,0.13133499026298523,0.6399462223052979,0.08017036318778992,0.10788377374410629,0.08583325147628784,0.17900381982326508,0.18562757968902588,0.4045713543891907,0.5931856036186218,0.07077570259571075,0.26951321959495544,0.3145560026168823,0.3486180901527405,0.1612914353609085,0.19090110063552856,0.32346802949905396,0.4778273403644562,0.0615263506770134,0.23846858739852905,0.26638734340667725,0.27627894282341003,0.1348743736743927,0.24347981810569763,0.20551298558712006,0.2734052836894989,0.06407632678747177,0.16206787526607513,0.2520344853401184,0.18022891879081726,0.17062558233737946
101,0.03937753370922545,0.026086877221646515,1.2591501785361248,0.00010092702248822088,0.6981456538905269,0.029395130298755786,0.197866690158844,0.497866690158844,2,3222,0.6419085264205933,0.4985573887825012,0.002276267157867551,2,1e-05,4.5493669509887695,0.17076748609542847,0.08557134121656418,0.13090971112251282,0.6419085264205933,0.08139948546886444,0.10853349417448044,0.08462309092283249,0.17343181371688843,0.18420113623142242,0.38294270634651184,0.5961272716522217,0.06687860190868378,0.29330646991729736,0.30228307843208313,0.35664793848991394,0.15797539055347443,0.19235825538635254,0.30774974822998047,0.47842299938201904,0.05778934061527252,0.258470743894577,0.258076936006546,0.2738209366798401,0.13066571950912476,0.24875694513320923,0.19577772915363312,0.2750079929828644,0.062982477247715,0.16475804150104523,0.2545827031135559,0.18362721800804138,0.1694944202899933
102,0.03935930489198021,0.02607910513229992,1.2581448244011921,7.107036008560301e-05,0.6980414753374846,0.02695480798791956,0.19830225110054017,0.49830225110054016,2,3222,0.6381012797355652,0.5554950833320618,0.002498982474207878,2,1e-05,4.595595121383667,0.16248920559883118,0.08804254978895187,0.13118192553520203,0.6381012797355652,0.08289044350385666,0.10591763257980347,0.08733569830656052,0.16957560181617737,0.18722517788410187,0.40682241320610046,0.5993286967277527,0.07412880659103394,0.2821027636528015,0.30858728289604187,0.35114559531211853,0.1623847335577011,0.19373802840709686,0.32209107279777527,0.48054930567741394,0.06392081081867218,0.2507414221763611,0.26584282517433167,0.27531394362449646,0.13633336126804352,0.243394136428833,0.20386169850826263,0.27522969245910645,0.06528956443071365,0.1621602326631546,0.2526024281978607,0.1841234266757965,0.1707295924425125
103,0.03946717698936877,0.026192788601569508,1.2575782174649446,7.110494429387315e-05,0.6978959648505502,0.027229843704788773,0.19652460217475892,0.4965246021747589,2,3222,0.637122392654419,0.5368819236755371,0.00207291217520833,2,1e-05,4.438854694366455,0.1671764850616455,0.0871547982096672,0.13121823966503143,0.637122392654419,0.07980385422706604,0.11077338457107544,0.08682113885879517,0.16739486157894135,0.18527787923812866,0.39395925402641296,0.5952523946762085,0.07550713419914246,0.27298709750175476,0.32169556617736816,0.3568868637084961,0.15984654426574707,0.19300511479377747,0.31690123677253723,0.4796830713748932,0.0651344433426857,0.2402438372373581,0.2714921832084656,0.2762047052383423,0.13521720468997955,0.24579966068267822,0.20094159245491028,0.274040549993515,0.0665225014090538,0.1616431027650833,0.25908827781677246,0.18469546735286713,0.1755087971687317
104,0.0392040623270947,0.02593452540104804,1.2571209876433662,7.200788272514373e-05,0.6976074861443561,0.02766642111319083,0.19600964784622193,0.4960096478462219,2,3222,0.6341503858566284,0.5257545709609985,0.002575318329036236,2,1e-05,4.44293212890625,0.161734476685524,0.08673427999019623,0.1312723457813263,0.6341503858566284,0.0788503885269165,0.11069915443658829,0.08538174629211426,0.16731791198253632,0.18687140941619873,0.39336299896240234,0.5964202880859375,0.07807736098766327,0.27452200651168823,0.31646406650543213,0.3456689417362213,0.16530576348304749,0.19400624930858612,0.31714874505996704,0.4789399802684784,0.06746429949998856,0.2461400181055069,0.26894620060920715,0.2735464572906494,0.13908949494361877,0.24258185923099518,0.20160335302352905,0.27452796697616577,0.06709340959787369,0.1601250320672989,0.2586531937122345,0.18262572586536407,0.17592711746692657
105,0.03915086210421894,0.025885800790527592,1.2566742223242056,7.444942330830204e-05,0.6975750119789786,0.02798906538221571,0.1987318217754364,0.4987318217754364,2,3222,0.6367507576942444,0.5186388492584229,0.0020888301078230143,2,1e-05,4.415473461151123,0.16732557117938995,0.08677327632904053,0.13122008740901947,0.6367507576942444,0.07849506288766861,0.10788143426179886,0.08477334678173065,0.17444968223571777,0.1878809928894043,0.39326012134552,0.5986328721046448,0.06992157548666,0.2765534222126007,0.29856184124946594,0.3420078754425049,0.15892092883586884,0.1951674371957779,0.31612712144851685,0.48315194249153137,0.060279134660959244,0.24881936609745026,0.25648510456085205,0.26911550760269165,0.13247805833816528,0.2464408427476883,0.20122995972633362,0.2763917148113251,0.06402850896120071,0.15937002003192902,0.25599178671836853,0.177811861038208,0.17014028131961823
106,0.03934969720633134,0.026088518535961277,1.256308534870977,7.280725833919385e-05,0.6973656882410464,0.02693305460611979,0.19757829308509828,0.49757829308509827,2,3222,0.639220118522644,0.5494478940963745,0.002260108944028616,2,1e-05,4.438384771347046,0.16251729428768158,0.088624007999897,0.131309375166893,0.639220118522644,0.08211194723844528,0.10725919157266617,0.08438578248023987,0.17007818818092346,0.18264341354370117,0.4056631326675415,0.5963440537452698,0.07167728245258331,0.2704811990261078,0.30646973848342896,0.34162241220474243,0.1647854894399643,0.18948876857757568,0.3257668614387512,0.4799705743789673,0.06212281063199043,0.24091342091560364,0.26105713844299316,0.2723027467727661,0.13831643760204315,0.24153774976730347,0.20582449436187744,0.2747783362865448,0.06468040496110916,0.15923786163330078,0.2512773275375366,0.17923495173454285,0.1727222204208374
107,0.03945689259663872,0.026198334182086197,1.2560352087020874,7.603396554021974e-05,0.697445809841156,0.028808845237449362,0.19927666783332826,0.49927666783332825,2,3222,0.6402493715286255,0.5021234750747681,0.002198199275881052,2,1e-05,4.421035528182983,0.16598941385746002,0.08714181929826736,0.1308622509241104,0.6402493715286255,0.08032220602035522,0.1016152948141098,0.08448288589715958,0.1737510859966278,0.18436245620250702,0.3870694935321808,0.5980634093284607,0.0672292709350586,0.2854865789413452,0.2883662283420563,0.3471161425113678,0.15668320655822754,0.19334127008914948,0.30826202034950256,0.4823187291622162,0.05778288468718529,0.25340592861175537,0.2512512505054474,0.2702902853488922,0.12950947880744934,0.24604487419128418,0.20033055543899536,0.2764751613140106,0.06253174692392349,0.1601221114397049,0.24653252959251404,0.17945429682731628,0.16734951734542847
108,0.03915324515622595,0.02589761012274286,1.2557489250017249,7.569656799719466e-05,0.6973888511243074,0.027209818804705584,0.19800878763198854,0.4980087876319885,2,3222,0.6389428973197937,0.5524238348007202,0.0022624225821346045,2,1e-05,4.516593933105469,0.16789668798446655,0.08868291974067688,0.13120125234127045,0.6389428973197937,0.07991915196180344,0.1089392825961113,0.08519314229488373,0.17174458503723145,0.18633820116519928,0.40611112117767334,0.5974658727645874,0.07019869983196259,0.2710331678390503,0.3122962713241577,0.34505629539489746,0.1613224893808365,0.19542212784290314,0.3222578167915344,0.480861634016037,0.060219939798116684,0.2391660511493683,0.26644694805145264,0.26991403102874756,0.1353597193956375,0.2460176944732666,0.2043444961309433,0.2747648060321808,0.06389546394348145,0.1585032045841217,0.2549709677696228,0.1834718883037567,0.17235618829727173
109,0.039028037501418075,0.02577594424719396,1.2554239863934724,7.600748358527198e-05,0.6970936085866846,0.027158396120424623,0.1974060654640198,0.4974060654640198,2,3222,0.6364706754684448,0.5169686079025269,0.0019317502155900002,2,1e-05,4.595524549484253,0.16534464061260223,0.08630502223968506,0.13128158450126648,0.6364706754684448,0.0787087008357048,0.10893367230892181,0.08475284278392792,0.1716984361410141,0.18803322315216064,0.3861936330795288,0.5981239676475525,0.07381613552570343,0.2717435359954834,0.30823788046836853,0.34882470965385437,0.1621667891740799,0.19566306471824646,0.310351699590683,0.4802103042602539,0.06348295509815216,0.243941530585289,0.2644479274749756,0.2714492082595825,0.1358521282672882,0.24426406621932983,0.19706401228904724,0.27481937408447266,0.06541597843170166,0.15883558988571167,0.2575603127479553,0.18126219511032104,0.1716272383928299
110,0.03908777641861335,0.02583899300383485,1.255105505818906,7.886284837023477e-05,0.6969399789105291,0.026957790233470776,0.1976937770843506,0.4976937770843506,2,3222,0.6368478536605835,0.5271077752113342,0.002410413697361946,2,1e-05,4.416511535644531,0.1607910841703415,0.08666320890188217,0.1311786025762558,0.6368478536605835,0.0794304609298706,0.10880471020936966,0.08498065173625946,0.17080019414424896,0.18485508859157562,0.3911969065666199,0.5984646081924438,0.07401707768440247,0.2691459655761719,0.31128790974617004,0.3375413417816162,0.15857893228530884,0.19136306643486023,0.3158732056617737,0.48016828298568726,0.06403719633817673,0.2393990010023117,0.2644347548484802,0.27025577425956726,0.13376113772392273,0.2426058053970337,0.20033957064151764,0.27529436349868774,0.06551710516214371,0.15454047918319702,0.2561153471469879,0.1785578727722168,0.1737975776195526
111,0.039080537693656006,0.025835527026134987,1.2548006980315498,7.604436225095844e-05,0.6962436852247819,0.028571832727502893,0.19826216697692872,0.4982621669769287,2,3222,0.641827404499054,0.5229056477546692,0.0022946291137486696,2,1e-05,4.483132600784302,0.17035488784313202,0.0864495113492012,0.13145187497138977,0.641827404499054,0.07745208591222763,0.10938669741153717,0.08374820649623871,0.17498813569545746,0.18469050526618958,0.3920321464538574,0.5956931114196777,0.06914839148521423,0.26842549443244934,0.301840603351593,0.3515263795852661,0.15110677480697632,0.19435621798038483,0.313869833946228,0.480837345123291,0.05955738574266434,0.24105672538280487,0.2587609589099884,0.27153095602989197,0.12650856375694275,0.24793481826782227,0.1997639685869217,0.2746908962726593,0.06397958844900131,0.1582215577363968,0.2577238380908966,0.1807420700788498,0.17012429237365723
112,0.03914013812723367,0.02589707692032275,1.2545814669650535,7.897242271017446e-05,0.6964564427085544,0.027734902841073494,0.19560365080833436,0.49560365080833435,2,3222,0.635616660118103,0.5358888506889343,0.0021556448191404343,2,1e-05,4.5223846435546875,0.1664925515651703,0.08781750500202179,0.13117195665836334,0.635616660118103,0.07987286150455475,0.11087878793478012,0.08527618646621704,0.16867253184318542,0.18344999849796295,0.39386630058288574,0.5944862365722656,0.0729508325457573,0.2604624629020691,0.31711286306381226,0.34329622983932495,0.16174228489398956,0.19141221046447754,0.31753993034362793,0.47848981618881226,0.06316937506198883,0.23110608756542206,0.269006609916687,0.26748985052108765,0.1369338184595108,0.24756143987178802,0.2009468525648117,0.27382194995880127,0.06555342674255371,0.15626315772533417,0.25841188430786133,0.1799754947423935,0.1752638965845108
113,0.039160847663879395,0.025919550705863083,1.2543967288473379,7.746783123128925e-05,0.6965551635493403,0.027304449010778355,0.1955940842628479,0.4955940842628479,2,3222,0.6368933320045471,0.5631669163703918,0.002018698025494814,2,1e-05,4.450741767883301,0.16590626537799835,0.08824135363101959,0.13127736747264862,0.6368933320045471,0.08067422360181808,0.10912636667490005,0.0860200896859169,0.17300978302955627,0.18092431128025055,0.4093705713748932,0.5932952165603638,0.07070052623748779,0.2599432170391083,0.31338104605674744,0.3507695198059082,0.15477146208286285,0.19029121100902557,0.32432183623313904,0.4785681366920471,0.060994863510131836,0.22837433218955994,0.26547378301620483,0.27158495783805847,0.1304558515548706,0.2437829226255417,0.20604485273361206,0.27361971139907837,0.0639633983373642,0.1581030935049057,0.2560810148715973,0.1828116923570633,0.1703650802373886
114,0.039074144933534706,0.025837766411511795,1.253966025684191,7.731978985248134e-05,0.695945143699646,0.027508345709906686,0.19668312072753907,0.49668312072753906,2,3222,0.6362029910087585,0.5301542282104492,0.002324717817828059,2,1e-05,4.404500246047974,0.16899149119853973,0.087343230843544,0.13126596808433533,0.6362029910087585,0.07667528092861176,0.11011599004268646,0.08396779745817184,0.16856935620307922,0.18497151136398315,0.39564868807792664,0.5961641669273376,0.07303599268198013,0.26266011595726013,0.3086528778076172,0.3461896777153015,0.15672294795513153,0.1934443712234497,0.3176983892917633,0.47976061701774597,0.06319534033536911,0.23622559010982513,0.2634638845920563,0.26649484038352966,0.13218845427036285,0.24775435030460358,0.20131734013557434,0.2746046185493469,0.0656488686800003,0.1558518409729004,0.2580520510673523,0.17984308302402496,0.17431260645389557
115,0.03913303529438765,0.025898260833776516,1.253761685412863,7.795887264048518e-05,0.6963776661002118,0.026945018061885127,0.19828025698661805,0.49828025698661804,2,3222,0.6379609107971191,0.5405011773109436,0.002617832738906145,2,1e-05,4.4610068798065186,0.16483986377716064,0.08765433728694916,0.13134808838367462,0.6379609107971191,0.07983668148517609,0.10878358781337738,0.08433019369840622,0.17433549463748932,0.1822131723165512,0.39796942472457886,0.5974115133285522,0.0688539668917656,0.2610466480255127,0.3078637421131134,0.32879072427749634,0.15901173651218414,0.18936628103256226,0.3196616470813751,0.48221805691719055,0.05979405343532562,0.23422637581825256,0.2613082230091095,0.2647528648376465,0.1333080530166626,0.24396342039108276,0.20346009731292725,0.2755305767059326,0.06359642744064331,0.15430307388305664,0.25504228472709656,0.1725553572177887,0.1717115044593811
116,0.039148120128590126,0.025915606757221016,1.253534918246062,7.602810016934477e-05,0.6964043197424515,0.027589409157081888,0.19900561571121217,0.49900561571121216,2,3222,0.6386806964874268,0.5190195441246033,0.0021328602451831102,2,1e-05,4.517836809158325,0.16597484052181244,0.0860997885465622,0.1312790960073471,0.6386806964874268,0.07766293734312057,0.10708308219909668,0.08474759757518768,0.1698381006717682,0.18629886209964752,0.39389505982398987,0.5982484221458435,0.07104185223579407,0.2722761034965515,0.2937743365764618,0.3403746485710144,0.15560516715049744,0.19316332042217255,0.31489479541778564,0.48286423087120056,0.061124056577682495,0.24332617223262787,0.2537199854850769,0.2693589925765991,0.13001753389835358,0.24543917179107666,0.20033763349056244,0.27622902393341064,0.06427285075187683,0.15674008429050446,0.25391849875450134,0.17829154431819916,0.17149583995342255
117,0.03942130846173867,0.026192104767846024,1.2532207395719446,7.806858522361954e-05,0.6962162800457167,0.026552258526837385,0.19878430366516114,0.49878430366516113,2,3222,0.6393687129020691,0.5331529974937439,0.0026015809271484613,2,1e-05,4.512271881103516,0.16531839966773987,0.08729109168052673,0.1314491331577301,0.6393687129020691,0.0796862468123436,0.10789208114147186,0.08459609746932983,0.1749214380979538,0.18634405732154846,0.3942171633243561,0.5979056358337402,0.07129573076963425,0.26581841707229614,0.30872705578804016,0.33938321471214294,0.15317682921886444,0.1939650923013687,0.31740254163742065,0.48238176107406616,0.06145230680704117,0.2370520979166031,0.263492614030838,0.2682282030582428,0.12923428416252136,0.24515530467033386,0.20190151035785675,0.2754810154438019,0.06443563848733902,0.15607067942619324,0.25688454508781433,0.17638979852199554,0.17163832485675812
118,0.039134786828704506,0.025909440267993057,1.2528662992560344,7.531007798641677e-05,0.6959297890248506,0.027789307205765335,0.19934083223342897,0.49934083223342896,2,3222,0.6403139233589172,0.5509610772132874,0.0029326900839805603,2,1e-05,4.482565641403198,0.16358186304569244,0.0884038507938385,0.1313459724187851,0.6403139233589172,0.07919736206531525,0.10643661022186279,0.08392379432916641,0.17689231038093567,0.18323378264904022,0.40395814180374146,0.5977457165718079,0.06801782548427582,0.2648598849773407,0.29628443717956543,0.33321869373321533,0.15541771054267883,0.19156499207019806,0.3203566372394562,0.48318344354629517,0.05866058170795441,0.23649363219738007,0.25424298644065857,0.26560381054878235,0.12872625887393951,0.24364501237869263,0.2064753770828247,0.2761201858520508,0.06286828219890594,0.15435269474983215,0.2529042363166809,0.17274115979671478,0.16964967548847198
119,0.03887722706017287,0.025653709455028824,1.252706512160923,7.616307582635352e-05,0.695691660694454,0.027652183250144676,0.19890813231468202,0.498908132314682,2,3222,0.6402761340141296,0.530609667301178,0.0025654262863099575,2,1e-05,4.4612953662872314,0.16650377213954926,0.08676016330718994,0.1312982589006424,0.6402761340141296,0.07617826759815216,0.10967192053794861,0.08428867161273956,0.17263533174991608,0.18276603519916534,0.39557522535324097,0.5974929332733154,0.06824769824743271,0.2624925971031189,0.3075702488422394,0.33843985199928284,0.15479005873203278,0.1907123178243637,0.31763944029808044,0.4821636974811554,0.059147197753190994,0.23718075454235077,0.26040974259376526,0.26639387011528015,0.13026417791843414,0.24516795575618744,0.20166321098804474,0.2756997048854828,0.06401523947715759,0.15236636996269226,0.25742489099502563,0.17487388849258423,0.17208924889564514
120,0.03899443603080252,0.02577564849153809,1.2522850243941597,7.756310420201929e-05,0.6951615862224413,0.026697634944209347,0.19767664074897767,0.49767664074897766,2,3222,0.6378067135810852,0.5427185893058777,0.00267147459089756,2,1e-05,4.412993669509888,0.16316470503807068,0.08801776170730591,0.131326362490654,0.6378067135810852,0.07850679755210876,0.10874509811401367,0.08355256915092468,0.16974623501300812,0.18655818700790405,0.4007413983345032,0.5975344777107239,0.07351906597614288,0.2602984309196472,0.3050180673599243,0.33179736137390137,0.15754179656505585,0.1931065022945404,0.320269912481308,0.480380654335022,0.06363362073898315,0.2325197160243988,0.26049330830574036,0.26402971148490906,0.13358676433563232,0.24475084245204926,0.20587515830993652,0.2749846875667572,0.06530781090259552,0.155669704079628,0.2565365135669708,0.17387272417545319,0.174538254737854
121,0.03888700238388518,0.02567032497862111,1.2520474972932234,7.49097282254218e-05,0.6954539133154828,0.027266372680664064,0.19766707420349122,0.4976670742034912,2,3222,0.6387560367584229,0.5127503275871277,0.0027163273189216852,2,1e-05,4.4270477294921875,0.16618555784225464,0.08608230948448181,0.13134776055812836,0.6387560367584229,0.07705458998680115,0.11088287830352783,0.08200881630182266,0.17311187088489532,0.18432898819446564,0.38351917266845703,0.5964608192443848,0.06820372492074966,0.2602047920227051,0.31318745017051697,0.3380378186702728,0.15548580884933472,0.19277438521385193,0.3094278872013092,0.4807400703430176,0.05901699885725975,0.2335405945777893,0.2649538516998291,0.265285462141037,0.1303970068693161,0.2448425590991974,0.1978674978017807,0.27471137046813965,0.06342107057571411,0.15291334688663483,0.2594051659107208,0.17498543858528137,0.17132936418056488
122,0.039254633790772896,0.026041861947463905,1.2517280319462651,7.776747952448204e-05,0.6947144917819811,0.027636446917498555,0.19484947323799134,0.49484947323799133,2,3222,0.6333837509155273,0.5486214756965637,0.0022044712677598,2,1e-05,4.51948618888855,0.16378521919250488,0.08863949030637741,0.13138209283351898,0.6333837509155273,0.07937712967395782,0.10828535258769989,0.08443599939346313,0.16839861869812012,0.1816367655992508,0.3972354233264923,0.5934112071990967,0.07410142570734024,0.24737003445625305,0.31397002935409546,0.3403817117214203,0.15950843691825867,0.18729352951049805,0.3193618059158325,0.479173481464386,0.06427979469299316,0.22228074073791504,0.26703742146492004,0.2680051922798157,0.1360422968864441,0.24392105638980865,0.2040574550628662,0.2734294831752777,0.0657893642783165,0.15224449336528778,0.2546338140964508,0.17841623723506927,0.1761617511510849
123,0.038909374047880585,0.025698617586623066,1.2514761530834695,7.731888383758538e-05,0.69522239850915,0.028744375158239292,0.19738261103630067,0.49738261103630066,2,3222,0.6326344013214111,0.5205418467521667,0.0028719811234623194,2,1e-05,4.453812837600708,0.16674906015396118,0.08591309189796448,0.13140249252319336,0.6326344013214111,0.07700470089912415,0.10999587923288345,0.08350718021392822,0.17424257099628448,0.1872471570968628,0.3911932408809662,0.598403811454773,0.07157357782125473,0.26927486062049866,0.30499914288520813,0.3407307267189026,0.15183764696121216,0.1944209188222885,0.31318286061286926,0.4825463891029358,0.061682313680648804,0.2405441552400589,0.25920799374580383,0.2676210105419159,0.12713107466697693,0.24597856402397156,0.20021440088748932,0.275945782661438,0.06435813009738922,0.15418782830238342,0.26016759872436523,0.17780528962612152,0.1701810210943222
124,0.038945637319398964,0.025737202199904816,1.2513358955797942,7.774537484890416e-05,0.6942983917568041,0.027736902307581017,0.1978310763835907,0.4978310763835907,2,3222,0.6352182626724243,0.5181571245193481,0.002559106098487973,2,1e-05,4.435373544692993,0.16583634912967682,0.0858522579073906,0.131324902176857,0.6352182626724243,0.07560143619775772,0.1092507615685463,0.08383108675479889,0.1735895574092865,0.18346120417118073,0.38790079951286316,0.5979356169700623,0.071647509932518,0.26107197999954224,0.2989562451839447,0.3308887481689453,0.1562850922346115,0.19116418063640594,0.31364643573760986,0.48228833079338074,0.062052223831415176,0.23612622916698456,0.25543755292892456,0.2646363377571106,0.1316414177417755,0.24750471115112305,0.20160894095897675,0.27588215470314026,0.06488806009292603,0.15170089900493622,0.25870129466056824,0.17370375990867615,0.1750515103340149
125,0.03885747719070186,0.02565168718928876,1.2509900642477947,7.608891388846804e-05,0.6951285056445909,0.028454154120551214,0.19790832400321962,0.4979083240032196,2,3222,0.6398353576660156,0.5198522210121155,0.0027132253162562847,2,1e-05,4.4749250411987305,0.16959764063358307,0.0860481783747673,0.13128943741321564,0.6398353576660156,0.07689232379198074,0.11002305895090103,0.08143160492181778,0.1686783879995346,0.187429279088974,0.38890331983566284,0.5962282419204712,0.07163713872432709,0.25997474789619446,0.3037978708744049,0.343457967042923,0.15408940613269806,0.19641153514385223,0.3131871223449707,0.48095688223838806,0.061539340764284134,0.23036877810955048,0.2617851495742798,0.26590901613235474,0.1297656148672104,0.24643678963184357,0.1997741013765335,0.27461281418800354,0.06483589112758636,0.15446148812770844,0.2601921856403351,0.17713050544261932,0.17371924221515656
126,0.03913564153987428,0.025934903679982475,1.2505134966062463,7.606485988894154e-05,0.6948423981666565,0.027090754756221067,0.19549466371536256,0.49549466371536255,2,3222,0.6339313983917236,0.5181541442871094,0.0029614302329719067,2,1e-05,4.5836498737335205,0.1663159877061844,0.08742744475603104,0.13133470714092255,0.6339313983917236,0.07791440933942795,0.11145814508199692,0.0826849415898323,0.17297179996967316,0.1839292347431183,0.38319525122642517,0.5945416688919067,0.07254114747047424,0.25458794832229614,0.3108329176902771,0.3413071632385254,0.1572236865758896,0.19043530523777008,0.3114377558231354,0.47954460978507996,0.06275193393230438,0.22649157047271729,0.2651960849761963,0.2677079737186432,0.13224440813064575,0.24582675099372864,0.19893798232078552,0.2739608883857727,0.06481008976697922,0.15299005806446075,0.26108357310295105,0.17778396606445312,0.17499569058418274
127,0.03888105860222941,0.02568219569714173,1.2503159408983977,7.89358059789621e-05,0.6949144420416459,0.027483205159505208,0.19691981077194215,0.49691981077194214,2,3222,0.636451780796051,0.5106161832809448,0.0027339160442352295,2,1e-05,4.565289735794067,0.16816723346710205,0.08763084560632706,0.13127848505973816,0.636451780796051,0.07929584383964539,0.10831089317798615,0.08409038186073303,0.1751066893339157,0.18375778198242188,0.3831927478313446,0.5960061550140381,0.06803285330533981,0.2647862136363983,0.30133211612701416,0.3481217324733734,0.15480172634124756,0.19215461611747742,0.3128488063812256,0.48057594895362854,0.05858922749757767,0.23446819186210632,0.2604507505893707,0.2688155174255371,0.12975898385047913,0.24559316039085388,0.19991257786750793,0.27464550733566284,0.0629347413778305,0.1561080366373062,0.25571179389953613,0.1793040931224823,0.17099040746688843
128,0.03899884045771931,0.02580416712747968,1.249959137128747,7.468937964522806e-05,0.6943350175152654,0.02834225689923322,0.20036835670471193,0.5003683567047119,2,3222,0.6418280005455017,0.5223767161369324,0.0030741137452423573,2,1e-05,4.500770568847656,0.16611938178539276,0.08561454713344574,0.13118931651115417,0.6418280005455017,0.07845969498157501,0.10901869833469391,0.08126677572727203,0.1723877191543579,0.18631353974342346,0.3918980360031128,0.600357174873352,0.06874258071184158,0.26856422424316406,0.30211883783340454,0.3317674398422241,0.151715949177742,0.1938355714082718,0.31148844957351685,0.48285186290740967,0.05918671935796738,0.24303780496120453,0.2573001980781555,0.2664455771446228,0.12725099921226501,0.2465846687555313,0.20050372183322906,0.27643638849258423,0.06362886726856232,0.1528349071741104,0.25802749395370483,0.17298410832881927,0.17048031091690063
129,0.038731614694647164,0.025540782705597256,1.249587541041167,7.648028163796128e-05,0.6941920492960059,0.02739502066153067,0.19812281131744386,0.49812281131744385,2,3222,0.6376827955245972,0.5250384211540222,0.0025748233310878277,2,1e-05,4.466097354888916,0.16924098134040833,0.08587321639060974,0.1312158852815628,0.6376827955245972,0.07523360848426819,0.10890533775091171,0.08482713252305984,0.17316226661205292,0.1837003231048584,0.39162182807922363,0.5984025001525879,0.07103694975376129,0.2608891427516937,0.3047589063644409,0.3405970633029938,0.1546349972486496,0.19209176301956177,0.31177154183387756,0.48103949427604675,0.06120333448052406,0.23462064564228058,0.2603450417518616,0.26729533076286316,0.12960460782051086,0.2476167231798172,0.19931675493717194,0.2753663659095764,0.06415871530771255,0.1533571481704712,0.2587047517299652,0.17762741446495056,0.17197392880916595
130,0.03906146793261818,0.02587395339556362,1.249282728070798,7.657437938336363e-05,0.6939214571662571,0.027404074209707755,0.19767404794692994,0.49767404794692993,2,3222,0.6375874280929565,0.5245499014854431,0.0027846130542457104,2,1e-05,4.465256929397583,0.1635025590658188,0.0876307487487793,0.13114601373672485,0.6375874280929565,0.07987599074840546,0.10650457441806793,0.08311613649129868,0.17507901787757874,0.18163931369781494,0.39202508330345154,0.597491979598999,0.07016395777463913,0.26010552048683167,0.2980612516403198,0.3184601366519928,0.15931668877601624,0.18790794909000397,0.3153843283653259,0.4801306426525116,0.06082100048661232,0.2305275797843933,0.25477415323257446,0.2592119574546814,0.13432525098323822,0.24711382389068604,0.20314957201480865,0.2754860818386078,0.06381713598966599,0.152085080742836,0.2522216737270355,0.1700170338153839,0.17217811942100525
131,0.03901452538759812,0.025829590128167816,1.2490383127461309,7.96870492353185e-05,0.6937554660050765,0.027142614859121818,0.19639084935188295,0.49639084935188293,2,3222,0.637262225151062,0.5402582287788391,0.0033940428402274847,2,1e-05,4.398901462554932,0.16620475053787231,0.0884871780872345,0.13126271963119507,0.637262225151062,0.0793876126408577,0.1076059639453888,0.08456818759441376,0.17473484575748444,0.18454837799072266,0.39871034026145935,0.5954875946044922,0.07110293209552765,0.2507639229297638,0.30636832118034363,0.3311691880226135,0.15624694526195526,0.19208458065986633,0.31878891587257385,0.4787265956401825,0.06158819422125816,0.22499972581863403,0.26177430152893066,0.257487416267395,0.13162082433700562,0.2471291720867157,0.2040880173444748,0.27408698201179504,0.06408149003982544,0.15171128511428833,0.25521883368492126,0.17320619523525238,0.1730237454175949
132,0.03919365564766138,0.02601116652721944,1.2487886781277864,8.041496134272008e-05,0.6937983269276826,0.027366189462167245,0.19689733982086183,0.4968973398208618,2,3222,0.6372174620628357,0.5174681544303894,0.0021016772370785475,2,1e-05,4.420043230056763,0.167481929063797,0.08820656687021255,0.13145548105239868,0.6372174620628357,0.0787150040268898,0.10576563328504562,0.08378849178552628,0.17329435050487518,0.18056830763816833,0.388126939535141,0.5951725840568542,0.07137908041477203,0.25613200664520264,0.2992422580718994,0.3452196717262268,0.15475168824195862,0.18991146981716156,0.31578171253204346,0.48067229986190796,0.06148036941885948,0.2303481549024582,0.2593359351158142,0.2697739899158478,0.1302671730518341,0.24711944162845612,0.20063185691833496,0.27452704310417175,0.06409339606761932,0.15473473072052002,0.25289398431777954,0.1810975819826126,0.17030681669712067
133,0.03898389086775158,0.025804561198405598,1.248536052911178,8.07937998932017e-05,0.6931612102881722,0.02681645315664786,0.19837428331375123,0.4983742833137512,2,3222,0.641555905342102,0.5368062853813171,0.0028320355340838432,2,1e-05,4.462052345275879,0.16602593660354614,0.08700688183307648,0.13140487670898438,0.641555905342102,0.07746414095163345,0.10864686220884323,0.08364934474229813,0.17545290291309357,0.18421249091625214,0.3948521614074707,0.5965410470962524,0.06899376213550568,0.25397753715515137,0.3008924722671509,0.3343057632446289,0.15251865983009338,0.1913696974515915,0.31727105379104614,0.4807400405406952,0.059616561979055405,0.2275659292936325,0.2577466070652008,0.26349422335624695,0.1279229074716568,0.24493452906608582,0.20188964903354645,0.2746600806713104,0.06345443427562714,0.1526564657688141,0.25671976804733276,0.17410169541835785,0.17063181102275848
134,0.0388847216963768,0.025708675789444344,1.2481773366098818,7.256517520822261e-05,0.6935471244480299,0.027541578504774306,0.198762845993042,0.498762845993042,2,3222,0.6400660276412964,0.5330090522766113,0.002163816010579467,2,1e-05,4.438966512680054,0.1662866324186325,0.08616501837968826,0.13139542937278748,0.6400660276412964,0.07594110816717148,0.10879985988140106,0.08384735137224197,0.17879028618335724,0.18342050909996033,0.3896186053752899,0.5978332757949829,0.0704227015376091,0.25560298562049866,0.30105137825012207,0.33661648631095886,0.1517115980386734,0.1912449300289154,0.3118940591812134,0.4817647635936737,0.060913171619176865,0.22952139377593994,0.2563975751399994,0.2658897638320923,0.12648062407970428,0.24832509458065033,0.2003537267446518,0.2753872871398926,0.06416835635900497,0.15038955211639404,0.25774991512298584,0.17487558722496033,0.16985823214054108
135,0.03888698634893998,0.025715251169774845,1.2478123333143152,7.530634004227898e-05,0.6928582735683607,0.027789565474898727,0.19754929542541505,0.49754929542541504,2,3222,0.6390933990478516,0.5117397904396057,0.0028483641799539328,2,1e-05,4.518901109695435,0.1675492823123932,0.08624852448701859,0.1312442123889923,0.6390933990478516,0.07412214577198029,0.10961554944515228,0.08295039087533951,0.17331454157829285,0.18524426221847534,0.38491055369377136,0.5965084433555603,0.0701836347579956,0.2498336285352707,0.30397817492485046,0.33714547753334045,0.15048444271087646,0.19402819871902466,0.3102915585041046,0.4800204336643219,0.06049824506044388,0.22554543614387512,0.26111656427383423,0.26150089502334595,0.12696725130081177,0.24650253355503082,0.19921806454658508,0.27457481622695923,0.06416474282741547,0.15022790431976318,0.25936076045036316,0.17547297477722168,0.17354106903076172
136,0.03901097631972769,0.02584205017141674,1.2475772888764092,7.625048886478433e-05,0.6923906984536544,0.029356447573061342,0.19839624762535096,0.49839624762535095,2,3222,0.6371561288833618,0.5101866722106934,0.0024040278512984514,2,1e-05,4.550156354904175,0.16759754717350006,0.0854697898030281,0.13124147057533264,0.6371561288833618,0.07700064778327942,0.11187037080526352,0.08173850178718567,0.17350773513317108,0.18451076745986938,0.3836531937122345,0.5977002382278442,0.07028812915086746,0.2560315728187561,0.3051425814628601,0.3281472325325012,0.15208376944065094,0.19236236810684204,0.3105165660381317,0.4826129376888275,0.06083610653877258,0.2306848168373108,0.25674962997436523,0.2606506943702698,0.12752676010131836,0.24768681824207306,0.1981019228696823,0.27611562609672546,0.06468798220157623,0.14980559051036835,0.2622673511505127,0.17133712768554688,0.17123079299926758
137,0.038866827021474426,0.02570060527195101,1.2472483386164126,7.409974236709431e-05,0.6929977613946666,0.028706272266529224,0.1998893439769745,0.4998893439769745,2,3222,0.6379112005233765,0.519346296787262,0.00215151347219944,2,1e-05,4.490361452102661,0.16160637140274048,0.08564083278179169,0.13125447928905487,0.6379112005233765,0.07618942111730576,0.10884003341197968,0.08236054331064224,0.16987080872058868,0.1825096756219864,0.3887217342853546,0.5999191403388977,0.0708477646112442,0.26131054759025574,0.2979017496109009,0.3260054886341095,0.15675172209739685,0.19082587957382202,0.3139271140098572,0.48491042852401733,0.06103828549385071,0.2333299219608307,0.25249359011650085,0.26293203234672546,0.1315714716911316,0.24010370671749115,0.1996925324201584,0.2768164575099945,0.06449965387582779,0.15017123520374298,0.2565222978591919,0.17061848938465118,0.17402376234531403
138,0.03878767140533613,0.02562393474838008,1.246994832287664,8.98731750962527e-05,0.6928899158602175,0.027275917335792824,0.19622297286987306,0.49622297286987305,2,3222,0.6368768215179443,0.542902946472168,0.00328072695992887,2,1e-05,4.501559019088745,0.16872453689575195,0.08745117485523224,0.1312774121761322,0.6368768215179443,0.07621418684720993,0.10950883477926254,0.0826311782002449,0.1746857911348343,0.18251977860927582,0.39450570940971375,0.5944151282310486,0.06928980350494385,0.23770001530647278,0.3153843283653259,0.3336954116821289,0.1508907526731491,0.1920672059059143,0.3175501227378845,0.4796953797340393,0.05958159640431404,0.21397878229618073,0.26703307032585144,0.26037314534187317,0.12712715566158295,0.24589616060256958,0.20092462003231049,0.2739045321941376,0.06333630532026291,0.14872585237026215,0.2576756179332733,0.17492181062698364,0.17103104293346405
139,0.038900862893332604,0.025740203164193943,1.24669072939002,8.377435005968437e-05,0.6929148824318595,0.027514794526276764,0.1974581301212311,0.4974581301212311,2,3222,0.6378880739212036,0.5245996713638306,0.0026097081135958433,2,1e-05,4.449040412902832,0.1701841950416565,0.08735338598489761,0.1313282996416092,0.6378880739212036,0.07702046632766724,0.10846386104822159,0.08394862711429596,0.1803794652223587,0.1840047836303711,0.38914754986763,0.5963576436042786,0.06507884711027145,0.2587187588214874,0.3017251789569855,0.34704500436782837,0.1503063589334488,0.19216029345989227,0.3153887391090393,0.48073193430900574,0.056215014308691025,0.22979424893856049,0.25839298963546753,0.26895377039909363,0.12429630756378174,0.24959136545658112,0.20025420188903809,0.2748548090457916,0.06154448539018631,0.15145152807235718,0.2572147250175476,0.17866633832454681,0.16757260262966156
140,0.03882729731824087,0.025669881588091022,1.246411012566608,7.708329528964975e-05,0.692535206027653,0.0304303136754919,0.19668416380882264,0.49668416380882263,2,3222,0.6317227482795715,0.5101723670959473,0.002641841070726514,2,1e-05,4.504177570343018,0.16759668290615082,0.08560262620449066,0.13118210434913635,0.6317227482795715,0.07566908001899719,0.1114061176776886,0.08061723411083221,0.17765289545059204,0.18292653560638428,0.3851284980773926,0.5981553196907043,0.07001280784606934,0.25392115116119385,0.30668172240257263,0.3272862434387207,0.15253715217113495,0.19160835444927216,0.3093028962612152,0.48124390840530396,0.06046050786972046,0.2266109436750412,0.2594682276248932,0.26150956749916077,0.12769867479801178,0.24985861778259277,0.19911500811576843,0.27561458945274353,0.06403838098049164,0.1484380066394806,0.2613624334335327,0.17244476079940796,0.17203840613365173
141,0.038809219618206436,0.025655956695909084,1.2460203481757122,7.682613226200414e-05,0.6922923559727876,0.027164126643428096,0.19930739402770997,0.49930739402770996,2,3222,0.6393358707427979,0.525909960269928,0.0026200830470770597,2,1e-05,4.5320024490356445,0.16641588509082794,0.08731504529714584,0.1313648223876953,0.6393358707427979,0.07682635635137558,0.10809380561113358,0.08308490365743637,0.17709924280643463,0.18369713425636292,0.39382192492485046,0.5988357067108154,0.07180400937795639,0.25008830428123474,0.3030375838279724,0.32686901092529297,0.1542292982339859,0.1915639340877533,0.317557156085968,0.4829378128051758,0.06197711080312729,0.22507277131080627,0.2587093412876129,0.26093846559524536,0.12931720912456512,0.24839700758457184,0.20277267694473267,0.2761201858520508,0.06451528519392014,0.14828860759735107,0.25673189759254456,0.17072798311710358,0.17185339331626892
142,0.03879048383754233,0.025640230220944984,1.2457394548084424,7.90239377554668e-05,0.6920689163000687,0.02788818981029369,0.19765437841415406,0.49765437841415405,2,3222,0.6378585696220398,0.4945034384727478,0.0022615098860114813,2,1e-05,4.418307542800903,0.16620571911334991,0.08562841266393661,0.13147112727165222,0.6378585696220398,0.0763285681605339,0.11075183749198914,0.08131237328052521,0.17086969316005707,0.18269677460193634,0.3774462342262268,0.5963233709335327,0.0718940868973732,0.2563228905200958,0.30124494433403015,0.3264457881450653,0.15545329451560974,0.19102807343006134,0.3095186650753021,0.48124808073043823,0.06213861703872681,0.22897402942180634,0.25498253107070923,0.2614496648311615,0.13089117407798767,0.24732987582683563,0.1980973482131958,0.27518749237060547,0.06503807008266449,0.15105721354484558,0.2598929703235626,0.17051167786121368,0.17531907558441162
143,0.03923748887103537,0.026090832346159477,1.2454047099403713,7.495594289376523e-05,0.6918599916541058,0.028340104279694734,0.19600917100906373,0.4960091710090637,2,3222,0.6387121081352234,0.5224404335021973,0.002655884949490428,2,1e-05,4.526328086853027,0.17254739999771118,0.08700772374868393,0.13130639493465424,0.6387121081352234,0.07719749957323074,0.10915149003267288,0.08392789959907532,0.17774657905101776,0.18248538672924042,0.38407522439956665,0.5920361280441284,0.06853700429201126,0.24638859927654266,0.30690789222717285,0.3502349555492401,0.15303035080432892,0.19193094968795776,0.31227484345436096,0.47968152165412903,0.05892011895775795,0.21787112951278687,0.2622198760509491,0.27035436034202576,0.1287364810705185,0.25046271085739136,0.19795458018779755,0.2736070454120636,0.06287650018930435,0.1535348892211914,0.25932613015174866,0.18237121403217316,0.1713857352733612
144,0.03887613328254741,0.025733312672894935,1.245040494462718,7.474879384972155e-05,0.6916683938192285,0.027622676142939815,0.2000985860824585,0.5000985860824585,2,3222,0.6400303840637207,0.5282474756240845,0.0023618454579263926,2,1e-05,4.541471481323242,0.16878990828990936,0.0860653668642044,0.13127870857715607,0.6400303840637207,0.07599375396966934,0.10874172300100327,0.08436442166566849,0.1760660856962204,0.18271055817604065,0.3961541950702667,0.5996097326278687,0.0676930695772171,0.26263630390167236,0.30107805132865906,0.3302629590034485,0.1528518795967102,0.1904686838388443,0.3160066306591034,0.48408928513526917,0.058492511510849,0.2342379242181778,0.2558225691318512,0.2639000117778778,0.12783272564411163,0.24995338916778564,0.20309723913669586,0.276665061712265,0.06318332999944687,0.149946391582489,0.2573980987071991,0.1739637553691864,0.17226402461528778
145,0.03918325755259265,0.02604126954532188,1.244923042214435,8.393025073809954e-05,0.6919188240300054,0.03169925322356047,0.19977347254753114,0.49977347254753113,2,3222,0.6338356733322144,0.5200783014297485,0.0024757415521889925,2,1e-05,4.511189937591553,0.16267211735248566,0.08590252697467804,0.13092081248760223,0.6338356733322144,0.07452183961868286,0.10902059078216553,0.08101504296064377,0.17787960171699524,0.1854398399591446,0.3897313177585602,0.6017856001853943,0.07113456726074219,0.25567880272865295,0.3004494309425354,0.30940696597099304,0.15734921395778656,0.19164419174194336,0.3109985291957855,0.4859325885772705,0.06118491664528847,0.22714711725711823,0.25314465165138245,0.24885378777980804,0.13063642382621765,0.24497663974761963,0.201943039894104,0.27754008769989014,0.06398190557956696,0.1448974460363388,0.25660547614097595,0.16428117454051971,0.1732625663280487
146,0.039021059546781624,0.02588357776403427,1.2444960449052893,7.608704175293931e-05,0.6917620042096013,0.027141744543004918,0.19711388349533082,0.4971138834953308,2,3222,0.6386180520057678,0.5267432928085327,0.0027922000735998154,2,1e-05,4.465228319168091,0.16948269307613373,0.08672571927309036,0.1313811093568802,0.6386180520057678,0.07469736039638519,0.11036191135644913,0.0836566686630249,0.177375927567482,0.18256478011608124,0.3932763636112213,0.5956043004989624,0.06702578067779541,0.24722373485565186,0.3072947561740875,0.3385086953639984,0.1504276543855667,0.19216562807559967,0.31564420461654663,0.4799843430519104,0.05787283554673195,0.22168585658073425,0.26251986622810364,0.26165080070495605,0.12615910172462463,0.24601110816001892,0.20093269646167755,0.2742488384246826,0.06290499866008759,0.14969098567962646,0.2598021328449249,0.17689652740955353,0.17057347297668457
147,0.03876350026415742,0.025629658980861954,1.2441782899524854,7.359167711515708e-05,0.691322808680327,0.026844166225857204,0.19751716852188111,0.4975171685218811,2,3222,0.6362465023994446,0.5068070292472839,0.002534065395593643,2,1e-05,4.59576678276062,0.1668979525566101,0.0866602435708046,0.13132639229297638,0.6362465023994446,0.07696986198425293,0.10822762548923492,0.08517064899206161,0.1746806651353836,0.18252456188201904,0.38196825981140137,0.5976454019546509,0.0694546103477478,0.2528661787509918,0.30420684814453125,0.3361721932888031,0.15830181539058685,0.18982307612895966,0.31248095631599426,0.481047123670578,0.06025183945894241,0.22782976925373077,0.2598327398300171,0.26452556252479553,0.13303102552890778,0.24711978435516357,0.1982608139514923,0.2751295864582062,0.06328015774488449,0.1518167406320572,0.25637611746788025,0.17729447782039642,0.17383186519145966
