epoch,train_total,train_recon,train_mixing,train_zero_recon,train_z_l2,val_recon,val_separation,sep_base,n_dup,tops,clean_max_corr,max_pair_corr,min_energy_ratio,n_dead,lr,sec,corr_e0_x_clean,corr_e1_x_clean,corr_e2_x_clean,corr_e3_x_clean,corr_e4_x_clean,corr_e5_x_clean,corr_e6_x_clean,corr_e7_x_clean,corr_e0_bw,corr_e1_bw,corr_e2_bw,corr_e3_bw,corr_e4_bw,corr_e5_bw,corr_e6_bw,corr_e7_bw,corr_e0_ma,corr_e1_ma,corr_e2_ma,corr_e3_ma,corr_e4_ma,corr_e5_ma,corr_e6_ma,corr_e7_ma,corr_e0_em,corr_e1_em,corr_e2_em,corr_e3_em,corr_e4_em,corr_e5_em,corr_e6_em,corr_e7_em
1,0.42451209477756335,0.3876927903164988,3.5768233693164326,0.10510715291551921,2.044198155403137,0.17870048014322917,-0.12742678523063655,0.3225732147693634,3,2222,0.11393142491579056,0.5284858345985413,0.07423713803291321,0,0.001,4.727376461029053,0.09889945387840271,0.09354782849550247,0.11393142491579056,0.0851585641503334,0.07891177386045456,0.10023927688598633,0.08257365226745605,0.08770156651735306,0.3984735906124115,0.4274398684501648,0.5262138247489929,0.3736132085323334,0.342425137758255,0.42562243342399597,0.33506253361701965,0.3358393609523773,0.3375280201435089,0.3082086741924286,0.40336108207702637,0.2981986701488495,0.30148741602897644,0.33072629570961,0.2807028889656067,0.29729485511779785,0.20876212418079376,0.21618998050689697,0.246786430478096,0.1990814208984375,0.19282382726669312,0.22503437101840973,0.18809325993061066,0.20090804994106293
2,0.2406905604445416,0.20495230153850888,3.555010287658028,0.01881580578122774,2.999953135200169,0.12988243272569444,-0.14569638371467586,0.3043036162853241,3,2222,0.1160794049501419,0.529582679271698,0.0598561130464077,0,0.001,4.41064715385437,0.07933356612920761,0.09938836097717285,0.1160794049501419,0.0870501771569252,0.08068922162055969,0.09827880561351776,0.08560629934072495,0.08084375411272049,0.30913451313972473,0.3709825277328491,0.49234840273857117,0.3828447163105011,0.33838167786598206,0.42361539602279663,0.34721964597702026,0.3067011833190918,0.2922949194908142,0.29732632637023926,0.378009170293808,0.3209652602672577,0.3023076355457306,0.35374754667282104,0.3171800374984741,0.2782686650753021,0.16381318867206573,0.1784590631723404,0.23077747225761414,0.18384157121181488,0.18231026828289032,0.20696434378623962,0.17930971086025238,0.17720212042331696
3,0.2270345512939536,0.19240069972432178,3.4602095873459526,0.003175455342937747,3.2729474979898203,0.12892275887948496,-0.14753795862197872,0.30246204137802124,3,2222,0.114207923412323,0.500415027141571,0.045741453766822815,0,0.001,4.338099479675293,0.07816942036151886,0.09497173875570297,0.114207923412323,0.08500240743160248,0.07949863374233246,0.09521883726119995,0.08175031840801239,0.08118893206119537,0.30574050545692444,0.3397122919559479,0.4868082106113434,0.37352439761161804,0.3290098011493683,0.39105984568595886,0.3181551396846771,0.30759313702583313,0.28895512223243713,0.29212281107902527,0.3771933615207672,0.32712429761886597,0.29932457208633423,0.3311598598957062,0.303205668926239,0.287414014339447,0.16568118333816528,0.1779533177614212,0.23163872957229614,0.18580567836761475,0.1704464554786682,0.19928066432476044,0.17059896886348724,0.1736305207014084
4,0.22272823038308517,0.1889048186333283,3.373324902161308,0.00901667113699343,3.3411052434340767,0.125853845666956,-0.1440415203571319,0.30595847964286804,3,2222,0.11411476880311966,0.4957263171672821,0.07717901468276978,0,0.001,4.280874252319336,0.07765832543373108,0.09353028982877731,0.11411476880311966,0.09775351732969284,0.08764760196208954,0.09400639683008194,0.10066797584295273,0.08973442018032074,0.2987844944000244,0.3247106969356537,0.4975593388080597,0.3287026584148407,0.354360431432724,0.43030881881713867,0.36190924048423767,0.31011685729026794,0.28154456615448,0.26909705996513367,0.37956148386001587,0.3095291554927826,0.32954463362693787,0.33893880248069763,0.318246990442276,0.27542218565940857,0.16264058649539948,0.16731442511081696,0.23259826004505157,0.21369874477386475,0.18681348860263824,0.215781107544899,0.20653240382671356,0.1771220564842224
5,0.21058088476243225,0.17779857956844827,3.2718954189963965,0.0063350524338286205,3.396072646845942,0.12185039152922454,0.004328888654708873,0.30432888865470886,2,2223,0.11447355151176453,0.4494115114212036,0.07808900624513626,0,0.001,4.299026727676392,0.08952875435352325,0.09070927649736404,0.11447355151176453,0.09169351309537888,0.08237643539905548,0.09952836483716965,0.08256883919239044,0.0866880789399147,0.2687322795391083,0.3490927219390869,0.45189711451530457,0.3183656930923462,0.32663875818252563,0.3812129497528076,0.3506694734096527,0.3485430181026459,0.27638867497444153,0.2842356562614441,0.3576759099960327,0.2631427049636841,0.2768777906894684,0.3111131191253662,0.291792631149292,0.30519938468933105,0.1904221475124359,0.19532863795757294,0.21492479741573334,0.29326894879341125,0.18921904265880585,0.20444610714912415,0.20482434332370758,0.1831357777118683
6,0.19472749207330786,0.1629916682191517,3.171157857646113,0.0024244162739942903,3.3640260385430376,0.11083283374927662,0.028057289123535167,0.32805728912353516,2,2223,0.11807366460561752,0.5005514025688171,0.0703292265534401,0,0.001,4.310218095779419,0.09163501113653183,0.08790888637304306,0.11807366460561752,0.1052035242319107,0.09232206642627716,0.10100402683019638,0.09943778067827225,0.08877497911453247,0.2744068205356598,0.3529285490512848,0.5072124004364014,0.24635742604732513,0.35205215215682983,0.41430020332336426,0.41020452976226807,0.35780179500579834,0.27550509572029114,0.28958481550216675,0.3943031430244446,0.2058640420436859,0.31196674704551697,0.34070318937301636,0.3274730145931244,0.30271220207214355,0.19556155800819397,0.18705923855304718,0.23624110221862793,0.29263997077941895,0.18517360091209412,0.23167835175991058,0.23992779850959778,0.19941416382789612
7,0.19016377174335977,0.15952344044395114,3.062185629554417,0.0018477270293616407,3.3414392989614736,0.12744318531177662,0.03998045325279237,0.33998045325279236,2,3223,0.13265050947666168,0.5339750051498413,0.0625244602560997,0,0.001,4.311641216278076,0.09879232943058014,0.08690355718135834,0.1205657348036766,0.13265050947666168,0.08758454024791718,0.10776476562023163,0.1082547977566719,0.09470055252313614,0.24517019093036652,0.36616143584251404,0.5344770550727844,0.19117490947246552,0.3385125398635864,0.4393121302127838,0.4084851145744324,0.3524570167064667,0.254947304725647,0.29403775930404663,0.4154273569583893,0.16885335743427277,0.2978687882423401,0.35623568296432495,0.3304668366909027,0.296239972114563,0.1979871690273285,0.19020570814609528,0.2464059293270111,0.27736690640449524,0.1872197687625885,0.23522013425827026,0.2349587231874466,0.18840233981609344
8,0.18162893601085828,0.15193119969057,2.96801235364831,0.0017614013492635897,3.393569915190987,0.10501711018880208,0.03666929602622987,0.33666929602622986,2,3223,0.13016724586486816,0.49195218086242676,0.05297384783625603,0,0.001,4.349057197570801,0.11770492047071457,0.08422430604696274,0.11822424829006195,0.13016724586486816,0.08419431746006012,0.10195551812648773,0.0977644994854927,0.09130900353193283,0.2774208188056946,0.35567983984947205,0.52640700340271,0.16235439479351044,0.33100196719169617,0.43057942390441895,0.42983418703079224,0.36515793204307556,0.25866732001304626,0.2921263575553894,0.4147455394268036,0.1601777970790863,0.27367717027664185,0.3383629024028778,0.34155499935150146,0.3103175759315491,0.21166053414344788,0.18389730155467987,0.24617302417755127,0.27535733580589294,0.19311939179897308,0.2247142493724823,0.22739574313163757,0.194016233086586
9,0.17349896288436392,0.1448358653680138,2.8649087055869726,0.0014009525032673516,3.318570955939915,0.0997163006817853,0.05619390010833741,0.3561939001083374,2,3223,0.14971734583377838,0.5238715410232544,0.072567418217659,0,0.001,4.3563079833984375,0.13747581839561462,0.07666818052530289,0.12318184226751328,0.14971734583377838,0.08131004869937897,0.10790430754423141,0.09793978929519653,0.08911553770303726,0.2677405774593353,0.31919246912002563,0.5587777495384216,0.14984510838985443,0.3182385265827179,0.4275885820388794,0.3809501528739929,0.3774460256099701,0.2579043209552765,0.28524211049079895,0.4446517527103424,0.14850182831287384,0.2649727463722229,0.34658944606781006,0.3358612358570099,0.3141196668148041,0.22204403579235077,0.18273939192295074,0.25297924876213074,0.2716286778450012,0.18172621726989746,0.23219506442546844,0.22862018644809723,0.19871968030929565
10,0.1610923785230388,0.13328528047903723,2.779685704604439,0.0010242158946905124,3.2327867279882017,0.09014551685474537,0.05843759775161744,0.35843759775161743,2,3222,0.17672249674797058,0.47284919023513794,0.06418529152870178,0,0.001,4.378447532653809,0.1407032608985901,0.08205562084913254,0.12306133657693863,0.17672249674797058,0.08145935833454132,0.10921590775251389,0.10549205541610718,0.08642543107271194,0.2720259130001068,0.382240355014801,0.5558598637580872,0.11825375258922577,0.32619383931159973,0.40123769640922546,0.389419287443161,0.37040039896965027,0.26940780878067017,0.2987160384654999,0.44884151220321655,0.11631955951452255,0.2653222382068634,0.3249270021915436,0.3182699680328369,0.3173748850822449,0.2021052986383438,0.1958787441253662,0.25232642889022827,0.23244673013687134,0.1906527727842331,0.25205424427986145,0.24455788731575012,0.19912739098072052
11,0.1519226179174755,0.12496288639047871,2.694941168246062,0.0010321556031197795,3.1891806954922886,0.08704641723632812,0.07187737226486207,0.37187737226486206,2,3222,0.2009696215391159,0.4650925099849701,0.06946384906768799,0,0.001,4.264599323272705,0.13455143570899963,0.07791721075773239,0.12511496245861053,0.2009696215391159,0.08161444962024689,0.11036836355924606,0.10071894526481628,0.09135761111974716,0.2875720262527466,0.33202314376831055,0.5649127960205078,0.12642526626586914,0.35487765073776245,0.39528995752334595,0.40869617462158203,0.38891473412513733,0.2797256112098694,0.27676430344581604,0.4637417197227478,0.12059086561203003,0.27544018626213074,0.31247496604919434,0.3284620940685272,0.33517777919769287,0.20356321334838867,0.18111790716648102,0.25788530707359314,0.22193372249603271,0.2041257917881012,0.2518284022808075,0.24820803105831146,0.20189803838729858
12,0.14052041393259299,0.11426635863988296,2.6239545345306396,0.0014513620914405456,3.179292616636857,0.08486913723415798,0.237224018573761,0.387224018573761,1,3225,0.20722603797912598,0.4620368778705597,0.06357502192258835,0,0.001,4.273478269577026,0.14531177282333374,0.08357414603233337,0.12431802600622177,0.20722603797912598,0.07951012253761292,0.11439509689807892,0.0926605761051178,0.08577021956443787,0.30395278334617615,0.37875497341156006,0.5923583507537842,0.09382489323616028,0.3101363778114319,0.32997941970825195,0.36090680956840515,0.35566046833992004,0.2837691605091095,0.30352702736854553,0.47894981503486633,0.08572150021791458,0.2658079266548157,0.2890288829803467,0.3050422966480255,0.2980504333972931,0.20714905858039856,0.19812899827957153,0.26787784695625305,0.14918823540210724,0.1778273731470108,0.27036187052726746,0.2336810678243637,0.19340325891971588
13,0.13711508071940878,0.11150891074667806,2.558702562166297,0.0019145255260493445,3.1747716302457065,0.08298576750578704,0.25066802501678465,0.40066802501678467,1,3225,0.24703803658485413,0.4523330330848694,0.06958606839179993,0,0.001,4.345219850540161,0.1490498185157776,0.08761455863714218,0.12588123977184296,0.24703803658485413,0.07888446748256683,0.13000769913196564,0.0967530831694603,0.08731988817453384,0.28333780169487,0.3483433723449707,0.5877748131752014,0.05016030743718147,0.3308637738227844,0.30776339769363403,0.37712353467941284,0.3535173237323761,0.2663860023021698,0.3027024567127228,0.4707399010658264,0.048892464488744736,0.25454020500183105,0.27483463287353516,0.31324049830436707,0.31494608521461487,0.1998228281736374,0.18665637075901031,0.2643725574016571,0.1379919946193695,0.18578501045703888,0.2971193492412567,0.2579475939273834,0.19211913645267487
14,0.13011733215788138,0.10501921533242516,2.5072443381599756,0.0025673085259293894,3.1792917873548423,0.07692171223958333,0.23924968242645264,0.38924968242645264,1,3225,0.20482401549816132,0.46882304549217224,0.05400286614894867,0,0.001,4.305140733718872,0.17316870391368866,0.09401290118694305,0.12596312165260315,0.20482401549816132,0.0727870762348175,0.12411085516214371,0.09746827930212021,0.08779753744602203,0.2743724584579468,0.3743191063404083,0.5844186544418335,0.03980723395943642,0.2852303385734558,0.28351929783821106,0.3284441828727722,0.3484332859516144,0.2630263566970825,0.3205341696739197,0.4757995903491974,0.038415051996707916,0.23842480778694153,0.2636728584766388,0.2853989601135254,0.29572218656539917,0.20245370268821716,0.19183044135570526,0.2637965679168701,0.11934821307659149,0.16127422451972961,0.29195645451545715,0.27664539217948914,0.1889919936656952
15,0.12130699760240057,0.09681412966355034,2.4483817660290264,0.0009050633474860502,3.204526362211808,0.07081290916160302,0.24321810007095337,0.39321810007095337,1,3225,0.2007836401462555,0.4632265269756317,0.05574803054332733,0,0.001,4.309038877487183,0.17243723571300507,0.0907098650932312,0.12699975073337555,0.2007836401462555,0.07967234402894974,0.13348373770713806,0.11023417115211487,0.09403420239686966,0.2638902962207794,0.3419317603111267,0.5878114104270935,0.039921339601278305,0.33726128935813904,0.26321467757225037,0.34166258573532104,0.3849222958087921,0.25914236903190613,0.3085213899612427,0.4760669767856598,0.03929270803928375,0.2689656913280487,0.2444925308227539,0.29915183782577515,0.32074660062789917,0.1999502182006836,0.17748285830020905,0.2658088207244873,0.10360918939113617,0.1863354593515396,0.3082103431224823,0.27486947178840637,0.2019943743944168
16,0.11379352827434955,0.08990420206733372,2.387952773467354,0.0009798909595701844,3.1737636172253154,0.06910592764395254,0.2490766704082489,0.3990766704082489,1,3225,0.22512172162532806,0.4636419415473938,0.052572209388017654,0,0.001,4.354457378387451,0.1711965799331665,0.09269971400499344,0.1268884241580963,0.22512172162532806,0.07617092877626419,0.13323874771595,0.10797982662916183,0.09586703032255173,0.2626430094242096,0.34952327609062195,0.5833113193511963,0.0491851307451725,0.2909839451313019,0.2585652768611908,0.293163001537323,0.3330706059932709,0.24767369031906128,0.3088972270488739,0.47984176874160767,0.043219197541475296,0.2427879273891449,0.2402963489294052,0.27625277638435364,0.28665539622306824,0.19466190040111542,0.1842653751373291,0.2655472159385681,0.09313566237688065,0.17485585808753967,0.30803194642066956,0.27389904856681824,0.1912943720817566
17,0.10788490331691244,0.08454090000494667,2.3336284160614014,0.0007720165708831147,3.1574970846590786,0.06221856689453125,0.25266039967536924,0.40266039967536926,1,3225,0.21897324919700623,0.5187761783599854,0.04705327749252319,0,0.001,4.407324314117432,0.18402574956417084,0.0939231738448143,0.12756340205669403,0.21897324919700623,0.08524205535650253,0.13373443484306335,0.10749738663434982,0.09972792863845825,0.2516463100910187,0.3754720687866211,0.5972391963005066,0.04225124046206474,0.3118707537651062,0.25304391980171204,0.3195893466472626,0.33601114153862,0.24367845058441162,0.3233541250228882,0.48503220081329346,0.03862879052758217,0.26003149151802063,0.23688165843486786,0.2871277332305908,0.29793721437454224,0.19432953000068665,0.19123254716396332,0.27028682827949524,0.08252982795238495,0.18241485953330994,0.30939698219299316,0.2665225863456726,0.18284405767917633
18,0.10585934215265771,0.08302757143974304,2.2825271979622217,0.0006499076464577862,3.154357775397923,0.06456412308304398,0.23393360376358033,0.3839336037635803,1,3225,0.18410851061344147,0.4007072150707245,0.0667889416217804,0,0.001,4.394380331039429,0.18104304373264313,0.08299574255943298,0.12644772231578827,0.18410851061344147,0.08394236862659454,0.13492625951766968,0.1119099035859108,0.09277839958667755,0.23185467720031738,0.29900500178337097,0.5716315507888794,0.038444921374320984,0.34623146057128906,0.27951231598854065,0.33100858330726624,0.3433058261871338,0.21690219640731812,0.2654446065425873,0.4719125032424927,0.038209009915590286,0.28235992789268494,0.2485646903514862,0.297946959733963,0.29399701952934265,0.18332362174987793,0.16383026540279388,0.26140454411506653,0.07833371311426163,0.2021331489086151,0.30808186531066895,0.2599208354949951,0.18903419375419617
19,0.1045040391061617,0.08211280697065851,2.2382283418074898,0.0008950118701803782,3.1810379131980566,0.05790236409505208,0.25622201561927793,0.40622201561927795,1,3225,0.2161559909582138,0.4779530465602875,0.054173052310943604,0,0.001,4.300405263900757,0.18923966586589813,0.09173157066106796,0.12894131243228912,0.2161559909582138,0.07908084243535995,0.1382082998752594,0.11591223627328873,0.09235537797212601,0.22896438837051392,0.3393903374671936,0.5942782759666443,0.03666391223669052,0.2983156442642212,0.2287861406803131,0.27898305654525757,0.33513617515563965,0.21487267315387726,0.30108290910720825,0.4920482635498047,0.03375696763396263,0.23988181352615356,0.22005076706409454,0.27017533779144287,0.28474822640419006,0.1838226169347763,0.17906038463115692,0.2697274684906006,0.07681874930858612,0.16725657880306244,0.32240545749664307,0.26575925946235657,0.1770569533109665
20,0.0972100159396296,0.07522304096947545,2.1976473849752676,0.0010501502977643647,3.1840482380079185,0.05734755226417824,0.254454231262207,0.40445423126220703,1,3225,0.2267870008945465,0.41462185978889465,0.03732922673225403,0,0.001,4.30217170715332,0.19994786381721497,0.08784455806016922,0.12935172021389008,0.2267870008945465,0.0809018462896347,0.1403355598449707,0.11747170239686966,0.09946831315755844,0.16086135804653168,0.31556272506713867,0.5872683525085449,0.032947782427072525,0.3069659173488617,0.26210516691207886,0.3212314546108246,0.33687713742256165,0.1609208881855011,0.29036790132522583,0.48513320088386536,0.03170440346002579,0.2665836215019226,0.2346663773059845,0.2915150225162506,0.2919648587703705,0.17378343641757965,0.1742660403251648,0.26824307441711426,0.0686202272772789,0.1821276694536209,0.3186284601688385,0.2652689814567566,0.18907350301742554
21,0.09390223415001579,0.0723220064588215,2.1570966658384902,0.0009262553332677192,3.188792083574378,0.05402611626519097,0.26556742787361143,0.41556742787361145,1,3225,0.2377357929944992,0.4587567150592804,0.043760936707258224,0,0.001,4.438302993774414,0.2057885080575943,0.0898895338177681,0.12974274158477783,0.2377357929944992,0.07778774201869965,0.14625664055347443,0.11528550833463669,0.09626980125904083,0.1652429699897766,0.3275753855705261,0.5915022492408752,0.031952857971191406,0.2815185487270355,0.23432478308677673,0.28149333596229553,0.28117576241493225,0.1637808084487915,0.2942635416984558,0.4925568997859955,0.029929235577583313,0.2458106428384781,0.22072476148605347,0.2615150511264801,0.23391880095005035,0.17825300991535187,0.1690697968006134,0.26959428191185,0.06316399574279785,0.16579373180866241,0.3404747545719147,0.2699230909347534,0.16581766307353973
22,0.08845928214166475,0.06730072151707567,2.1154736746912417,0.0003823842948211519,3.191807684691056,0.05061416512948495,0.2749224066734314,0.4249224066734314,1,3225,0.2832975685596466,0.38527360558509827,0.04574282467365265,0,0.001,4.414017677307129,0.20967569947242737,0.0815800279378891,0.13064317405223846,0.2832975685596466,0.07953672856092453,0.15064851939678192,0.12171043455600739,0.07974604517221451,0.13564763963222504,0.29689279198646545,0.5797032117843628,0.03428373113274574,0.31647589802742004,0.2273937165737152,0.29488083720207214,0.27050092816352844,0.13899783790111542,0.2571958005428314,0.4920710027217865,0.03131759166717529,0.2642706334590912,0.21078559756278992,0.26812005043029785,0.22902190685272217,0.16110855340957642,0.15897324681282043,0.26762479543685913,0.0599193349480629,0.18481002748012543,0.3446178734302521,0.2787574827671051,0.16335809230804443
23,0.08709497231504192,0.06633211380761603,2.075873312742814,0.00041247964343157315,3.2051253007805864,0.05065085969147859,0.27568036913871763,0.42568036913871765,1,3225,0.26885345578193665,0.4411882758140564,0.05269990116357803,0,0.001,4.298528432846069,0.2138059139251709,0.0851338729262352,0.1316296011209488,0.26885345578193665,0.07641995698213577,0.1497005820274353,0.12658143043518066,0.08377541601657867,0.1343199908733368,0.32986924052238464,0.5842729210853577,0.03412480279803276,0.26537179946899414,0.17859239876270294,0.22999818623065948,0.21160347759723663,0.13634172081947327,0.2894761264324188,0.49947085976600647,0.03131120279431343,0.24215081334114075,0.17992015182971954,0.22362948954105377,0.18380630016326904,0.1584290713071823,0.17600016295909882,0.26993024349212646,0.05662347003817558,0.16527192294597626,0.35012421011924744,0.29982486367225647,0.13620704412460327
24,0.08845636378163876,0.06800541443669278,2.0442214530447256,0.0008735622889261045,3.2410740126734194,0.05581004163953993,0.2987694501876831,0.4487694501876831,1,3225,0.3580092787742615,0.3826124966144562,0.04263344779610634,0,0.001,4.3542561531066895,0.20816579461097717,0.08106476068496704,0.13039630651474,0.3580092787742615,0.08050140738487244,0.15900379419326782,0.13158269226551056,0.08658343553543091,0.12337911128997803,0.30277320742607117,0.583972692489624,0.03648190572857857,0.29039305448532104,0.22535131871700287,0.2223375141620636,0.22627390921115875,0.13003450632095337,0.260859876871109,0.49701714515686035,0.03321679309010506,0.2568829357624054,0.21026460826396942,0.20989204943180084,0.1937498301267624,0.15425144135951996,0.1644507199525833,0.26994243264198303,0.05749974027276039,0.18065805733203888,0.3560786247253418,0.32299357652664185,0.14251504838466644
25,0.0843078970261242,0.0641060482872569,2.018727509871773,0.001457519902665492,3.2661043768343716,0.04623156455711082,0.27705845832824705,0.42705845832824707,1,3225,0.32515984773635864,0.3646754026412964,0.05552362650632858,0,0.001,4.353774547576904,0.196659654378891,0.08168121427297592,0.13238070905208588,0.32515984773635864,0.07895192503929138,0.15182185173034668,0.12189215421676636,0.07590948045253754,0.14942045509815216,0.3422858417034149,0.5669434666633606,0.043524473905563354,0.32612344622612,0.24415168166160583,0.30555227398872375,0.2545938491821289,0.13611583411693573,0.2692895531654358,0.48088574409484863,0.03836185112595558,0.27271443605422974,0.22034458816051483,0.25984078645706177,0.2090439796447754,0.15132936835289001,0.18536041676998138,0.265540212392807,0.05643409863114357,0.1882181167602539,0.3352448046207428,0.28982794284820557,0.14714698493480682
26,0.08050545790921086,0.06060135040594184,1.989515527434971,0.0008952195601760532,3.279252238895582,0.043262751826533566,0.27586946487426756,0.4258694648742676,1,3225,0.28982141613960266,0.37889647483825684,0.053842466324567795,0,0.001,4.285477161407471,0.21074345707893372,0.08280959725379944,0.13268983364105225,0.28982141613960266,0.08334537595510483,0.15185494720935822,0.13347221910953522,0.08754223585128784,0.12989388406276703,0.3196572959423065,0.5833593606948853,0.03720035031437874,0.3043408989906311,0.2175387740135193,0.24252760410308838,0.18315231800079346,0.131504088640213,0.267142653465271,0.4964326322078705,0.03273462876677513,0.2675020098686218,0.1982049196958542,0.21547922492027283,0.15091510117053986,0.15295085310935974,0.17352508008480072,0.2711307406425476,0.05389244109392166,0.18422898650169373,0.3338644504547119,0.32840245962142944,0.11928660422563553
27,0.07556141232666762,0.05596694350242615,1.9584297822869343,0.0010170910998409533,3.2955892189689306,0.054247778998480906,0.2983835697174072,0.4483835697174072,1,3225,0.35686612129211426,0.36826345324516296,0.06582053005695343,0,0.001,4.312168598175049,0.2047826200723648,0.08671011030673981,0.1335734874010086,0.35686612129211426,0.08014848828315735,0.15823917090892792,0.13311903178691864,0.08581013977527618,0.135493203997612,0.3382582366466522,0.5856521725654602,0.03963558375835419,0.3312743902206421,0.2180061638355255,0.280941367149353,0.1583257019519806,0.12995858490467072,0.2756265699863434,0.5007539987564087,0.03398154303431511,0.2635878920555115,0.20582157373428345,0.2371271699666977,0.14088690280914307,0.14959166944026947,0.18040044605731964,0.2726441025733948,0.052004508674144745,0.18959271907806396,0.3502618968486786,0.3191298544406891,0.11351322382688522
28,0.07385816230722096,0.05455370862846789,1.9291604705478833,0.0012849076137290863,3.302272641140482,0.04298811283817998,0.32260013222694395,0.47260013222694397,1,3225,0.4443468451499939,0.3714171350002289,0.05467933043837547,0,0.001,4.363581895828247,0.2066829800605774,0.08691272884607315,0.132477805018425,0.4443468451499939,0.08064690232276917,0.1588464081287384,0.13704821467399597,0.08263015747070312,0.13054905831813812,0.32326576113700867,0.5882073044776917,0.06112351268529892,0.3111073672771454,0.22663207352161407,0.2655408978462219,0.18102216720581055,0.1333639770746231,0.275657057762146,0.5018404722213745,0.05055563896894455,0.251316100358963,0.21200580894947052,0.2252003252506256,0.15527784824371338,0.1477649062871933,0.17192527651786804,0.2727202773094177,0.054543718695640564,0.17958910763263702,0.3560059368610382,0.3243248164653778,0.1258326768875122
29,0.07214561428712762,0.05313006189206372,1.900444569795028,0.0011107500202184463,3.3192486348359482,0.04501046300817419,0.29437882304191587,0.4443788230419159,1,3225,0.342415988445282,0.38537484407424927,0.054093800485134125,0,0.001,4.399915933609009,0.20275937020778656,0.08192460983991623,0.13303998112678528,0.342415988445282,0.0775068998336792,0.16113369166851044,0.13767342269420624,0.0829872265458107,0.14525683224201202,0.32808470726013184,0.5856833457946777,0.03916049376130104,0.2978402376174927,0.2156117558479309,0.23268215358257294,0.1695108413696289,0.13973885774612427,0.285488098859787,0.5024060010910034,0.03346683084964752,0.26579686999320984,0.2043714076280594,0.20706912875175476,0.15138618648052216,0.14687000215053558,0.17447559535503387,0.2726019620895386,0.04699674993753433,0.1831653118133545,0.3470099866390228,0.318972647190094,0.1176651120185852
30,0.0700680127610331,0.051330052802096245,1.8729472367659858,0.0008488634940358284,3.3383761074232017,0.04052897248444734,0.2924716234207153,0.44247162342071533,1,3225,0.3393497169017792,0.39442354440689087,0.05365053564310074,0,0.001,4.350792407989502,0.21706515550613403,0.0831308662891388,0.13416659832000732,0.3393497169017792,0.08145491778850555,0.15974918007850647,0.1392947882413864,0.08696424216032028,0.1215953379869461,0.3530830144882202,0.581307053565979,0.04420454800128937,0.2847638726234436,0.19229966402053833,0.22178833186626434,0.14137931168079376,0.12862513959407806,0.3010571300983429,0.5025861859321594,0.03855719789862633,0.24632762372493744,0.1885407567024231,0.19608710706233978,0.12249995768070221,0.1440255045890808,0.18338513374328613,0.27122145891189575,0.049294937402009964,0.17463484406471252,0.34664344787597656,0.33000609278678894,0.10398964583873749
31,0.06755105713787286,0.04907638498622438,1.8462176633917766,0.00124955775454114,3.3490754521411397,0.03869239694100839,0.30234832167625425,0.4523483216762543,1,3225,0.3602217733860016,0.35786986351013184,0.051238738000392914,0,0.001,4.327499151229858,0.21566005051136017,0.08454995602369308,0.1337437778711319,0.3602217733860016,0.07743515819311142,0.1631927490234375,0.14732161164283752,0.09405425190925598,0.11624360829591751,0.32257959246635437,0.5856513977050781,0.041209183633327484,0.30744442343711853,0.19590504467487335,0.2033705711364746,0.13208426535129547,0.12419028580188751,0.27722784876823425,0.5094448924064636,0.035377614200115204,0.24808670580387115,0.1931047886610031,0.1903609186410904,0.1155315414071083,0.14225973188877106,0.17212384939193726,0.2736089527606964,0.04998582601547241,0.18078941106796265,0.3540753424167633,0.3348363935947418,0.09711356461048126
32,0.06664082877661871,0.048427630215883255,1.820733930753625,0.0005859996751456966,3.3675319319186,0.03919166734483507,0.3014108300209045,0.45141083002090454,1,3225,0.3886965811252594,0.3726654350757599,0.050905823707580566,0,0.001,4.424020290374756,0.2170410007238388,0.08250322192907333,0.1325291395187378,0.3886965811252594,0.07943779975175858,0.1573292762041092,0.14283329248428345,0.09396213293075562,0.12200795859098434,0.3330634832382202,0.5773722529411316,0.031818050891160965,0.33279693126678467,0.2027798742055893,0.2391493320465088,0.11728037148714066,0.12465739250183105,0.2795173227787018,0.5018253326416016,0.028795963153243065,0.25629663467407227,0.19209547340869904,0.20326651632785797,0.10176871716976166,0.13785021007061005,0.1761380285024643,0.27129557728767395,0.04540751129388809,0.19558300077915192,0.3377491533756256,0.3129102885723114,0.09078166633844376
33,0.06637630465885867,0.048383822907572205,1.798517372297204,0.0007308124407680463,3.375503985778145,0.03713760941116898,0.2936560869216919,0.4436560869216919,1,3225,0.3258458077907562,0.4355770945549011,0.05064546689391136,0,0.001,4.348515748977661,0.21909189224243164,0.08832427114248276,0.13352933526039124,0.3258458077907562,0.07832587510347366,0.16415543854236603,0.15424776077270508,0.10334795713424683,0.11323284357786179,0.36343511939048767,0.5863314270973206,0.043728094547986984,0.28527793288230896,0.1639108955860138,0.15532290935516357,0.15564393997192383,0.12041337788105011,0.3072420656681061,0.5102319717407227,0.03812330588698387,0.2467513233423233,0.1699514389038086,0.15485695004463196,0.1353919506072998,0.13619735836982727,0.1887388378381729,0.2740733027458191,0.05082730948925018,0.16889207065105438,0.35221511125564575,0.33468112349510193,0.10934261232614517
34,0.06413562774010327,0.046373464653025505,1.7755975049474966,0.0006189703493399303,3.3991212326547373,0.036711298059534145,0.3038338482379913,0.45383384823799133,1,3225,0.38022422790527344,0.37086591124534607,0.043467674404382706,0,0.001,4.42006516456604,0.2274884730577469,0.0844215527176857,0.13376976549625397,0.38022422790527344,0.07764051854610443,0.16357435286045074,0.15615227818489075,0.10326390713453293,0.10275895148515701,0.3242255747318268,0.5771639943122864,0.032526083290576935,0.2827920615673065,0.1919940859079361,0.1481446623802185,0.12062115222215652,0.11344896256923676,0.2693921625614166,0.5050662755966187,0.029283810406923294,0.2426672875881195,0.18892906606197357,0.14626382291316986,0.10709338635206223,0.1311153620481491,0.17336711287498474,0.27238357067108154,0.04608635976910591,0.16647830605506897,0.3528808653354645,0.3364815413951874,0.09314180165529251
35,0.061280549868293434,0.04377940394308256,1.7497805771620378,0.0003340882211214984,3.4093965447467305,0.04176378829390914,0.3101002037525177,0.4601002037525177,1,3225,0.4038456976413727,0.3654003441333771,0.04679141193628311,0,0.001,4.3112592697143555,0.20872212946414948,0.08724789321422577,0.13284796476364136,0.4038456976413727,0.07638496160507202,0.1600164771080017,0.15305683016777039,0.12990151345729828,0.1124250516295433,0.3310662806034088,0.5859209299087524,0.03413663059473038,0.30740752816200256,0.1883450597524643,0.18604274094104767,0.110331691801548,0.1173446848988533,0.2737218737602234,0.5076199769973755,0.0301178228110075,0.2542107403278351,0.18309375643730164,0.1755739450454712,0.0981832891702652,0.13249008357524872,0.179078608751297,0.27529117465019226,0.047266099601984024,0.18030622601509094,0.3430142402648926,0.32056528329849243,0.08604521304368973
36,0.06840977348063303,0.05105598643422127,1.7337101646091626,0.0016685561049203186,3.4372032310651695,0.040129545988859955,0.3084328234195709,0.4584328234195709,1,3225,0.40555432438850403,0.36114031076431274,0.039390869438648224,0,0.001,4.413486957550049,0.20265305042266846,0.08768714219331741,0.13245873153209686,0.40555432438850403,0.078289695084095,0.16013364493846893,0.1586730182170868,0.12812462449073792,0.10800577700138092,0.30314338207244873,0.5683051943778992,0.028118591755628586,0.32783183455467224,0.18201634287834167,0.12596720457077026,0.11792957782745361,0.11375231295824051,0.26962900161743164,0.50312340259552,0.026370422914624214,0.26435571908950806,0.18207214772701263,0.13038909435272217,0.10841264575719833,0.13463284075260162,0.16928791999816895,0.2691594064235687,0.04608422890305519,0.18078777194023132,0.3567483723163605,0.33360493183135986,0.09319496899843216
37,0.06468584874401921,0.047439123787309814,1.7234235380006873,0.0012489290017148724,3.4641690254211426,0.043606569643373845,0.289190536737442,0.439190536737442,1,3225,0.33398789167404175,0.372362345457077,0.04495590552687645,0,0.001,4.397541284561157,0.20698563754558563,0.08433663100004196,0.13317622244358063,0.33398789167404175,0.07648567110300064,0.15971225500106812,0.1486653834581375,0.12034206837415695,0.12459442019462585,0.348611444234848,0.5810522437095642,0.04576147347688675,0.3221057951450348,0.21414342522621155,0.20451891422271729,0.10796535760164261,0.11780031025409698,0.2830195724964142,0.4994637370109558,0.03978719189763069,0.2680695950984955,0.2043377012014389,0.1860651820898056,0.09725811332464218,0.13235732913017273,0.17762719094753265,0.27258214354515076,0.048410702496767044,0.18767932057380676,0.3422583043575287,0.31559649109840393,0.08609966933727264
38,0.06202032951557118,0.04498661633418954,1.702427511629851,0.0009438278648303822,3.48454473329627,0.03461321230287905,0.3103569507598877,0.4603569507598877,1,3225,0.411287397146225,0.38959407806396484,0.05742271989583969,0,0.001,4.368127346038818,0.22577011585235596,0.08771852403879166,0.1321878433227539,0.411287397146225,0.08129235357046127,0.16313083469867706,0.15969187021255493,0.11985024064779282,0.11563922464847565,0.33668163418769836,0.5807549953460693,0.04004162549972534,0.34997203946113586,0.194033682346344,0.1775808036327362,0.09999638795852661,0.11128579080104828,0.28196409344673157,0.5084297060966492,0.03390495851635933,0.2730579376220703,0.18527479469776154,0.16816465556621552,0.08535866439342499,0.12435291707515717,0.1767801195383072,0.27296602725982666,0.0452309250831604,0.19483673572540283,0.3409557342529297,0.3220711350440979,0.07922518253326416
39,0.0586301159599553,0.0418423885560554,1.6783233673676201,0.0004494138474515437,3.4903685009997822,0.03393444146050347,0.3150086164474487,0.46500861644744873,1,3225,0.42870354652404785,0.3729538321495056,0.04354502260684967,0,0.001,4.429905414581299,0.21695376932621002,0.0877380520105362,0.13317690789699554,0.42870354652404785,0.07830515503883362,0.16266262531280518,0.1594054102897644,0.12719355523586273,0.13043580949306488,0.3293808400630951,0.5763443112373352,0.04761243239045143,0.3357066512107849,0.2036384791135788,0.18095141649246216,0.09328636527061462,0.1236819475889206,0.28209054470062256,0.507095456123352,0.04030466452240944,0.2618565261363983,0.19452936947345734,0.16742533445358276,0.08181899040937424,0.1287977397441864,0.17578686773777008,0.2723810076713562,0.04868699982762337,0.192938432097435,0.3478911817073822,0.3229335844516754,0.07661586999893188
40,0.05590419455066971,0.039346376029045685,1.6555028065391209,0.0002790959267219043,3.5043668332307236,0.03424438080964265,0.32068840265274046,0.4706884026527405,1,3225,0.4391932785511017,0.4276781678199768,0.046778153628110886,0,0.001,4.387178897857666,0.2266901582479477,0.08872129768133163,0.1334879845380783,0.4391932785511017,0.07408729195594788,0.1618822067975998,0.1673513948917389,0.12982316315174103,0.11465189605951309,0.3445117771625519,0.5816002488136292,0.039883531630039215,0.2999695837497711,0.16900970041751862,0.155329167842865,0.09260911494493484,0.11418680846691132,0.29201260209083557,0.5100511312484741,0.03406864404678345,0.2460544854402542,0.17399747669696808,0.1498984843492508,0.0811234563589096,0.12748557329177856,0.18959207832813263,0.27403396368026733,0.042904533445835114,0.1765901744365692,0.35190898180007935,0.3252260386943817,0.0735287219285965
41,0.05657818038826403,0.04021614336449167,1.6357801997143289,0.00042357384075370174,3.518021293308424,0.03329447089301215,0.31795204281806944,0.46795204281806946,1,3225,0.43252596259117126,0.3809819221496582,0.05195553973317146,0,0.001,4.360749959945679,0.22887159883975983,0.08827714622020721,0.1329902857542038,0.43252596259117126,0.074375219643116,0.1640893518924713,0.17024698853492737,0.15062269568443298,0.08977760374546051,0.3259183168411255,0.5802125930786133,0.04225345700979233,0.2867733836174011,0.17672482132911682,0.12896643579006195,0.09056825935840607,0.09767408668994904,0.2758197784423828,0.5059685707092285,0.0363384485244751,0.22965264320373535,0.1816009134054184,0.12757916748523712,0.07963445782661438,0.12062222510576248,0.17948134243488312,0.2725954055786133,0.04524076730012894,0.1690518707036972,0.3531010150909424,0.329071581363678,0.07420673966407776
42,0.05347148523382519,0.03731136364133462,1.6156989543334297,0.0003133047892175534,3.5449993817702583,0.031574119850441264,0.3140550315380096,0.46405503153800964,1,3225,0.4192129075527191,0.3723750114440918,0.0598432682454586,0,0.001,4.4040138721466064,0.21811452507972717,0.08698870986700058,0.13313516974449158,0.4192129075527191,0.0779433324933052,0.16022281348705292,0.16647149622440338,0.1518600434064865,0.10375966131687164,0.3321986198425293,0.5836954712867737,0.04441508650779724,0.3234383463859558,0.196101114153862,0.17009945213794708,0.0847892239689827,0.10210707038640976,0.2755909860134125,0.5079099535942078,0.037367697805166245,0.26261961460113525,0.18775075674057007,0.1597575545310974,0.07558326423168182,0.12026440352201462,0.17994026839733124,0.27456894516944885,0.04620683565735817,0.1845223307609558,0.34540191292762756,0.3208729922771454,0.07182632386684418
43,0.055371096276718636,0.03943722938065943,1.5930183089297751,0.0003684326030729015,3.545986507249915,0.038286749945746525,0.3235193848609924,0.47351938486099243,1,3225,0.44757145643234253,0.3798004686832428,0.061755429953336716,0,0.001,4.411271333694458,0.2209431678056717,0.08715655654668808,0.1327163130044937,0.44757145643234253,0.07816366106271744,0.16211658716201782,0.16892041265964508,0.14993628859519958,0.1077389270067215,0.3225746750831604,0.5879225134849548,0.05172489956021309,0.33677613735198975,0.20283085107803345,0.14663054049015045,0.08348994702100754,0.10763350874185562,0.2709276080131531,0.5096667408943176,0.04327285662293434,0.26664498448371887,0.1941896378993988,0.1434292048215866,0.07312756776809692,0.12148885428905487,0.17421582341194153,0.2752438187599182,0.04841998592019081,0.18461351096630096,0.34891679883003235,0.3210523724555969,0.070367731153965
44,0.058148358665082764,0.042383029571046,1.576042662496152,0.0004903274099848678,3.559991960940154,0.03185574340820312,0.3279779016971588,0.4779779016971588,1,3225,0.475080281496048,0.34704726934432983,0.05138456076383591,0,0.001,4.38327693939209,0.21847523748874664,0.08457713574171066,0.1332835704088211,0.475080281496048,0.07745766639709473,0.16409271955490112,0.16987581551074982,0.1459742933511734,0.11534908413887024,0.30887383222579956,0.5764479041099548,0.04571101814508438,0.3158966302871704,0.1866426318883896,0.1424831748008728,0.07491052150726318,0.11632797867059708,0.2514069080352783,0.5088722109794617,0.038000743836164474,0.2534305155277252,0.182874858379364,0.13739360868930817,0.06773494184017181,0.12878772616386414,0.1679469496011734,0.2734527587890625,0.04335244745016098,0.17989861965179443,0.3515111207962036,0.3144754469394684,0.06588564813137054
45,0.056515736748342926,0.04089980264720709,1.561122329338737,0.0004710491187364349,3.5826760478641675,0.037427209359628184,0.3116252779960632,0.46162527799606323,1,3225,0.40180543065071106,0.3745817542076111,0.06987763196229935,0,0.001,4.382793188095093,0.22669315338134766,0.08239077031612396,0.1326655000448227,0.40180543065071106,0.07996805012226105,0.16404691338539124,0.1700219213962555,0.14952439069747925,0.10639830678701401,0.3000195026397705,0.5826582908630371,0.04686802998185158,0.3391207456588745,0.19639183580875397,0.14844238758087158,0.06528657674789429,0.10553362220525742,0.24733105301856995,0.5121672749519348,0.040235765278339386,0.2677193582057953,0.18698424100875854,0.14000652730464935,0.05806460231542587,0.11969172209501266,0.16910088062286377,0.27372074127197266,0.045674342662096024,0.18449784815311432,0.3498702645301819,0.31359413266181946,0.0612059161067009
46,0.05511702564747437,0.039636174297851066,1.5473337691763174,0.0007514116460578921,3.602389719175256,0.029734793203848378,0.3145593166351318,0.46455931663513184,1,3225,0.42322883009910583,0.38787925243377686,0.05853362753987312,0,0.001,4.36902642250061,0.21882817149162292,0.08811599761247635,0.13374467194080353,0.42322883009910583,0.08186523616313934,0.16148681938648224,0.17058883607387543,0.16745907068252563,0.10755156725645065,0.3408995270729065,0.5839524269104004,0.04636866971850395,0.3355865776538849,0.21368204057216644,0.15690775215625763,0.07372131943702698,0.10782886296510696,0.28212544322013855,0.5073733329772949,0.03945069760084152,0.27160704135894775,0.19903765618801117,0.15191097557544708,0.06571745872497559,0.12236402928829193,0.176266610622406,0.2749970257282257,0.046476658433675766,0.18816635012626648,0.3436826467514038,0.31740960478782654,0.06374375522136688
47,0.051614466082790626,0.03630108046142951,1.5307092718456103,0.0006293450759308737,3.606054938357809,0.03176126663773148,0.32843354940414426,0.4784335494041443,1,3225,0.4684891700744629,0.36163654923439026,0.06094001233577728,0,0.001,4.492221117019653,0.2171584814786911,0.08611975610256195,0.13308565318584442,0.4684891700744629,0.07923446595668793,0.1646050065755844,0.17444804310798645,0.1594378501176834,0.10236144810914993,0.31643354892730713,0.5825245380401611,0.03657647594809532,0.3222774863243103,0.1904284954071045,0.11993405967950821,0.06461738795042038,0.10103769600391388,0.26666736602783203,0.5087701678276062,0.03200017288327217,0.2582768499851227,0.18725165724754333,0.12095198780298233,0.0600617378950119,0.11840447038412094,0.17119117081165314,0.27430230379104614,0.03919149935245514,0.17921888828277588,0.3539502024650574,0.32322922348976135,0.05904941260814667
48,0.0496682814605858,0.034543094508673836,1.5117377094600513,0.0007809977712737316,3.6148583681687065,0.029699013038917824,0.3254984378814697,0.4754984378814697,1,3225,0.4560852646827698,0.3886123597621918,0.06131770834326744,0,0.001,4.360766649246216,0.21718953549861908,0.08670426905155182,0.13319511711597443,0.4560852646827698,0.07619065046310425,0.16391082108020782,0.17401379346847534,0.17521309852600098,0.10776249319314957,0.33300918340682983,0.5848138332366943,0.04276915267109871,0.3148781359195709,0.18715213239192963,0.14030596613883972,0.07922268658876419,0.10333995521068573,0.27811628580093384,0.5085464119911194,0.03588377684354782,0.25416168570518494,0.18655231595039368,0.1362212896347046,0.07156863063573837,0.11820650100708008,0.17863737046718597,0.2754639685153961,0.04096824675798416,0.1758999526500702,0.35254842042922974,0.3193455636501312,0.06337910145521164
49,0.049343370872995125,0.03441194558273191,1.4928572177886963,0.00028533355014034265,3.6252438814743706,0.028875665170175056,0.31392533183097837,0.4639253318309784,1,3225,0.41753947734832764,0.40063878893852234,0.05636924132704735,0,0.001,4.386046886444092,0.21796709299087524,0.09031831473112106,0.13366642594337463,0.41753947734832764,0.08151539415121078,0.15981948375701904,0.16684424877166748,0.15650396049022675,0.12217781692743301,0.35618340969085693,0.5857207775115967,0.05312813073396683,0.3387008309364319,0.1950230896472931,0.1807580441236496,0.06790479272603989,0.11637195199728012,0.28269436955451965,0.5102284550666809,0.043762240558862686,0.2652515172958374,0.18425017595291138,0.16460157930850983,0.06073298677802086,0.12493811547756195,0.18911005556583405,0.27591627836227417,0.04622828587889671,0.19406729936599731,0.3422125577926636,0.30999499559402466,0.06042197346687317
50,0.05173512726374294,0.03696405855209931,1.4765028124270232,0.0006040934873137461,3.6365434501482095,0.03479270991572627,0.30690634846687315,0.45690634846687317,1,3225,0.37790483236312866,0.3730946183204651,0.04926389083266258,0,0.0001,4.353255033493042,0.22141698002815247,0.08892232179641724,0.1334499716758728,0.37790483236312866,0.08035895228385925,0.163439080119133,0.17704063653945923,0.18961000442504883,0.10251381248235703,0.32839909195899963,0.587427020072937,0.04757830873131752,0.31109318137168884,0.17407993972301483,0.13938546180725098,0.08411546796560287,0.10495037585496902,0.2703636884689331,0.51072096824646,0.04079047590494156,0.24581851065158844,0.17654360830783844,0.13721321523189545,0.07293727248907089,0.11812116205692291,0.1798030287027359,0.2756420075893402,0.050318244844675064,0.18265388906002045,0.35157260298728943,0.32102811336517334,0.06833242624998093
51,0.04726967312719511,0.0325774181958126,1.4689400507056194,0.0002854810413934857,3.6611163823500923,0.028562747531467012,0.3191294729709625,0.4691294729709625,1,3225,0.4340813457965851,0.3582669496536255,0.06226932257413864,0,0.0001,4.360520124435425,0.2029983550310135,0.08654580265283585,0.13371632993221283,0.4340813457965851,0.08172938227653503,0.1612379550933838,0.1748119294643402,0.17901118099689484,0.11998426169157028,0.3238808214664459,0.582309365272522,0.04580611363053322,0.3191702961921692,0.17650015652179718,0.15050457417964935,0.0720612183213234,0.1140856072306633,0.2676912546157837,0.5112952589988708,0.039173729717731476,0.25986358523368835,0.17492857575416565,0.14403779804706573,0.06499454379081726,0.12071829289197922,0.1764621138572693,0.27486464381217957,0.04643058776855469,0.18041537702083588,0.34883198142051697,0.3180736303329468,0.06184873729944229
52,0.04390071283863938,0.02928904897492865,1.4610107463339101,0.0001556729735254877,3.656607741894929,0.028847232112178097,0.321089094877243,0.47108909487724304,1,3225,0.44443631172180176,0.3672410845756531,0.06259403377771378,0,0.0001,4.403066158294678,0.21726948022842407,0.08630187064409256,0.13305513560771942,0.44443631172180176,0.07883300632238388,0.16231504082679749,0.1748439073562622,0.16536541283130646,0.10616673529148102,0.3192792534828186,0.5853204727172852,0.043132293969392776,0.33205342292785645,0.19521677494049072,0.15868717432022095,0.06264793872833252,0.1034436747431755,0.26814407110214233,0.5095996856689453,0.036852121353149414,0.2598159909248352,0.18818917870521545,0.15023905038833618,0.0551508292555809,0.11735860258340836,0.17472466826438904,0.2751578688621521,0.0433596596121788,0.18441779911518097,0.34499990940093994,0.31810322403907776,0.056824248284101486
53,0.04339560817765153,0.02884312233199244,1.4551445764044058,0.00010405164484045994,3.654384519742883,0.02691941522668909,0.3223354578018188,0.47233545780181885,1,3225,0.4539200961589813,0.3611450791358948,0.06418855488300323,0,0.0001,4.383356332778931,0.21581867337226868,0.08597288280725479,0.13319940865039825,0.4539200961589813,0.08069711178541183,0.16014139354228973,0.17483311891555786,0.16984400153160095,0.10843274742364883,0.31559374928474426,0.5823599100112915,0.04288226738572121,0.3272436559200287,0.19396063685417175,0.16174669563770294,0.06085939705371857,0.10393593460321426,0.2663632333278656,0.5105432271957397,0.0363091379404068,0.2614404261112213,0.18427754938602448,0.1505500078201294,0.054654430598020554,0.11655420064926147,0.17441324889659882,0.27450045943260193,0.042836084961891174,0.18342624604701996,0.34251853823661804,0.3144414722919464,0.055779024958610535
54,0.043107229406419006,0.028598671131159947,1.450736579687699,0.00011927649788760945,3.6530867348546567,0.028187094229239006,0.32477820515632627,0.4747782051563263,1,3225,0.4624391198158264,0.3698565661907196,0.06461305171251297,0,0.0001,4.380898475646973,0.20880961418151855,0.0873568058013916,0.13269038498401642,0.4624391198158264,0.07846260815858841,0.16214479506015778,0.1765814870595932,0.1732630729675293,0.11935870349407196,0.32465702295303345,0.5819295048713684,0.04157666862010956,0.3314216136932373,0.19017235934734344,0.16260479390621185,0.058487795293331146,0.11181441694498062,0.267465740442276,0.5103623867034912,0.03538457304239273,0.25927162170410156,0.18334949016571045,0.15017171204090118,0.05336672067642212,0.11943911761045456,0.17650090157985687,0.27431732416152954,0.042017802596092224,0.186146080493927,0.34438177943229675,0.3168888986110687,0.05437677726149559
55,0.043659928538229156,0.02918329389522905,1.4475102424621582,0.0001532655084662585,3.650873920191889,0.028594257496021413,0.32318315505981443,0.47318315505981445,1,3225,0.4538077116012573,0.3710938096046448,0.0657510757446289,0,0.0001,4.329950571060181,0.2207634001970291,0.08865918219089508,0.1329868733882904,0.4538077116012573,0.08160370588302612,0.16207681596279144,0.17659172415733337,0.1646619737148285,0.10864119976758957,0.3272020220756531,0.5842003226280212,0.04250870645046234,0.3218924403190613,0.17638960480690002,0.16287997364997864,0.05864788219332695,0.10465262830257416,0.2696298360824585,0.5114440321922302,0.036011021584272385,0.2583865821361542,0.17448414862155914,0.14913788437843323,0.052216365933418274,0.11792467534542084,0.1775503158569336,0.27537786960601807,0.042943861335515976,0.18472129106521606,0.34328049421310425,0.3189687728881836,0.05499282479286194
56,0.043050706062627876,0.028607569068022396,1.4441237967947256,0.00018988266927645662,3.652162520781807,0.028341881646050348,0.32328066825866697,0.473280668258667,1,3225,0.45046406984329224,0.36928704380989075,0.06511636823415756,0,0.0001,4.299247741699219,0.2190786749124527,0.08550219982862473,0.1332922875881195,0.45046406984329224,0.07931192964315414,0.1603676676750183,0.17503148317337036,0.16941002011299133,0.10615910589694977,0.3049457371234894,0.5850580930709839,0.04101429507136345,0.3284948170185089,0.1848345398902893,0.1545199602842331,0.056696828454732895,0.10181698203086853,0.26127123832702637,0.5105395913124084,0.03473048284649849,0.26197758316993713,0.18083475530147552,0.1456844061613083,0.05126472935080528,0.11572254449129105,0.17030233144760132,0.27555572986602783,0.04200367256999016,0.18364177644252777,0.347060889005661,0.3167448341846466,0.05406208336353302
57,0.04240071109455565,0.02799224813023339,1.4407298616741016,0.00011643479070778045,3.653576031975124,0.02811655878137659,0.3218157947063446,0.4718157947063446,1,3225,0.44328728318214417,0.3640874922275543,0.06090661510825157,0,0.0001,4.3385748863220215,0.220703125,0.08593578636646271,0.13374017179012299,0.44328728318214417,0.08007544279098511,0.16163332760334015,0.17424942553043365,0.1616947501897812,0.10223979502916336,0.3092639148235321,0.5860223174095154,0.04037392884492874,0.3247356414794922,0.19472503662109375,0.15370003879070282,0.055704616010189056,0.09890536218881607,0.2660906910896301,0.5090879201889038,0.03423381969332695,0.25983792543411255,0.18850275874137878,0.1463175117969513,0.04968753084540367,0.11585039645433426,0.1708042472600937,0.2758466601371765,0.04183492064476013,0.18279649317264557,0.3488655984401703,0.3166523277759552,0.05359271541237831
58,0.042683880776166916,0.02830605022609234,1.4376806746358457,0.00010241634015034398,3.654875962630562,0.027036139876754194,0.3224326431751251,0.4724326431751251,1,3225,0.4572764039039612,0.3735235631465912,0.06770528852939606,0,0.0001,4.338461637496948,0.21307238936424255,0.0873696357011795,0.13277174532413483,0.4572764039039612,0.0813731700181961,0.16188369691371918,0.17669738829135895,0.1629400998353958,0.1136418879032135,0.32049575448036194,0.5813952684402466,0.039761800318956375,0.3299717903137207,0.17089760303497314,0.16887345910072327,0.05564749985933304,0.10672780126333237,0.26995670795440674,0.5108112096786499,0.03387171030044556,0.2646764814853668,0.16819410026073456,0.15283331274986267,0.04981344938278198,0.11668603122234344,0.17383839190006256,0.27448391914367676,0.04171343520283699,0.1854725331068039,0.34024760127067566,0.3144194185733795,0.053497008979320526
59,0.04228001266070034,0.027927214927647426,1.4351741645647131,0.00010562770298945352,3.6569196763245957,0.027214890939218028,0.32321942448616026,0.4732194244861603,1,3225,0.4573843777179718,0.35941314697265625,0.06413622200489044,0,0.0001,4.323970317840576,0.21628212928771973,0.08621572703123093,0.1334722489118576,0.4573843777179718,0.0780530720949173,0.16123247146606445,0.17531511187553406,0.16504676640033722,0.11664500832557678,0.31342291831970215,0.5835387706756592,0.03892077878117561,0.3240043818950653,0.19354423880577087,0.163053497672081,0.0539524108171463,0.10954735428094864,0.2694600224494934,0.5100398063659668,0.03320659324526787,0.25679251551628113,0.18449732661247253,0.1506274789571762,0.048829760402441025,0.11951068788766861,0.17192213237285614,0.2752877175807953,0.041745319962501526,0.18256473541259766,0.3419148027896881,0.31415095925331116,0.052766140550374985
60,0.04258246055763701,0.028258049131735512,1.432334998379583,0.00010621427392597188,3.657309646191804,0.02711866308141638,0.3254381775856018,0.4754381775856018,1,3225,0.4609622061252594,0.3528648614883423,0.05984433740377426,0,0.0001,4.351604461669922,0.21328690648078918,0.08397743105888367,0.13397975265979767,0.4609622061252594,0.07908216118812561,0.16196279227733612,0.17484456300735474,0.16815990209579468,0.1066100150346756,0.3059428334236145,0.5839124917984009,0.038393907248973846,0.31534287333488464,0.1845967173576355,0.1508091241121292,0.0611514076590538,0.101302370429039,0.2554442882537842,0.5094997882843018,0.032774075865745544,0.2572036683559418,0.18092121183872223,0.14442338049411774,0.05549255758523941,0.11692537367343903,0.16956017911434174,0.27582359313964844,0.04170125722885132,0.18087758123874664,0.3473781943321228,0.3165481984615326,0.055853910744190216
61,0.04246468096971512,0.0281660874252734,1.4297640945600427,9.530048302384903e-05,3.657767223275226,0.02811036343044705,0.32420275211334226,0.4742027521133423,1,3225,0.4570990204811096,0.367542564868927,0.061876051127910614,0,0.0001,4.331669569015503,0.2099623680114746,0.08597123622894287,0.13344275951385498,0.4570990204811096,0.07746337354183197,0.16186463832855225,0.1756214201450348,0.16944393515586853,0.11823030561208725,0.3031264543533325,0.5851421356201172,0.04162796586751938,0.3287121653556824,0.1963510364294052,0.15429989993572235,0.055764585733413696,0.11032168567180634,0.26257529854774475,0.5106271505355835,0.03508041426539421,0.2606428563594818,0.1871260702610016,0.14558757841587067,0.049997564405202866,0.11917075514793396,0.16680172085762024,0.27569884061813354,0.042141035199165344,0.1809389293193817,0.34394270181655884,0.31450513005256653,0.052913598716259
62,0.04208429821807405,0.027813594545359196,1.426967460176219,0.00010291695925052804,3.659989771635636,0.027437993932653358,0.3259925007820129,0.47599250078201294,1,3225,0.46777859330177307,0.36568596959114075,0.06610860675573349,0,0.0001,4.294113874435425,0.21529287099838257,0.08675409108400345,0.13334405422210693,0.46777859330177307,0.07894538342952728,0.1605445146560669,0.17773175239562988,0.1683047115802765,0.11766722053289413,0.32108190655708313,0.582446813583374,0.04016425088047981,0.328106552362442,0.18088772892951965,0.16285991668701172,0.055473677814006805,0.10956626385450363,0.2688145041465759,0.5113467574119568,0.03417795151472092,0.25971171259880066,0.17527908086776733,0.148641899228096,0.050169333815574646,0.11919533461332321,0.17594026029109955,0.27496689558029175,0.04168456047773361,0.18235598504543304,0.34239792823791504,0.31508713960647583,0.05294905602931976
63,0.04208811210549396,0.027841181129865025,1.4245826576067053,0.00011046445117402902,3.6582482068435005,0.028044800652398002,0.3234651446342468,0.4734651446342468,1,3225,0.4492107927799225,0.36251771450042725,0.06096365302801132,0,0.0001,4.280660152435303,0.22108690440654755,0.08615420758724213,0.13373292982578278,0.4492107927799225,0.07934511452913284,0.16073580086231232,0.17531226575374603,0.16106709837913513,0.1028020828962326,0.30953162908554077,0.5869495272636414,0.04058758169412613,0.32262110710144043,0.1937531977891922,0.15224681794643402,0.05498242750763893,0.0984715074300766,0.2694160044193268,0.5101707577705383,0.034543197602033615,0.2588825821876526,0.1867484748363495,0.1450853794813156,0.04888102784752846,0.11533218622207642,0.17180857062339783,0.27638015151023865,0.04207182303071022,0.18038856983184814,0.34752944111824036,0.31680798530578613,0.052669838070869446
64,0.042105616110822426,0.027889723201160847,1.421488036280093,0.0001013944208313225,3.6592496892680293,0.027021462899667247,0.32574517130851743,0.47574517130851746,1,3225,0.46233683824539185,0.3604620099067688,0.06350493431091309,0,0.0001,4.369250774383545,0.20493824779987335,0.08465089648962021,0.1335754543542862,0.46233683824539185,0.07940022647380829,0.16228288412094116,0.17515134811401367,0.16614334285259247,0.1188751831650734,0.3142499327659607,0.5870445370674133,0.03919687494635582,0.32269686460494995,0.19087879359722137,0.16785813868045807,0.06210701912641525,0.10968705266714096,0.26638948917388916,0.5101611018180847,0.033310480415821075,0.2605651319026947,0.18268100917339325,0.1565014272928238,0.05768517032265663,0.11932981759309769,0.17266419529914856,0.2762930691242218,0.041386768221855164,0.18049682676792145,0.3434382677078247,0.3133324384689331,0.056426674127578735
65,0.041775978453781296,0.027585601272142452,1.4189225227936455,0.00011521748820086941,3.659152704736461,0.026892781010380496,0.32467842698097227,0.4746784269809723,1,3225,0.4612189531326294,0.3655056655406952,0.06503166258335114,0,0.0001,4.298167943954468,0.2116260975599289,0.08776863664388657,0.13287289440631866,0.4612189531326294,0.07932397723197937,0.1612357646226883,0.17720504105091095,0.16567587852478027,0.11234977841377258,0.3176484704017639,0.5849170684814453,0.03665696829557419,0.3178543150424957,0.19049614667892456,0.16588066518306732,0.050737474113702774,0.1057640090584755,0.26808762550354004,0.5105739235877991,0.031520310789346695,0.2524608075618744,0.18180494010448456,0.15125413239002228,0.04600641503930092,0.11750083416700363,0.17212209105491638,0.27554214000701904,0.04003840312361717,0.18099910020828247,0.3420036733150482,0.3151851296424866,0.0507359653711319
66,0.041607398377812424,0.02744004016985064,1.4165780336960503,0.00015781078938111338,3.6601127230602764,0.02635696495903863,0.3240561246871948,0.4740561246871948,1,3225,0.4555853605270386,0.3623085618019104,0.062424227595329285,0,0.0001,4.306653022766113,0.2256501019001007,0.08711832761764526,0.1333179622888565,0.4555853605270386,0.07850858569145203,0.16181690990924835,0.17816226184368134,0.16184034943580627,0.0956716239452362,0.315208375453949,0.5863960981369019,0.0386960431933403,0.31686368584632874,0.1888725608587265,0.1557239592075348,0.05170516297221184,0.09311822801828384,0.27109214663505554,0.5099754333496094,0.033112164586782455,0.252964586019516,0.18237976729869843,0.14656701683998108,0.04669153690338135,0.11296172440052032,0.17136946320533752,0.27616241574287415,0.041419077664613724,0.18019044399261475,0.3442675471305847,0.31508228182792664,0.05137234926223755
67,0.04159591994855715,0.02745773003477117,1.4136884730795156,0.00013057340623598302,3.6614044541897983,0.029911983913845485,0.3256019115447998,0.4756019115447998,1,3225,0.45741093158721924,0.368622362613678,0.05936969816684723,0,0.0001,4.3249828815460205,0.21777701377868652,0.085709348320961,0.13349549472332,0.45741093158721924,0.07909485697746277,0.16254200041294098,0.1757427304983139,0.1712338626384735,0.09837542474269867,0.29731255769729614,0.5869980454444885,0.03691273555159569,0.3230849504470825,0.19687706232070923,0.14261625707149506,0.05284896492958069,0.09454449266195297,0.2632063925266266,0.5079442262649536,0.03178934007883072,0.2577369511127472,0.19137780368328094,0.1371840089559555,0.04783560708165169,0.11388176679611206,0.16825005412101746,0.2762405574321747,0.040946196764707565,0.18045949935913086,0.35005444288253784,0.3178342282772064,0.05217832326889038
68,0.04178875862904217,0.027678043136130207,1.410960871240367,0.00011077002715825549,3.6608982915463657,0.02834271890145761,0.326145327091217,0.47614532709121704,1,3225,0.4634827971458435,0.3598706126213074,0.06487622857093811,0,0.0001,4.383126735687256,0.2057744413614273,0.08605070412158966,0.1341569721698761,0.4634827971458435,0.08019166439771652,0.15927161276340485,0.17549194395542145,0.16732849180698395,0.11192979663610458,0.3045312166213989,0.584608793258667,0.03780771419405937,0.3197035789489746,0.18305155634880066,0.15741173923015594,0.05216754600405693,0.10593676567077637,0.262250691652298,0.5115045309066772,0.03227498382329941,0.2578137516975403,0.17725786566734314,0.14741943776607513,0.046934958547353745,0.11723645031452179,0.16936369240283966,0.27632057666778564,0.041096191853284836,0.17794378101825714,0.34498506784439087,0.3136769235134125,0.051830507814884186
69,0.041714050685581955,0.027626744835920956,1.408614526624265,0.00011606850603129715,3.66333474283633,0.02666896876582393,0.31957865357398985,0.46957865357398987,1,3225,0.44428551197052,0.3519245684146881,0.06257946789264679,0,0.0001,4.361188173294067,0.20871920883655548,0.08453342318534851,0.1338767111301422,0.44428551197052,0.08028262108564377,0.15987829864025116,0.17657190561294556,0.16462473571300507,0.11059748381376266,0.3099212050437927,0.5826057195663452,0.0384988896548748,0.3194620907306671,0.17830610275268555,0.15914733707904816,0.05701196938753128,0.10545546561479568,0.2603014409542084,0.5104532241821289,0.032805413007736206,0.2567712962627411,0.17232505977153778,0.14708830416202545,0.0522918701171875,0.11671510338783264,0.17206571996212006,0.27544647455215454,0.04188927635550499,0.17941762506961823,0.3409701883792877,0.30970993638038635,0.05504058673977852
70,0.04150412409849789,0.027438965423599533,1.40637571397035,0.00014022503139289177,3.665334774100262,0.027318251998336228,0.3256631851196289,0.4756631851196289,1,3225,0.46752259135246277,0.3700118958950043,0.0650629922747612,0,0.0001,4.302853584289551,0.21712103486061096,0.08591226488351822,0.13254162669181824,0.46752259135246277,0.07998248934745789,0.16196966171264648,0.17750267684459686,0.16527093946933746,0.09799450635910034,0.31008440256118774,0.5851338505744934,0.03684556484222412,0.32535526156425476,0.1894589364528656,0.1648073047399521,0.04992176219820976,0.09464903175830841,0.2658410668373108,0.5097180008888245,0.031902555376291275,0.25500762462615967,0.18009626865386963,0.1507786065340042,0.044549088925123215,0.11163677275180817,0.1735890805721283,0.2752389907836914,0.04082944989204407,0.18020124733448029,0.3402783274650574,0.3153381943702698,0.0502178817987442
71,0.04114520355411198,0.027111794637597126,1.403230879617774,0.0001100539416454368,3.6663379876509956,0.027044274789315682,0.3259581685066223,0.4759581685066223,1,3225,0.46550869941711426,0.37121379375457764,0.06452896445989609,0,0.0001,4.291014909744263,0.22191542387008667,0.08464741706848145,0.13404850661754608,0.46550869941711426,0.07819027453660965,0.16044729948043823,0.17538686096668243,0.16763825714588165,0.0983811542391777,0.3096276819705963,0.5842702388763428,0.03608294948935509,0.33040371537208557,0.18678513169288635,0.15248669683933258,0.05024566128849983,0.09440214931964874,0.26718637347221375,0.5111870765686035,0.031179003417491913,0.2572154998779297,0.18038180470466614,0.14323954284191132,0.04601777717471123,0.11291664093732834,0.1688079535961151,0.27587562799453735,0.040903929620981216,0.18365967273712158,0.3428667187690735,0.313583642244339,0.050211332738399506
72,0.04107306638489599,0.027065066782676655,1.4006473655286042,0.00015264872205949834,3.6681836688000224,0.026548955281575522,0.323471462726593,0.473471462726593,1,3225,0.45624640583992004,0.37944573163986206,0.06349373608827591,0,0.0001,4.317418813705444,0.21222154796123505,0.08700305223464966,0.1331566572189331,0.45624640583992004,0.08155082911252975,0.1605781763792038,0.17476511001586914,0.16993993520736694,0.11466339230537415,0.31683817505836487,0.5852015614509583,0.03692691773176193,0.327200710773468,0.17926491796970367,0.17799724638462067,0.05169258266687393,0.10700736194849014,0.269396036863327,0.5101615190505981,0.03188742324709892,0.25946876406669617,0.17421360313892365,0.15938745439052582,0.047101669013500214,0.11846062541007996,0.17254363000392914,0.27582603693008423,0.04084804281592369,0.18414106965065002,0.34227633476257324,0.31399354338645935,0.05102356895804405
73,0.040914800342010414,0.02693535768143509,1.3977966256763623,0.00014766657208699894,3.668817955514659,0.02698588957609954,0.3201772332191467,0.47017723321914673,1,3225,0.45107176899909973,0.3726200461387634,0.06236127018928528,0,0.0001,4.323746204376221,0.21433834731578827,0.0872848704457283,0.13304078578948975,0.45107176899909973,0.0788300558924675,0.16149546205997467,0.17544174194335938,0.16716328263282776,0.10932982712984085,0.30962127447128296,0.5837820172309875,0.03698492422699928,0.32749834656715393,0.19847983121871948,0.17594832181930542,0.050941597670316696,0.10294163227081299,0.2675682008266449,0.5095493793487549,0.031875528395175934,0.2574969232082367,0.18603576719760895,0.15773122012615204,0.04595070332288742,0.11659463495016098,0.16977743804454803,0.27512261271476746,0.040718112140893936,0.18321587145328522,0.3363057076931,0.3098028302192688,0.05075184255838394
74,0.04170714237767717,0.027753396283673203,1.3952238715213279,0.00015067689325761697,3.668869433195695,0.02841328741002966,0.3253201603889465,0.47532016038894653,1,3225,0.45785295963287354,0.3636401295661926,0.06078463792800903,0,0.0001,4.304513454437256,0.21513330936431885,0.08566901087760925,0.13409464061260223,0.45785295963287354,0.07953614741563797,0.15978358685970306,0.17255575954914093,0.16887156665325165,0.09893599897623062,0.31077635288238525,0.5864169001579285,0.03763100504875183,0.32120463252067566,0.1903868168592453,0.15958786010742188,0.05069279298186302,0.0951940268278122,0.264692097902298,0.5098108053207397,0.03231077268719673,0.25661465525627136,0.184904545545578,0.15065807104110718,0.04623693227767944,0.11319201439619064,0.172209694981575,0.2763713598251343,0.041685834527015686,0.18160422146320343,0.3471999764442444,0.31310132145881653,0.0504891537129879
75,0.04137234211615894,0.027439752593636513,1.3930845934411753,0.0001743762958263371,3.6692515041517173,0.02727956305609809,0.3225786447525024,0.47257864475250244,1,3225,0.4520091712474823,0.36495456099510193,0.06508555263280869,0,0.0001,4.332020282745361,0.2181999832391739,0.08770802617073059,0.13375155627727509,0.4520091712474823,0.08012548089027405,0.15999306738376617,0.17672578990459442,0.16595503687858582,0.10329670459032059,0.31110915541648865,0.5846861600875854,0.035472460091114044,0.3225890100002289,0.17761574685573578,0.1684122085571289,0.0504746213555336,0.09850097447633743,0.27298781275749207,0.5113041400909424,0.030508652329444885,0.2568446397781372,0.1734163910150528,0.15385115146636963,0.04616944491863251,0.11546093225479126,0.1701669991016388,0.2763224244117737,0.041194114834070206,0.18252260982990265,0.34231510758399963,0.31330227851867676,0.051372457295656204
76,0.04098774298377659,0.027085468982872757,1.3900956848393315,0.0001317921357796244,3.671735245248546,0.027608275519476998,0.32046071290969846,0.4704607129096985,1,3225,0.4462428689002991,0.3660186231136322,0.061702899634838104,0,0.0001,4.293704271316528,0.21812938153743744,0.08642053604125977,0.13393153250217438,0.4462428689002991,0.08028203248977661,0.16106978058815002,0.17427010834217072,0.16469375789165497,0.09508887678384781,0.29818791151046753,0.5846181511878967,0.03356047347187996,0.3216268718242645,0.19084614515304565,0.15773457288742065,0.049408551305532455,0.09220157563686371,0.26349538564682007,0.5092759728431702,0.02918534353375435,0.2561248242855072,0.18260996043682098,0.14714261889457703,0.0448453463613987,0.11313148587942123,0.16829070448875427,0.2761650085449219,0.04038279503583908,0.18073275685310364,0.341705858707428,0.3093418478965759,0.05055735260248184
77,0.04161854898152144,0.02773200590973315,1.3884697115939597,0.0001846529690817039,3.6727959176768428,0.02743191867404514,0.3242605090141296,0.47426050901412964,1,3225,0.4550877809524536,0.36620354652404785,0.06353214383125305,0,0.0001,4.391655206680298,0.2303241640329361,0.08591362833976746,0.13432280719280243,0.4550877809524536,0.08002176880836487,0.159030020236969,0.17623627185821533,0.16315339505672455,0.08115509152412415,0.30239325761795044,0.583985447883606,0.03497445583343506,0.32260745763778687,0.1844864785671234,0.15054650604724884,0.04574589058756828,0.07975400984287262,0.26171043515205383,0.5112526416778564,0.030364587903022766,0.2581762969493866,0.18010669946670532,0.14236275851726532,0.04186287522315979,0.10572931170463562,0.16941484808921814,0.2764583230018616,0.04065311700105667,0.17785124480724335,0.34671610593795776,0.316177636384964,0.04752253741025925
78,0.04125237788843072,0.027394346973818283,1.3856398178183513,0.00016330649162662903,3.6716518298439356,0.028016789471661602,0.32377991676330564,0.47377991676330566,1,3225,0.4538578987121582,0.3619803786277771,0.05980376526713371,0,0.0001,4.309759140014648,0.22560106217861176,0.08729209005832672,0.13368664681911469,0.4538578987121582,0.07816451787948608,0.15984652936458588,0.1748712658882141,0.16601254045963287,0.08926020562648773,0.2987230122089386,0.5857892632484436,0.036913786083459854,0.3172670900821686,0.19317464530467987,0.15810678899288177,0.0468040332198143,0.08749416470527649,0.2649829089641571,0.5101327300071716,0.031713180243968964,0.2548361122608185,0.18651556968688965,0.1474079042673111,0.04297226667404175,0.1107204332947731,0.1676466464996338,0.2764820456504822,0.04052122309803963,0.17966005206108093,0.345339834690094,0.3135436475276947,0.04736611247062683
79,0.0406527216343776,0.02682737342041472,1.3824051774066428,0.0001296523228318066,3.6745498802350913,0.026700908519603588,0.3220138311386108,0.47201383113861084,1,3225,0.45041900873184204,0.36577552556991577,0.06554171442985535,0,0.0001,4.321448087692261,0.2142997533082962,0.08716022223234177,0.13317912817001343,0.45041900873184204,0.07998350262641907,0.15983018279075623,0.1763034164905548,0.169987291097641,0.10300568491220474,0.314938485622406,0.5861092805862427,0.03668783977627754,0.32427993416786194,0.18290282785892487,0.1677236258983612,0.049563463777303696,0.09811913222074509,0.27164238691329956,0.509835958480835,0.031808942556381226,0.25729331374168396,0.17560569941997528,0.15165644884109497,0.044797684997320175,0.11426203697919846,0.17305974662303925,0.2761656939983368,0.0421440452337265,0.1826326698064804,0.34169095754623413,0.30944904685020447,0.049969278275966644
80,0.040277068219755005,0.02647851893435354,1.379723590353261,0.00013135047218225816,3.676403501759405,0.027210276285807293,0.3223737835884094,0.4723737835884094,1,3225,0.45180046558380127,0.3755355775356293,0.06309212744235992,0,0.0001,4.387049198150635,0.21722015738487244,0.08704888820648193,0.13355275988578796,0.45180046558380127,0.07781755924224854,0.16041819751262665,0.17367641627788544,0.16907845437526703,0.09645251929759979,0.303725004196167,0.5858526229858398,0.0373925045132637,0.3317304849624634,0.18802201747894287,0.16998352110385895,0.04684796929359436,0.09309061616659164,0.2687356173992157,0.510062575340271,0.03210870176553726,0.25988155603408813,0.18115243315696716,0.15418599545955658,0.044189225882291794,0.11260325461626053,0.16826066374778748,0.27634942531585693,0.04104950651526451,0.18527820706367493,0.3417794406414032,0.30918729305267334,0.048288751393556595
81,0.04137440981424373,0.02759700511460719,1.377575210903002,0.00016533505233541212,3.6783024850098984,0.026274244520399306,0.32519263625144956,0.4751926362514496,1,3225,0.4629221558570862,0.3654128313064575,0.06379140913486481,0,0.0001,4.324172258377075,0.2121438980102539,0.08617246150970459,0.13338451087474823,0.4629221558570862,0.07928517460823059,0.16046854853630066,0.1751651018857956,0.1665305197238922,0.10619976371526718,0.3231814503669739,0.5873008370399475,0.036386799067258835,0.3249567449092865,0.19187793135643005,0.18173682689666748,0.054077476263046265,0.0999760851264,0.27368518710136414,0.509917140007019,0.03129464387893677,0.2581990361213684,0.18179483711719513,0.1637500822544098,0.04891081899404526,0.11590871214866638,0.1772138774394989,0.2764991223812103,0.04072185978293419,0.18214301764965057,0.3406304121017456,0.3086931109428406,0.052636366337537766
82,0.040685784071683884,0.02693577653363995,1.3748641791551008,0.0001366472298168051,3.6804648171300474,0.027319960135000723,0.3208927571773529,0.4708927571773529,1,3225,0.44093477725982666,0.3762972056865692,0.061704110354185104,0,0.0001,4.295584201812744,0.21937774121761322,0.0861230194568634,0.1333787739276886,0.44093477725982666,0.07873516529798508,0.1596856713294983,0.1740569919347763,0.15956395864486694,0.09705288708209991,0.31811007857322693,0.5893062353134155,0.03772452473640442,0.33180996775627136,0.19942352175712585,0.16695737838745117,0.04816045984625816,0.0934162363409996,0.27193543314933777,0.5088329911231995,0.0326371043920517,0.2600012421607971,0.1891774833202362,0.15302857756614685,0.04452085867524147,0.1130569651722908,0.1747361421585083,0.2771338224411011,0.041820187121629715,0.18533563613891602,0.34449711441993713,0.3109434247016907,0.049383874982595444
83,0.040014422458151115,0.02629561616998652,1.3717639964559805,0.00011669853974245083,3.6793430058852485,0.026220294811107495,0.31934175491333006,0.4693417549133301,1,3225,0.4467777609825134,0.379881352186203,0.06640894711017609,0,0.0001,4.3455750942230225,0.21560323238372803,0.08658260107040405,0.13328906893730164,0.4467777609825134,0.07955847680568695,0.16001251339912415,0.1738402098417282,0.15988929569721222,0.10420460999011993,0.3085176348686218,0.582949697971344,0.03495969623327255,0.33550888299942017,0.1895475536584854,0.17841681838035583,0.04493624344468117,0.09830369800329208,0.2678205966949463,0.5111803412437439,0.03032461553812027,0.26101475954055786,0.17980745434761047,0.1580173373222351,0.04130321741104126,0.11353716254234314,0.17152026295661926,0.2753355801105499,0.03981686010956764,0.18658922612667084,0.3364591896533966,0.3081376552581787,0.04725951328873634
84,0.04051960939946382,0.026822428745420082,1.3695344095644744,0.000183738683636361,3.67894114618716,0.026035880759910302,0.321089631319046,0.471089631319046,1,3225,0.4475310146808624,0.3785918951034546,0.0610722191631794,0,0.0001,4.37940239906311,0.2083713263273239,0.08529534190893173,0.13402436673641205,0.4475310146808624,0.08070532977581024,0.15859144926071167,0.1716489940881729,0.16437071561813354,0.10613024979829788,0.31466159224510193,0.5861995220184326,0.037299592047929764,0.33485686779022217,0.1935940533876419,0.1800977736711502,0.05078764632344246,0.09996619075536728,0.2656853199005127,0.5101498961448669,0.03218014910817146,0.265334814786911,0.1831660121679306,0.16256652772426605,0.04725933447480202,0.11593280732631683,0.17071299254894257,0.2765345275402069,0.04198620840907097,0.1845972239971161,0.3404780328273773,0.30683162808418274,0.051604971289634705
85,0.040211513962434685,0.026540555140894394,1.3669482521388843,0.00014767875109100714,3.6798665212548296,0.026786729318124276,0.3251739501953125,0.4751739501953125,1,3225,0.45994073152542114,0.3770730197429657,0.06287022680044174,0,0.0001,4.289037466049194,0.21989797055721283,0.08765371888875961,0.13364997506141663,0.45994073152542114,0.0789213553071022,0.15949344635009766,0.17511390149593353,0.16711032390594482,0.08880074322223663,0.3138069808483124,0.5858210325241089,0.03647635504603386,0.3288043439388275,0.19249798357486725,0.15896783769130707,0.04468837007880211,0.086240254342556,0.27161020040512085,0.5107499957084656,0.03159666806459427,0.2595605254173279,0.18450988829135895,0.14707432687282562,0.04135124385356903,0.10840187221765518,0.17056937515735626,0.27653250098228455,0.04123237356543541,0.18433412909507751,0.34418386220932007,0.3103814721107483,0.04618116840720177
86,0.03993021777790526,0.02628921612125376,1.3639769035836924,0.00012326277836742204,3.6822107460187827,0.026585434525101273,0.32410401701927183,0.47410401701927185,1,3225,0.4574781060218811,0.37671399116516113,0.06222371384501457,0,0.0001,4.360621452331543,0.2195151448249817,0.0874907523393631,0.1335570216178894,0.4574781060218811,0.07958521693944931,0.1603759378194809,0.17799730598926544,0.16373857855796814,0.09868388622999191,0.30666959285736084,0.5846328139305115,0.03430039808154106,0.3249087333679199,0.1846133917570114,0.15801513195037842,0.04617029428482056,0.09541665017604828,0.264106810092926,0.5100855231285095,0.029905227944254875,0.2558804750442505,0.17873920500278473,0.14577937126159668,0.04206615313887596,0.11386703699827194,0.16557399928569794,0.2763328552246094,0.0397941879928112,0.18306703865528107,0.3442195951938629,0.3128083348274231,0.047552015632390976
87,0.03997995364277259,0.026365715362455532,1.361272500908893,0.00015136428365898925,3.680914080661276,0.026630651968496816,0.32212591767311094,0.47212591767311096,1,3225,0.4544925391674042,0.3647114336490631,0.06115293502807617,0,0.0001,4.309580087661743,0.20548826456069946,0.08517946302890778,0.13383445143699646,0.4544925391674042,0.07998050004243851,0.15998941659927368,0.17271973192691803,0.17500199377536774,0.10266964882612228,0.30913397669792175,0.5856717228889465,0.0333595797419548,0.3296046555042267,0.19577716290950775,0.1750103384256363,0.04879644513130188,0.09717541933059692,0.26437845826148987,0.5094228386878967,0.028993671759963036,0.25809231400489807,0.18368330597877502,0.15823005139827728,0.04480299353599548,0.113639697432518,0.1719694286584854,0.27649375796318054,0.04039432108402252,0.18206897377967834,0.3389166593551636,0.30507826805114746,0.04933374747633934
88,0.040546956593575684,0.026953749682592308,1.359151384104853,0.00016934433812781683,3.683294731637706,0.026830750641999423,0.3266396880149841,0.47663968801498413,1,3225,0.4637448191642761,0.36630746722221375,0.06360609829425812,0,0.0001,4.318935871124268,0.21726413071155548,0.0868244618177414,0.1347285956144333,0.4637448191642761,0.08029445260763168,0.15906526148319244,0.17638656497001648,0.16892939805984497,0.10457658767700195,0.3205361068248749,0.5842004418373108,0.036151520907878876,0.32522115111351013,0.18199965357780457,0.16061832010746002,0.0478096529841423,0.10004160553216934,0.27317628264427185,0.5113092660903931,0.031280770897865295,0.2563418447971344,0.1762280911207199,0.14988401532173157,0.04339734464883804,0.11711487174034119,0.17247094213962555,0.2766449749469757,0.040605176240205765,0.18038874864578247,0.3473042845726013,0.31326064467430115,0.04726284369826317
89,0.04023352945628374,0.026668002909940224,1.3564249950906504,0.00012769692409125602,3.682826570842577,0.027034068354853877,0.3200193405151367,0.4700193405151367,1,3225,0.44855090975761414,0.38855668902397156,0.06386309117078781,0,0.0001,4.312496900558472,0.2074192464351654,0.08748853951692581,0.13250038027763367,0.44855090975761414,0.08077074587345123,0.15958340466022491,0.1711602658033371,0.16926904022693634,0.10942365974187851,0.3123311996459961,0.5886812210083008,0.03309546411037445,0.33858522772789,0.20926299691200256,0.18546196818351746,0.04458719119429588,0.10213999450206757,0.26992204785346985,0.5083796381950378,0.028767583891749382,0.2577325105667114,0.19139112532138824,0.16321700811386108,0.0409758985042572,0.11665277928113937,0.1743859052658081,0.27647244930267334,0.04070926085114479,0.18736104667186737,0.33446556329727173,0.3029041886329651,0.047487761825323105
90,0.039686863837034805,0.026149437641320022,1.3536122570867124,0.00013038435787640756,3.6840563131415327,0.025990395157425492,0.3268279194831848,0.4768279194831848,1,3225,0.46594205498695374,0.3649129271507263,0.06272055953741074,0,0.0001,4.314604759216309,0.21001654863357544,0.08707550913095474,0.13419830799102783,0.46594205498695374,0.07974538207054138,0.16041935980319977,0.17779026925563812,0.16529694199562073,0.1056906059384346,0.3075469732284546,0.585142970085144,0.03448968753218651,0.31971099972724915,0.1844092160463333,0.15593409538269043,0.04713789373636246,0.09987934678792953,0.26720130443573,0.510860025882721,0.030089950188994408,0.25400781631469727,0.1781814843416214,0.14651678502559662,0.04274922236800194,0.11655104905366898,0.16854430735111237,0.2766875922679901,0.04049159586429596,0.18297725915908813,0.3453667461872101,0.3118012845516205,0.04796536639332771
91,0.039570083112820335,0.02606175718424113,1.3507136158321216,0.0001190143925866679,3.686998211819193,0.026334838302047164,0.320587283372879,0.47058728337287903,1,3225,0.44804397225379944,0.3718947470188141,0.06591279804706573,0,0.0001,4.464980125427246,0.2122964859008789,0.08702842146158218,0.1340399533510208,0.44804397225379944,0.08016012609004974,0.15992285311222076,0.17657434940338135,0.160467728972435,0.10598814487457275,0.3145064413547516,0.5834636092185974,0.03504813835024834,0.327919602394104,0.1783427745103836,0.17224086821079254,0.04429098591208458,0.09979884326457977,0.27124470472335815,0.5112537741661072,0.03084711916744709,0.25462499260902405,0.17197200655937195,0.15430723130702972,0.04095987230539322,0.11501286923885345,0.17329911887645721,0.27580827474594116,0.04059739410877228,0.18402159214019775,0.33958783745765686,0.3095688223838806,0.04640081524848938
92,0.039408735445012215,0.025928171270567436,1.3479212107865706,0.00013527859877997443,3.6863991799561875,0.026595157764576098,0.3227329909801483,0.4727329909801483,1,3225,0.4539310932159424,0.378520131111145,0.06376304477453232,0,0.0001,4.347309112548828,0.20642481744289398,0.08705605566501617,0.1331896185874939,0.4539310932159424,0.0793728232383728,0.16063173115253448,0.1728152632713318,0.16517625749111176,0.10872282832860947,0.3085651695728302,0.5875856280326843,0.03392716869711876,0.3273571729660034,0.19367535412311554,0.18415139615535736,0.047060634940862656,0.10159000009298325,0.2672283947467804,0.5099771022796631,0.029727792367339134,0.2561684548854828,0.1840890347957611,0.1644066870212555,0.043467018753290176,0.11659208685159683,0.1681874692440033,0.27650436758995056,0.039923399686813354,0.18356430530548096,0.3394380807876587,0.30873575806617737,0.048252418637275696
93,0.03973818813329157,0.02628202444833258,1.345491455948871,0.00012502044853096342,3.6889477294424307,0.026152370029025606,0.32305643558502195,0.473056435585022,1,3225,0.46013009548187256,0.3765573501586914,0.06487695127725601,0,0.0001,4.315839529037476,0.20543232560157776,0.08638091385364532,0.13367682695388794,0.46013009548187256,0.07999832183122635,0.15838328003883362,0.17197774350643158,0.16898541152477264,0.1088821291923523,0.311910480260849,0.5862554907798767,0.034161560237407684,0.3358002305030823,0.1895679235458374,0.18932412564754486,0.04590550810098648,0.10184545814990997,0.2685357630252838,0.5100122094154358,0.029880674555897713,0.2638862133026123,0.17796248197555542,0.16878949105739594,0.042426757514476776,0.11566800624132156,0.17334499955177307,0.2764534056186676,0.040563005954027176,0.18488989770412445,0.33582812547683716,0.30490636825561523,0.04706783592700958
94,0.039550022748501404,0.02611614431699981,1.3432155536568684,0.00017234399211188048,3.690632560978765,0.02627157281946253,0.32393494844436643,0.47393494844436646,1,3225,0.46133264899253845,0.37479642033576965,0.06360340863466263,0,0.0001,4.290921926498413,0.21507534384727478,0.08907842636108398,0.13410425186157227,0.46133264899253845,0.07955519109964371,0.15925081074237823,0.1754792332649231,0.15959642827510834,0.10503871738910675,0.3145875334739685,0.5817579030990601,0.032123956829309464,0.33090704679489136,0.18491540849208832,0.1697985976934433,0.0424218587577343,0.1003829687833786,0.2722066044807434,0.5116903185844421,0.02842845767736435,0.2581787407398224,0.17677457630634308,0.15397782623767853,0.03929800167679787,0.116733118891716,0.16991755366325378,0.27588462829589844,0.03965519368648529,0.18593697249889374,0.3409588634967804,0.30993470549583435,0.045301955193281174
95,0.03951521039656971,0.026108937257010002,1.3404644157575525,0.00016290388916588753,3.689905291018279,0.02810471824363426,0.3221966981887817,0.47219669818878174,1,3225,0.4530583620071411,0.38999274373054504,0.05990680679678917,0,0.0001,4.383368968963623,0.20907464623451233,0.0870671197772026,0.13358359038829803,0.4530583620071411,0.07952786237001419,0.1612844616174698,0.1735827922821045,0.16575033962726593,0.10649620741605759,0.3080112338066101,0.5861830115318298,0.03423689678311348,0.3353278636932373,0.19465294480323792,0.1729784458875656,0.04968465119600296,0.10048685222864151,0.2662677466869354,0.5099079608917236,0.03012128174304962,0.2615450918674469,0.1844925731420517,0.15770472586154938,0.04558166116476059,0.11701183021068573,0.16909386217594147,0.2764303982257843,0.041323140263557434,0.18597905337810516,0.33963751792907715,0.30586281418800354,0.04982707276940346
96,0.03941076167899629,0.026032562975002373,1.3376953809157661,0.0001244946093799587,3.6903617071068804,0.02642373487684462,0.32008463740348814,0.47008463740348816,1,3225,0.44696706533432007,0.37682777643203735,0.06211929768323898,0,0.0001,4.3052051067352295,0.2094956785440445,0.087023064494133,0.13345734775066376,0.44696706533432007,0.08033759146928787,0.15964293479919434,0.1728065460920334,0.1657697558403015,0.10550493001937866,0.3098497986793518,0.5860434770584106,0.03224407136440277,0.3316338062286377,0.1906539797782898,0.18631555140018463,0.04280374199151993,0.09897249191999435,0.26744887232780457,0.5095354914665222,0.028284015133976936,0.2568345367908478,0.17962288856506348,0.16541312634944916,0.039756037294864655,0.11467278003692627,0.1711849570274353,0.27614524960517883,0.04039483517408371,0.18414545059204102,0.3377925157546997,0.3053203523159027,0.0459965318441391
97,0.039493044595355575,0.02613894762876241,1.3352760076522827,0.00013367935310310239,3.6915866914002793,0.026198212800202545,0.3200728058815002,0.47007280588150024,1,3225,0.4463803470134735,0.3837442398071289,0.06187457591295242,0,0.0001,4.3318047523498535,0.20448406040668488,0.08719424903392792,0.13331323862075806,0.4463803470134735,0.07985543459653854,0.15887640416622162,0.1729636788368225,0.16093964874744415,0.10885986685752869,0.30715736746788025,0.5856377482414246,0.035822849720716476,0.3376595675945282,0.1967197209596634,0.18875843286514282,0.04732558876276016,0.10175743699073792,0.26743757724761963,0.5099726915359497,0.03139946237206459,0.2608591914176941,0.1835540384054184,0.1672665774822235,0.043379731476306915,0.1153143122792244,0.16737638413906097,0.27598223090171814,0.040802426636219025,0.1881205439567566,0.3383004367351532,0.30562782287597656,0.04817131161689758
98,0.03947405079784601,0.026144135338456734,1.3327994709429534,0.00019209995820268017,3.694056863370149,0.026246907552083334,0.32295805811882017,0.4729580581188202,1,3225,0.4580083191394806,0.37634962797164917,0.06356406956911087,0,0.0001,4.294066667556763,0.21104831993579865,0.08640874177217484,0.13420452177524567,0.4580083191394806,0.08021218329668045,0.1580042690038681,0.1716260313987732,0.16565239429473877,0.10735858976840973,0.3015559911727905,0.5860666632652283,0.034627657383680344,0.33555352687835693,0.18503376841545105,0.18509696424007416,0.04786036163568497,0.100089430809021,0.2652714252471924,0.5101498365402222,0.030139902606606483,0.2637169361114502,0.17626290023326874,0.16727763414382935,0.0442606620490551,0.11587294936180115,0.16669557988643646,0.27669647336006165,0.03981616720557213,0.18403136730194092,0.33760735392570496,0.3034402132034302,0.048901502043008804
99,0.03905151606253956,0.02575193377940551,1.329826349797456,0.00013190853939664996,3.694379588832026,0.026701201262297455,0.32230195999145506,0.4723019599914551,1,3225,0.45501643419265747,0.37473294138908386,0.06566512584686279,0,0.0001,4.398480653762817,0.20649968087673187,0.08782680332660675,0.13340459764003754,0.45501643419265747,0.08101071417331696,0.15655021369457245,0.17200593650341034,0.17021140456199646,0.1067899689078331,0.3151552677154541,0.5863030552864075,0.03320302069187164,0.3340302109718323,0.18491438031196594,0.19303402304649353,0.044177837669849396,0.09920105338096619,0.27055326104164124,0.5108269453048706,0.0293000265955925,0.2573217451572418,0.1745447814464569,0.16853050887584686,0.04056983068585396,0.11417561024427414,0.17063574492931366,0.2766340672969818,0.04043328016996384,0.1846204251050949,0.33706146478652954,0.30665022134780884,0.04632023349404335
100,0.03948390726809916,0.02620913096420143,1.3273465477901956,0.00013114999930384448,3.6963816725689433,0.02643536094382957,0.3241445779800415,0.4741445779800415,1,3225,0.4625553786754608,0.3715652823448181,0.06385187804698944,0,1e-05,4.3511645793914795,0.212019145488739,0.08664531260728836,0.1335953325033188,0.4625553786754608,0.08077052980661392,0.15942895412445068,0.17629191279411316,0.1699948012828827,0.10198865830898285,0.30594074726104736,0.585053563117981,0.031599655747413635,0.32853448390960693,0.18413667380809784,0.17164640128612518,0.04295960068702698,0.09536202996969223,0.264435738325119,0.5099411010742188,0.027994126081466675,0.2576463520526886,0.1748100221157074,0.15587113797664642,0.039482004940509796,0.11323245614767075,0.17035019397735596,0.2763037085533142,0.04045603796839714,0.18339850008487701,0.3390282988548279,0.3074326515197754,0.04606543108820915
101,0.03857161007497622,0.025319973654721096,1.3250599788582844,0.00010365830245933941,3.6973553429479185,0.028710897657606337,0.32230178117752073,0.47230178117752075,1,3225,0.4505990743637085,0.3792267441749573,0.06106731668114662,0,1e-05,4.2993786334991455,0.221617192029953,0.08845935761928558,0.13337342441082,0.4505990743637085,0.08062247186899185,0.16025811433792114,0.17423821985721588,0.16551712155342102,0.09409325569868088,0.3077130913734436,0.5875491499900818,0.03339868783950806,0.32255733013153076,0.19137196242809296,0.16516883671283722,0.04264204204082489,0.09032436460256577,0.2680453956127167,0.5090688467025757,0.029252801090478897,0.25272223353385925,0.18359434604644775,0.15102961659431458,0.040140725672245026,0.11230411380529404,0.16827230155467987,0.27707546949386597,0.040316514670848846,0.18366341292858124,0.3419901430606842,0.31045961380004883,0.04527277499437332
102,0.03842552313986032,0.025184380457453106,1.3240167161692744,9.760380192386472e-05,3.696029217346855,0.025521009657118055,0.32385931015014646,0.4738593101501465,1,3225,0.45650020241737366,0.3714720904827118,0.0649518147110939,0,1e-05,4.290632486343384,0.2048502117395401,0.0883198007941246,0.13323675096035004,0.45650020241737366,0.08166933804750443,0.15779849886894226,0.17500202357769012,0.16191472113132477,0.111467644572258,0.31599220633506775,0.5885807275772095,0.03233650326728821,0.325309157371521,0.18310926854610443,0.18783190846443176,0.04849601164460182,0.10289980471134186,0.2698846161365509,0.5093454718589783,0.028396232053637505,0.25527653098106384,0.17391550540924072,0.1675475835800171,0.044736556708812714,0.11731760948896408,0.17464730143547058,0.27705448865890503,0.040266770869493484,0.18283629417419434,0.3410107493400574,0.3047789931297302,0.049512915313243866
103,0.03855434740367143,0.025318984347193138,1.3234396447306094,9.673950895059691e-05,3.6958031758018164,0.02623510516131366,0.320954030752182,0.470954030752182,1,3225,0.45111310482025146,0.3792676329612732,0.06347398459911346,0,1e-05,4.355987310409546,0.2023538053035736,0.08794989436864853,0.13277386128902435,0.45111310482025146,0.08018271625041962,0.15981055796146393,0.1742858588695526,0.16220153868198395,0.10979801416397095,0.301069438457489,0.5856056213378906,0.033000994473695755,0.3340742886066437,0.19407013058662415,0.1828612983226776,0.04538849741220474,0.1013430505990982,0.2639769911766052,0.5098955035209656,0.028894342482089996,0.2544367015361786,0.1818552315235138,0.16148190200328827,0.04159100726246834,0.11521346867084503,0.16968892514705658,0.2758725881576538,0.04002659022808075,0.1845938116312027,0.3372019827365875,0.306926429271698,0.04809434339404106
104,0.03836159618652385,0.025131132210726322,1.3229513842126597,9.50478067312835e-05,3.6959308541339375,0.026072301511411315,0.32213730216026304,0.47213730216026306,1,3225,0.45299527049064636,0.37761691212654114,0.06083806976675987,0,1e-05,4.369502305984497,0.1972818672657013,0.087342768907547,0.13347873091697693,0.45299527049064636,0.07941965758800507,0.15968237817287445,0.17382405698299408,0.16022074222564697,0.12163273990154266,0.31042546033859253,0.5872974991798401,0.03321294113993645,0.3292779326438904,0.19587375223636627,0.18529151380062103,0.051828332245349884,0.11107239872217178,0.26943081617355347,0.5093502998352051,0.02888401970267296,0.25880393385887146,0.1843089759349823,0.1660478562116623,0.04862435162067413,0.12077496200799942,0.17228825390338898,0.2767266631126404,0.04012701287865639,0.18630459904670715,0.3389061391353607,0.30581605434417725,0.05101901292800903
105,0.038252930278363434,0.025027449688185818,1.3224520786948826,9.6043267188614e-05,3.6960099987361743,0.02705408223470052,0.32295159101486204,0.47295159101486206,1,3225,0.45411550998687744,0.3718491494655609,0.0610225535929203,0,1e-05,4.3356664180755615,0.21597105264663696,0.08897936344146729,0.13384519517421722,0.45411550998687744,0.07882185280323029,0.15891747176647186,0.17383866012096405,0.16620418429374695,0.09960363805294037,0.3120045065879822,0.5864003896713257,0.03254083916544914,0.32654350996017456,0.19325761497020721,0.17380206286907196,0.04290556535124779,0.09445000439882278,0.27102258801460266,0.5096740126609802,0.02858755923807621,0.25596293807029724,0.18343153595924377,0.15799540281295776,0.040189292281866074,0.11412251740694046,0.17186281085014343,0.2770600914955139,0.04026038944721222,0.18440450727939606,0.3416163921356201,0.3068748712539673,0.04571596533060074
106,0.038421918840511986,0.02520049873577512,1.3220469277838003,9.509671223856023e-05,3.6963206685107686,0.025669632523148148,0.32239691019058225,0.4723969101905823,1,3225,0.4560281038284302,0.37495627999305725,0.0639885738492012,0,1e-05,4.389094352722168,0.20792503654956818,0.08672129362821579,0.13401223719120026,0.4560281038284302,0.08030620962381363,0.15829379856586456,0.17483972012996674,0.16304457187652588,0.10129830986261368,0.30948248505592346,0.5860718488693237,0.032873090356588364,0.3299286365509033,0.19231049716472626,0.1773945838212967,0.042888183146715164,0.09532879292964935,0.2672725021839142,0.5102071762084961,0.028892144560813904,0.2614298462867737,0.17955555021762848,0.16032172739505768,0.04001321643590927,0.11322680860757828,0.1720818132162094,0.27674204111099243,0.04035063087940216,0.18390947580337524,0.3372805416584015,0.3030202090740204,0.046024225652217865
107,0.03863218135159949,0.025413820924966232,1.3217401349026223,9.59312734345946e-05,3.697042993877245,0.027693818834092884,0.32331100702285764,0.47331100702285767,1,3225,0.4539828896522522,0.35287922620773315,0.06293164193630219,0,1e-05,4.365351676940918,0.2142706662416458,0.08967296034097672,0.13390633463859558,0.4539828896522522,0.08107839524745941,0.15792030096054077,0.17386509478092194,0.16722378134727478,0.10220882296562195,0.29762473702430725,0.5859330296516418,0.03273919224739075,0.3123919665813446,0.17629662156105042,0.16473278403282166,0.0436866320669651,0.09678007662296295,0.26051896810531616,0.5097490549087524,0.02874869853258133,0.24760359525680542,0.17331121861934662,0.1516125351190567,0.040369778871536255,0.11470126360654831,0.16402465105056763,0.2769733965396881,0.040456365793943405,0.1766447275876999,0.34357911348342896,0.30944201350212097,0.04583687707781792
108,0.03826307732125987,0.025048003896423008,1.3214097437651262,9.763639536686242e-05,3.6962564406187637,0.025918837935836228,0.3214148938655853,0.4714148938655853,1,3225,0.4528142511844635,0.3749234080314636,0.06449167430400848,0,1e-05,4.312958240509033,0.20929424464702606,0.0885285958647728,0.13313095271587372,0.4528142511844635,0.08115793764591217,0.15903715789318085,0.17514629662036896,0.1604030281305313,0.10954467952251434,0.30397263169288635,0.586641788482666,0.03225872665643692,0.32746005058288574,0.191360741853714,0.18497900664806366,0.04424653947353363,0.10151944309473038,0.2651318609714508,0.5099143981933594,0.028537746518850327,0.25319704413414,0.17931358516216278,0.1619311422109604,0.04048085957765579,0.1164684146642685,0.17037300765514374,0.2764977216720581,0.04014834761619568,0.18325775861740112,0.3362891972064972,0.3045775890350342,0.046530965715646744
109,0.038135047030189766,0.024923558144465736,1.3210522610208262,9.66490010994122e-05,3.696611445883046,0.025973848130967883,0.3216188907623291,0.4716188907623291,1,3225,0.450201153755188,0.3822050094604492,0.062058284878730774,0,1e-05,4.290359258651733,0.20472215116024017,0.08932913839817047,0.1331486701965332,0.450201153755188,0.08045225590467453,0.1599346250295639,0.1734178066253662,0.16114632785320282,0.11272961646318436,0.3088418245315552,0.5877567529678345,0.03320310264825821,0.3323865532875061,0.19033759832382202,0.18575355410575867,0.04504377394914627,0.10389377921819687,0.26939287781715393,0.5093621015548706,0.02897132933139801,0.2569339871406555,0.18042616546154022,0.16521035134792328,0.04108891636133194,0.11738691478967667,0.17058749496936798,0.27677488327026367,0.04019584134221077,0.18524722754955292,0.33915552496910095,0.3055115342140198,0.047429509460926056
110,0.03824086730246958,0.025032630595176117,1.3207256845805957,9.800598775694633e-05,3.6963861714238706,0.025685032032154224,0.3217486500740051,0.4717486500740051,1,3225,0.4498627781867981,0.3706948757171631,0.06212562322616577,0,1e-05,4.314901828765869,0.19981788098812103,0.08580338954925537,0.13354279100894928,0.4498627781867981,0.080904521048069,0.15861527621746063,0.172261044383049,0.1628475785255432,0.11402003467082977,0.3047412931919098,0.5883833765983582,0.03277614712715149,0.32782793045043945,0.19646652042865753,0.18468213081359863,0.04768935218453407,0.10471796989440918,0.26511555910110474,0.5090645551681519,0.028607705608010292,0.2554605305194855,0.18417833745479584,0.16606919467449188,0.043706346303224564,0.11625724285840988,0.16905494034290314,0.277175635099411,0.04042026028037071,0.1818677932024002,0.3396838307380676,0.3047141134738922,0.048991940915584564
111,0.03828026224737582,0.02507544819103635,1.320386140242867,9.52840861788465e-05,3.6969698304715366,0.02847998442473235,0.32239592671394346,0.4723959267139435,1,3225,0.4520440697669983,0.3708265721797943,0.061213694512844086,0,1e-05,4.293110609054565,0.21735113859176636,0.08977049589157104,0.13388988375663757,0.4520440697669983,0.07937626540660858,0.1589704006910324,0.17426179349422455,0.1695445030927658,0.09739597141742706,0.31012675166130066,0.5846544504165649,0.03312475234270096,0.32404130697250366,0.1861279308795929,0.1654360443353653,0.04222438484430313,0.09373930096626282,0.26965251564979553,0.510521411895752,0.028960486873984337,0.24925366044044495,0.17940814793109894,0.1509118527173996,0.039713963866233826,0.11349757015705109,0.1685476154088974,0.2765970826148987,0.040311217308044434,0.18293647468090057,0.3423636853694916,0.30913716554641724,0.04459786415100098
112,0.038281418059183205,0.025079061884595,1.320140595021455,9.505031978377424e-05,3.6959366591080376,0.026860032823350696,0.32034642100334165,0.4703464210033417,1,3225,0.44782477617263794,0.38075733184814453,0.06233978644013405,0,1e-05,4.325642347335815,0.20501337945461273,0.08629760891199112,0.1331261545419693,0.44782477617263794,0.08183912187814713,0.1583632379770279,0.17424564063549042,0.16137084364891052,0.10279791802167892,0.3042052686214447,0.5863127112388611,0.03322720155119896,0.3350539207458496,0.19401785731315613,0.18481115996837616,0.04441703483462334,0.09563254565000534,0.26362890005111694,0.5092145204544067,0.029161082580685616,0.25752875208854675,0.1816258728504181,0.16314822435379028,0.040707461535930634,0.11269521713256836,0.1742161065340042,0.27603909373283386,0.04078110679984093,0.1838172972202301,0.33803367614746094,0.3038634657859802,0.04699267819523811
113,0.03832147675363914,0.02512119993891405,1.3199306622795437,9.706275602144635e-05,3.6974291697792383,0.026695371839735242,0.321326470375061,0.47132647037506104,1,3225,0.4517017602920532,0.3795705735683441,0.06509936600923538,0,1e-05,4.322176218032837,0.2159121185541153,0.08824040740728378,0.13329176604747772,0.4517017602920532,0.0818697139620781,0.15765872597694397,0.1734214723110199,0.16580089926719666,0.09286008775234222,0.3044985830783844,0.585277795791626,0.03293577581644058,0.3302558660507202,0.19050773978233337,0.18448200821876526,0.041975751519203186,0.08929887413978577,0.2641022205352783,0.5098631381988525,0.02875601500272751,0.2566460072994232,0.1790255904197693,0.16260677576065063,0.03905804082751274,0.10991902649402618,0.17232438921928406,0.27601683139801025,0.03999841585755348,0.18272839486598969,0.3384632170200348,0.3047484755516052,0.04513523355126381
114,0.03815660884846812,0.024960932605292484,1.3194722455480825,9.537424035522196e-05,3.6959656528804614,0.02655813287805628,0.32299736738204954,0.47299736738204956,1,3225,0.4575238823890686,0.3763578236103058,0.062404874712228775,0,1e-05,4.419776916503906,0.20399092137813568,0.08867692947387695,0.13351599872112274,0.4575238823890686,0.08011212944984436,0.15965712070465088,0.1746889352798462,0.16369269788265228,0.11111073940992355,0.3060445785522461,0.5862582921981812,0.032597921788692474,0.3295231759548187,0.19314156472682953,0.1791406273841858,0.04416675865650177,0.10284029692411423,0.2666013538837433,0.5097249746322632,0.028521906584501266,0.2535620331764221,0.18242481350898743,0.15987740457057953,0.04078428074717522,0.11717717349529266,0.17040017247200012,0.27657240629196167,0.04013935476541519,0.1830839365720749,0.33848220109939575,0.3060303032398224,0.047255612909793854
115,0.0382640452488609,0.02507092350203058,1.3192150229993074,9.724150447215399e-05,3.697429325269616,0.025890661734121818,0.32174489498138426,0.4717448949813843,1,3225,0.45368891954421997,0.3768574893474579,0.06190786510705948,0,1e-05,4.373388290405273,0.21315111219882965,0.08667311817407608,0.13406096398830414,0.45368891954421997,0.07983429729938507,0.1584426909685135,0.17231248319149017,0.1636590212583542,0.09760677814483643,0.3075782060623169,0.5860493779182434,0.032203249633312225,0.3332183063030243,0.2005574107170105,0.1776995062828064,0.043323416262865067,0.09212089329957962,0.2646237313747406,0.5098852515220642,0.028267227113246918,0.26340216398239136,0.18639324605464935,0.16065365076065063,0.04011612758040428,0.11189831048250198,0.1693849116563797,0.27685290575027466,0.04030366241931915,0.1834748387336731,0.3373561501502991,0.3031880557537079,0.046358510851860046
116,0.03833282334001168,0.025142334968499516,1.3189503680104795,9.846125992581896e-05,3.6972158266150434,0.026304729885525173,0.3233411073684692,0.47334110736846924,1,3225,0.4537639915943146,0.3663174510002136,0.06138691306114197,0,1e-05,4.333841800689697,0.205947607755661,0.0881185308098793,0.13422736525535583,0.4537639915943146,0.07912739366292953,0.15884187817573547,0.17457914352416992,0.16000933945178986,0.11206533014774323,0.3110423982143402,0.5858272314071655,0.03327035531401634,0.3247864842414856,0.18573497235774994,0.17387032508850098,0.047550104558467865,0.10360819846391678,0.2706655263900757,0.5101515650749207,0.02905447781085968,0.2567906379699707,0.1785893440246582,0.1585012674331665,0.0432654470205307,0.11780603229999542,0.16987769305706024,0.27703437209129333,0.04044535383582115,0.18307191133499146,0.34362179040908813,0.30704134702682495,0.0488969124853611
117,0.038510515961958015,0.025323534951261852,1.3186016912045686,9.6412669138416e-05,3.6983514972355054,0.0253789220739294,0.32207725048065183,0.47207725048065186,1,3225,0.4546716511249542,0.3709976077079773,0.0631784126162529,0,1e-05,4.358522891998291,0.20667430758476257,0.08800821751356125,0.13357071578502655,0.4546716511249542,0.07972442358732224,0.15870049595832825,0.1730266958475113,0.1649700105190277,0.10667048394680023,0.3067505359649658,0.5865834951400757,0.032354723662137985,0.3283557891845703,0.19414879381656647,0.18252268433570862,0.04421691596508026,0.0989248976111412,0.26754987239837646,0.5099177956581116,0.028426922857761383,0.25605839490890503,0.18226411938667297,0.16313673555850983,0.04044849053025246,0.11456110328435898,0.16896562278270721,0.27685096859931946,0.04028633236885071,0.1827293336391449,0.33713603019714355,0.30500227212905884,0.04681658372282982
118,0.03825284654031629,0.02506967010381429,1.3182219059570977,9.579566192215957e-05,3.6975628293078877,0.026601235848885997,0.32067511081695554,0.47067511081695557,1,3225,0.4462425112724304,0.3648598790168762,0.06246419623494148,0,1e-05,4.314050912857056,0.2118467390537262,0.0876123383641243,0.13423572480678558,0.4462425112724304,0.07917275279760361,0.15818311274051666,0.172652006149292,0.16255655884742737,0.10147589445114136,0.3013547360897064,0.5852372050285339,0.03258247673511505,0.3223510682582855,0.1919778734445572,0.17407192289829254,0.04260408505797386,0.09517303109169006,0.2653638422489166,0.5101776719093323,0.02862698957324028,0.25750604271888733,0.18189574778079987,0.15840183198451996,0.04024937003850937,0.11303363740444183,0.1674390286207199,0.27698272466659546,0.040263790637254715,0.1804869920015335,0.3410429358482361,0.30478623509407043,0.04541563242673874
119,0.03800153035832488,0.024819437171454014,1.318108937014704,0.00010039491810501836,3.697887358458146,0.027385380780255354,0.3214495539665222,0.4714495539665222,1,3225,0.45086726546287537,0.36788487434387207,0.06094502657651901,0,1e-05,4.328092575073242,0.21043601632118225,0.08799529075622559,0.13390232622623444,0.45086726546287537,0.0783449187874794,0.1591186225414276,0.1730356216430664,0.16461317241191864,0.09884987026453018,0.3063427805900574,0.5859168171882629,0.03290705755352974,0.3218630850315094,0.20003831386566162,0.17402055859565735,0.042131636291742325,0.09322375804185867,0.2681860625743866,0.5097116827964783,0.02874351665377617,0.2526286244392395,0.1872769296169281,0.15752467513084412,0.03935769572854042,0.11258658766746521,0.1692420244216919,0.27689528465270996,0.04033105820417404,0.1830202341079712,0.33930251002311707,0.30576232075691223,0.04493870586156845
120,0.038131499420041626,0.024954054342663807,1.317648374516031,9.61766291647623e-05,3.6965296475783638,0.02543208878128617,0.32239950299263,0.47239950299263,1,3225,0.4539954364299774,0.3679426610469818,0.0624503567814827,0,1e-05,4.312200546264648,0.20230083167552948,0.08717696368694305,0.1336866021156311,0.4539954364299774,0.07950866967439651,0.1583971381187439,0.17248497903347015,0.16151045262813568,0.1102023646235466,0.3079583942890167,0.5872601866722107,0.03271397948265076,0.3244539499282837,0.19573459029197693,0.18174439668655396,0.04524828493595123,0.10167243331670761,0.2673359811306,0.5090622901916504,0.02860341966152191,0.25646907091140747,0.18353116512298584,0.16433683037757874,0.04157665744423866,0.11599761247634888,0.17013931274414062,0.27683377265930176,0.04047722369432449,0.18147024512290955,0.3392801582813263,0.30504682660102844,0.04785629361867905
