epoch,train_total,train_recon,train_mixing,train_zero_recon,train_z_l2,val_recon,val_separation,sep_base,n_dup,tops,clean_max_corr,max_pair_corr,min_energy_ratio,n_dead,lr,sec,corr_e0_x_clean,corr_e1_x_clean,corr_e2_x_clean,corr_e3_x_clean,corr_e0_bw,corr_e1_bw,corr_e2_bw,corr_e3_bw,corr_e0_ma,corr_e1_ma,corr_e2_ma,corr_e3_ma,corr_e0_em,corr_e1_em,corr_e2_em,corr_e3_em
1,0.38078664437584253,0.3617522975672846,1.5359612703323364,0.22952863130637485,1.3794536797896675,0.16790682192201967,0.022624713182449352,0.32262471318244934,2,2112,0.11591023951768875,0.6777341961860657,0.18565241992473602,0,0.001,3.6522748470306396,0.0928909033536911,0.11242416501045227,0.11591023951768875,0.09854288399219513,0.38212835788726807,0.5339369773864746,0.5093228816986084,0.4462532103061676,0.3537179231643677,0.3986213505268097,0.3849487602710724,0.37956157326698303,0.19910095632076263,0.23962263762950897,0.2420303076505661,0.2187480479478836
2,0.22770244854947794,0.209974876564482,1.5300770946170972,0.073230302917933,1.6944990520891936,0.14798223424840856,-0.10211659669876094,0.347883403301239,3,2222,0.12432301789522171,0.6896161437034607,0.10145178437232971,0,0.001,3.2389299869537354,0.11344210803508759,0.10972059518098831,0.12432301789522171,0.10023092478513718,0.44589900970458984,0.5213894844055176,0.5602777004241943,0.4230143427848816,0.42380842566490173,0.3961632251739502,0.45313146710395813,0.4065968096256256,0.21426771581172943,0.2467660903930664,0.2538014054298401,0.2039603441953659
3,0.22130743964858676,0.2045484826616619,1.514540433883667,0.0188464312978676,1.4250890379366667,0.1296074105721933,-0.11467559337615962,0.33532440662384033,3,2222,0.12024015933275223,0.5222631692886353,0.09103519469499588,0,0.001,4.033894300460815,0.10292936861515045,0.09909866005182266,0.12024015933275223,0.10348700731992722,0.39571335911750793,0.46170687675476074,0.5398352742195129,0.41797545552253723,0.3627631366252899,0.33851680159568787,0.4335157573223114,0.39323529601097107,0.19690479338169098,0.21402716636657715,0.24770639836788177,0.20390939712524414
4,0.1978574485882469,0.18177632274835007,1.4911359133927717,0.0011058407804027768,1.1587070019348809,0.11752495659722222,-0.0973370492458343,0.35266295075416565,3,2222,0.12803032994270325,0.6428191065788269,0.08642647415399551,0,0.001,3.498745918273926,0.12202256917953491,0.0961628332734108,0.12803032994270325,0.12294138222932816,0.417129248380661,0.41965657472610474,0.5545610189437866,0.39635950326919556,0.4147481918334961,0.3509055972099304,0.4663640558719635,0.3748067617416382,0.22228571772575378,0.2062240093946457,0.261696457862854,0.21106238663196564
5,0.19071364014045053,0.1751390902892403,1.4599692458691804,0.0011741486624763954,0.963118402854256,0.11915573911313658,0.06852234601974488,0.3685223460197449,2,2223,0.13338978588581085,0.6438724994659424,0.1162741482257843,0,0.001,4.568023443222046,0.12702573835849762,0.09403024613857269,0.13338978588581085,0.10839104652404785,0.3935622274875641,0.42080792784690857,0.5618869662284851,0.36721324920654297,0.3821166753768921,0.36531779170036316,0.4749654531478882,0.3303082585334778,0.2530854642391205,0.2139405757188797,0.276772141456604,0.30384722352027893
6,0.18608326886011206,0.1707925310601359,1.4343540357506794,0.003975725672005311,0.9074382781982422,0.11714404522931134,0.22653261423110962,0.3765326142311096,1,0223,0.13554048538208008,0.7452687621116638,0.15386255085468292,0,0.001,3.600719451904297,0.13554048538208008,0.10225903987884521,0.13277636468410492,0.11080332100391388,0.4484318792819977,0.46379849314689636,0.5561197996139526,0.35446587204933167,0.41664960980415344,0.4055480659008026,0.4671260714530945,0.30750060081481934,0.28171131014823914,0.23301398754119873,0.27756235003471375,0.34734416007995605
7,0.1736846404231113,0.15865849088067593,1.4109586321789285,0.005554455489365627,0.8610200752382693,0.10571335404007523,0.21201050877571107,0.36201050877571106,1,0223,0.13981537520885468,0.6440862417221069,0.09918911010026932,0,0.001,3.2404844760894775,0.13981537520885468,0.10566257685422897,0.1376747339963913,0.13923385739326477,0.40672415494918823,0.4629274606704712,0.5488883852958679,0.27889031171798706,0.39291372895240784,0.3859618902206421,0.45770853757858276,0.25582629442214966,0.2850925624370575,0.2371142953634262,0.28509169816970825,0.3016296923160553
8,0.16903652445129727,0.154388132950534,1.3828018489091292,0.003456449022253408,0.78580845957217,0.10370309561270255,0.07231135368347169,0.3723113536834717,2,3223,0.14892840385437012,0.6566192507743835,0.09606299549341202,0,0.001,3.2166366577148438,0.14713551104068756,0.10505729168653488,0.1401124745607376,0.14892840385437012,0.39210638403892517,0.46835723519325256,0.5605953931808472,0.27730199694633484,0.3930321931838989,0.39395907521247864,0.46599453687667847,0.25172558426856995,0.28777533769607544,0.2426174134016037,0.294125497341156,0.3137272000312805
9,0.16505681690962418,0.150725148294283,1.3562784868737925,0.0017789032780970244,0.7510932010153065,0.09931776258680555,0.07971961498260499,0.379719614982605,2,3223,0.16158939898014069,0.6535808444023132,0.08663427084684372,0,0.001,3.195247173309326,0.15117742121219635,0.1023978665471077,0.1422557234764099,0.16158939898014069,0.3782718777656555,0.44660428166389465,0.5692210793495178,0.22499917447566986,0.3846724331378937,0.3821351230144501,0.4840659499168396,0.21778397262096405,0.2843097746372223,0.23395799100399017,0.2969833314418793,0.304002046585083
10,0.15729707673839902,0.14325725449168164,1.3303321133489194,0.0025629089732715133,0.7108701726664668,0.09989308901186343,0.08132280111312867,0.38132280111312866,2,3223,0.18390332162380219,0.5994570851325989,0.07937881350517273,0,0.001,3.184597969055176,0.15768477320671082,0.10174856334924698,0.13897983729839325,0.18390332162380219,0.3418470323085785,0.4695609509944916,0.5671238303184509,0.22621464729309082,0.34404686093330383,0.38582608103752136,0.47678306698799133,0.2028532475233078,0.27874329686164856,0.2332448810338974,0.2955705523490906,0.29748091101646423
11,0.14847708525864975,0.13467081085495328,1.3087781512218972,0.0017080744943561276,0.7014124004737191,0.0945580071343316,0.09130017161369325,0.39130017161369324,2,3222,0.2253112643957138,0.5619332790374756,0.08857174962759018,0,0.001,3.1772372722625732,0.18167853355407715,0.10124196112155914,0.1442393809556961,0.2253112643957138,0.32962557673454285,0.4315030574798584,0.5616946220397949,0.1323559433221817,0.31115928292274475,0.37300345301628113,0.4785288870334625,0.13481371104717255,0.2590642273426056,0.2263530194759369,0.2996659278869629,0.24870064854621887
12,0.13992499333360922,0.12629893713671228,1.2914710148521091,0.0019082737284327816,0.692264445449995,0.08772595440899884,0.09931634068489076,0.39931634068489075,2,3222,0.23755130171775818,0.5969832539558411,0.0813562422990799,0,0.001,3.2047042846679688,0.19016842544078827,0.10352612286806107,0.14170368015766144,0.23755130171775818,0.3538574278354645,0.462196409702301,0.561112105846405,0.13241174817085266,0.31874531507492065,0.38438889384269714,0.47987350821495056,0.13610300421714783,0.2457377314567566,0.24144046008586884,0.3187284469604492,0.2384374886751175
13,0.12857523301373358,0.11512573743643968,1.275156943694405,0.0010580732676949676,0.6873477230901304,0.08003195642541956,0.10553998947143556,0.40553998947143555,2,3222,0.2756744623184204,0.5770964026451111,0.06862199306488037,0,0.001,3.2916829586029053,0.19710290431976318,0.10382641851902008,0.14373528957366943,0.2756744623184204,0.3383811414241791,0.4539189636707306,0.5465688705444336,0.08343735337257385,0.3026596009731293,0.3804313838481903,0.47069811820983887,0.08421443402767181,0.2342865765094757,0.24471963942050934,0.3292185664176941,0.16806435585021973
14,0.11698317948890768,0.10369834368643553,1.2594099148460056,0.0008106211569848592,0.6826314278270887,0.07692261985496239,0.11406744718551637,0.41406744718551636,2,3222,0.3127622902393341,0.5122612118721008,0.0843469500541687,0,0.001,3.236384391784668,0.20396465063095093,0.1004321426153183,0.14716044068336487,0.3127622902393341,0.3088172376155853,0.4472302496433258,0.5347118973731995,0.046404462307691574,0.2739464044570923,0.37519097328186035,0.4688781797885895,0.04989403113722801,0.22421981394290924,0.23777136206626892,0.33991748094558716,0.13100361824035645
15,0.11337352900401405,0.1002216245169225,1.2460676276165505,0.0016578887114756862,0.6746486140334088,0.08834175505461517,0.1171816110610962,0.4171816110610962,2,3222,0.27206915616989136,0.6037924289703369,0.0699276253581047,0,0.001,3.26054310798645,0.1861303746700287,0.0982091948390007,0.1501130312681198,0.27206915616989136,0.34824278950691223,0.47790345549583435,0.5515819787979126,0.09615662693977356,0.3104921579360962,0.3993971645832062,0.492876797914505,0.08723985403776169,0.22681878507137299,0.23846398293972015,0.3521985411643982,0.14445579051971436
16,0.11281093598707863,0.099740005057791,1.2353664377461309,0.0018253377575488032,0.6990125438441401,0.06906556532118055,0.1399191737174988,0.4399191737174988,2,3222,0.3842993974685669,0.56825852394104,0.09892665594816208,0,0.001,3.216853618621826,0.2436409741640091,0.09901008754968643,0.15328891575336456,0.3842993974685669,0.29008010029792786,0.46078166365623474,0.5253604650497437,0.05356495827436447,0.2530154287815094,0.3836628198623657,0.4814184010028839,0.052372489124536514,0.2071208357810974,0.23636925220489502,0.36859849095344543,0.10258743911981583
17,0.10203752148410548,0.08905543710874475,1.226030505221823,0.0017701353277990838,0.7040786639503811,0.06334419985170718,0.15062944293022157,0.45062944293022156,2,3222,0.4386118948459625,0.5656673908233643,0.1219475269317627,0,0.001,3.2605643272399902,0.25027185678482056,0.10040005296468735,0.15824446082115173,0.4386118948459625,0.2569868862628937,0.4746517837047577,0.5216342806816101,0.044503819197416306,0.23213094472885132,0.3904978036880493,0.47689011693000793,0.041887324303388596,0.19543182849884033,0.24187485873699188,0.3653814494609833,0.09153378009796143
18,0.10222544521093369,0.08933748661176018,1.217247434284376,0.0013890874599936701,0.7015933083451312,0.07832208704065394,0.1170280694961548,0.4170280694961548,2,3222,0.33657944202423096,0.5459429621696472,0.10741417855024338,0,0.001,3.2620935440063477,0.25887081027030945,0.10366654396057129,0.1603403091430664,0.33657944202423096,0.28045353293418884,0.4770306348800659,0.5040978193283081,0.05288197845220566,0.2476288229227066,0.39400455355644226,0.45861899852752686,0.051438044756650925,0.1921497881412506,0.24597106873989105,0.3688160181045532,0.08776320517063141
19,0.09839175544355226,0.0855586878631426,1.2088873230892678,0.0016758979200739818,0.7274361097294352,0.06390237313729745,0.16191340684890748,0.46191340684890747,2,3222,0.4929264187812805,0.5277964472770691,0.09975575655698776,0,0.001,3.2706570625305176,0.2910785675048828,0.10103510320186615,0.1575998067855835,0.4929264187812805,0.27229031920433044,0.46267223358154297,0.5252586007118225,0.05848854407668114,0.23435194790363312,0.3833434283733368,0.46603500843048096,0.05387834087014198,0.18295808136463165,0.23629195988178253,0.3634336292743683,0.07853403687477112
20,0.09648104368344597,0.08371188685945842,1.2013499011164126,0.0017785006114180483,0.7378728467485179,0.05624841421621817,0.16107941865921022,0.4610794186592102,2,3222,0.4995979070663452,0.5189537405967712,0.0869884341955185,0,0.001,3.312046766281128,0.28286540508270264,0.10427368432283401,0.16207219660282135,0.4995979070663452,0.23507486283779144,0.4528680741786957,0.510834276676178,0.04610063508152962,0.20099039375782013,0.3824317753314972,0.46192729473114014,0.042729198932647705,0.16350774466991425,0.2374606728553772,0.3719581365585327,0.07195129245519638
21,0.0839211885695872,0.07127909475694531,1.1919090696003125,0.00048348993321111345,0.7181674812151038,0.04768684782805266,0.17175127267837526,0.47175127267837524,2,3222,0.5239189863204956,0.5774955749511719,0.0692213624715805,0,0.001,3.405392646789551,0.24205711483955383,0.10312613099813461,0.16102032363414764,0.5239189863204956,0.18747544288635254,0.47977322340011597,0.5242370367050171,0.04629594832658768,0.16670109331607819,0.3960331082344055,0.46808716654777527,0.04180499538779259,0.14410030841827393,0.24607136845588684,0.37076184153556824,0.06594672799110413
22,0.08131303897370463,0.06879935203039128,1.1803663969039917,0.0007086158363128324,0.7029365663943083,0.04702153862847222,0.17444969415664674,0.47444969415664673,2,3222,0.537804901599884,0.5651354193687439,0.09675700217485428,0,0.001,3.399310350418091,0.22084268927574158,0.10284805297851562,0.16437381505966187,0.537804901599884,0.17735636234283447,0.4867563247680664,0.5165266990661621,0.045914579182863235,0.15498735010623932,0.3970274329185486,0.4665912985801697,0.041553668677806854,0.1395663470029831,0.24331410229206085,0.3768758773803711,0.06579038500785828
23,0.07858856573053029,0.06617544882971307,1.1700924583103345,0.0006344195799497159,0.705847574316937,0.047664792661313654,0.1667080342769623,0.4667080342769623,2,3222,0.5146023631095886,0.5480056405067444,0.09970396757125854,0,0.001,3.4054172039031982,0.23374627530574799,0.10520916432142258,0.16507059335708618,0.5146023631095886,0.1674567312002182,0.4705970585346222,0.5067545771598816,0.034525878727436066,0.1438375860452652,0.39339137077331543,0.4623696506023407,0.03323754295706749,0.13651204109191895,0.24370639026165009,0.3831055164337158,0.05797986686229706
24,0.07449020250983861,0.06216781537817872,1.1610781887303228,0.00048156710703472567,0.7067897941755212,0.04785123697916667,0.17700709104537965,0.47700709104537964,2,3222,0.5507059097290039,0.555143415927887,0.10266076773405075,0,0.001,3.381591320037842,0.22537198662757874,0.10418028384447098,0.16965924203395844,0.5507059097290039,0.14518409967422485,0.48877379298210144,0.5082032680511475,0.04413370415568352,0.12694907188415527,0.39880117774009705,0.46420910954475403,0.04104429855942726,0.13851594924926758,0.24488407373428345,0.38491013646125793,0.0634617879986763
25,0.07332439234723216,0.06109748975090359,1.1518166790837827,0.0004513166451310415,0.7042237235152203,0.040283608895761,0.18072230815887452,0.4807223081588745,2,3222,0.5718846917152405,0.5518885850906372,0.12039442360401154,0,0.001,3.2866971492767334,0.2274685949087143,0.10421855002641678,0.17316606640815735,0.5718846917152405,0.1400609165430069,0.4820806086063385,0.4974218010902405,0.04126971215009689,0.12226129323244095,0.39359259605407715,0.4630098044872284,0.0393892340362072,0.14516188204288483,0.24452464282512665,0.3905729055404663,0.06607994437217712
26,0.06651903494544652,0.054385827287383705,1.1429728165916775,0.0003980888843374408,0.6994986223137897,0.03891227157027633,0.17469517588615419,0.4746951758861542,2,3222,0.5519664287567139,0.5555996298789978,0.12529250979423523,0,0.001,3.2702653408050537,0.2390478402376175,0.10472270846366882,0.17432451248168945,0.5519664287567139,0.11805853247642517,0.49609193205833435,0.5000235438346863,0.03997863829135895,0.10389818251132965,0.39872074127197266,0.45628291368484497,0.039351943880319595,0.13972844183444977,0.24104423820972443,0.3905078172683716,0.06189391389489174
27,0.06656605264414912,0.05452145830444668,1.1336014892743982,0.0010719429005605532,0.6978603886521381,0.05152192970558449,0.18114073276519777,0.48114073276519775,2,3222,0.5728775858879089,0.5396466255187988,0.09562485665082932,0,0.001,3.215538740158081,0.19784049689769745,0.10440956801176071,0.17301686108112335,0.5728775858879089,0.10304763913154602,0.4841143786907196,0.5100185871124268,0.04071078449487686,0.08999393880367279,0.3955712914466858,0.4587284326553345,0.03999455273151398,0.15478599071502686,0.23779796063899994,0.38293832540512085,0.06173761188983917
28,0.0644930895903836,0.05251524127695872,1.126592402872832,0.0006402848287151479,0.7055228274801503,0.04262605850784867,0.18253855109214784,0.4825385510921478,2,3222,0.5937259197235107,0.5237616896629333,0.10430815070867538,0,0.001,3.2104694843292236,0.21840277314186096,0.10439595580101013,0.17528322339057922,0.5937259197235107,0.09281076490879059,0.4680633246898651,0.49454671144485474,0.028235770761966705,0.08696014434099197,0.392073392868042,0.4551379382610321,0.02798309549689293,0.15387222170829773,0.23138244450092316,0.3867436349391937,0.05667230859398842
29,0.06622778689083846,0.054319397748812386,1.1196655864300935,0.00046770819766527933,0.7070564834967904,0.036141428064416954,0.1794411361217499,0.4794411361217499,2,3222,0.5702982544898987,0.5495572090148926,0.10545897483825684,0,0.001,3.2389509677886963,0.21994858980178833,0.1047489270567894,0.17631959915161133,0.5702982544898987,0.07467032223939896,0.49038997292518616,0.509850800037384,0.0321345292031765,0.06976135820150375,0.39943835139274597,0.4604529142379761,0.03132693096995354,0.1409408450126648,0.2365686446428299,0.37716254591941833,0.05718112364411354
30,0.060704319373421044,0.04886650115899418,1.1125446454338406,0.0007238129676451259,0.7051345602325771,0.034386042277018226,0.1953885078430176,0.4953885078430176,2,3222,0.6275379061698914,0.5574669241905212,0.11688807606697083,0,0.001,3.2087249755859375,0.228905588388443,0.10305172950029373,0.1756281554698944,0.6275379061698914,0.09713952988386154,0.4931481182575226,0.5121842622756958,0.03316366672515869,0.08740513771772385,0.40636226534843445,0.4641343951225281,0.033063992857933044,0.1630597710609436,0.23884770274162292,0.3776974678039551,0.056226618587970734
31,0.057460895537034325,0.04571251214846321,1.1040989316028098,0.0003016407891940933,0.704378156558327,0.034889018871166085,0.19131202697753907,0.49131202697753906,2,3222,0.6176588535308838,0.5425463914871216,0.07221434265375137,0,0.001,3.212643623352051,0.2185153216123581,0.1046629473567009,0.17475302517414093,0.6176588535308838,0.09463285654783249,0.4877665340900421,0.5053638219833374,0.03217765688896179,0.08547310531139374,0.4005771279335022,0.45994696021080017,0.03125404193997383,0.16903497278690338,0.2358921766281128,0.3822784125804901,0.05366169288754463
32,0.05483000320584878,0.04318200845433318,1.0952173989752065,0.0003390326012816766,0.6924307061278302,0.03478100529423466,0.20507020950317384,0.5050702095031738,2,3222,0.6705231666564941,0.5658546686172485,0.09355749189853668,0,0.001,3.260897159576416,0.24120229482650757,0.1018192395567894,0.17956440150737762,0.6705231666564941,0.08152410387992859,0.4995049238204956,0.5024836659431458,0.029792405664920807,0.07582058012485504,0.40266984701156616,0.4647412896156311,0.030136482790112495,0.15134111046791077,0.23792147636413574,0.3825329542160034,0.053800832480192184
33,0.05841850797119348,0.046846108268136566,1.087180039157038,0.0010895242977193961,0.6897040683290233,0.03299492786548756,0.19935519695281984,0.4993551969528198,2,3222,0.6569411754608154,0.5453997254371643,0.10366876423358917,0,0.001,3.2662792205810547,0.21234586834907532,0.104079969227314,0.17335347831249237,0.6569411754608154,0.07668950408697128,0.5010918378829956,0.5095652341842651,0.03450175002217293,0.07234538346529007,0.40628811717033386,0.45940783619880676,0.032786775380373,0.15882210433483124,0.2390647828578949,0.37150657176971436,0.05438349023461342
34,0.05398009296344674,0.04247571398382601,1.0809838098028433,0.00044193964783082026,0.6901219720425813,0.03624044065122251,0.19470102787017823,0.4947010278701782,2,3222,0.6428269743919373,0.5333557724952698,0.0980370044708252,0,0.001,3.2444918155670166,0.2320536971092224,0.1023433655500412,0.17436225712299347,0.6428269743919373,0.07669693976640701,0.482342928647995,0.5065431594848633,0.02775358222424984,0.07257724553346634,0.3992082476615906,0.45770663022994995,0.028591539710760117,0.15730881690979004,0.23067782819271088,0.3717272877693176,0.052934255450963974
35,0.05321206524968147,0.041804085607114044,1.071961734605872,0.0004936200373618783,0.6834268258965533,0.030512528030960648,0.19668383598327638,0.49668383598327637,2,3222,0.6354670524597168,0.5768370628356934,0.11223302036523819,0,0.001,3.248833417892456,0.21913757920265198,0.10190392285585403,0.17512263357639313,0.6354670524597168,0.07679267227649689,0.5056388974189758,0.5083680152893066,0.03312716633081436,0.0724569633603096,0.41302016377449036,0.465422123670578,0.03250759840011597,0.16410472989082336,0.2405008226633072,0.37747809290885925,0.05378668010234833
36,0.052656043158925095,0.04134560020073601,1.0629122723703799,0.0002636803512122361,0.6786829492320186,0.03688994231047454,0.1950237274169922,0.4950237274169922,2,3222,0.6252288222312927,0.566962718963623,0.08078707009553909,0,0.001,3.2147293090820312,0.2334926277399063,0.10113497078418732,0.17707835137844086,0.6252288222312927,0.07071797549724579,0.499172180891037,0.5142455101013184,0.02984989807009697,0.06563706696033478,0.4053345024585724,0.4686923623085022,0.029198672622442245,0.1554984748363495,0.23709917068481445,0.37192827463150024,0.049574702978134155
37,0.056433247483294945,0.04518455801450688,1.0560306155163308,0.0004913324120697444,0.6834704487220101,0.04292459332501447,0.17042715549468995,0.47042715549468994,2,3222,0.5415682196617126,0.5494511723518372,0.09076106548309326,0,0.001,3.224454164505005,0.19748279452323914,0.10510656237602234,0.17533467710018158,0.5415682196617126,0.06928861141204834,0.4958381950855255,0.5065293312072754,0.031227221712470055,0.06556849181652069,0.40130260586738586,0.46222007274627686,0.030719084665179253,0.1709747314453125,0.2385796457529068,0.3713908791542053,0.05264781787991524
38,0.062203828893277954,0.05100996857104094,1.0503559268039206,0.00031038247739754456,0.6871976360030796,0.036397511800130206,0.18764395713806153,0.4876439571380615,2,3222,0.6011663675308228,0.5607665777206421,0.09779557585716248,0,0.001,3.26574969291687,0.22393058240413666,0.10585910081863403,0.17671413719654083,0.6011663675308228,0.07425764203071594,0.49715039134025574,0.5098557472229004,0.03231165185570717,0.07034239172935486,0.401990681886673,0.4656051993370056,0.03148595243692398,0.18034569919109344,0.23998208343982697,0.3739486038684845,0.054075200110673904
39,0.05396547589613044,0.04283476766684781,1.043859839439392,0.000425971026466552,0.6878499984741211,0.03228106745967159,0.20953501462936402,0.509535014629364,2,3222,0.6743567585945129,0.5796056985855103,0.07127895206212997,0,0.001,3.260756731033325,0.22251597046852112,0.1051645502448082,0.17569178342819214,0.6743567585945129,0.06491297483444214,0.4966708719730377,0.5171878933906555,0.028123779222369194,0.06141374260187149,0.40279823541641235,0.47232747077941895,0.02746632881462574,0.16878770291805267,0.23971611261367798,0.37426790595054626,0.04866980388760567
40,0.05086439766961595,0.03981249342146127,1.036458300507587,0.0003437571293666817,0.6838841334633206,0.03304633472583912,0.20173801183700563,0.5017380118370056,2,3222,0.6419563889503479,0.5725691318511963,0.07751037925481796,0,0.001,3.243145704269409,0.24532561004161835,0.10353954881429672,0.175019308924675,0.6419563889503479,0.06806110590696335,0.49236345291137695,0.5164969563484192,0.031718745827674866,0.06437326967716217,0.40380844473838806,0.47524747252464294,0.031225837767124176,0.17413941025733948,0.2357289344072342,0.37325119972229004,0.05260685458779335
41,0.04873630728410638,0.037763304522503975,1.0289378010708352,0.0003833015623019057,0.6797923056975655,0.031633923000759546,0.19896925687789918,0.49896925687789917,2,3222,0.6553481817245483,0.540941596031189,0.06698520481586456,0,0.001,3.241375684738159,0.21383003890514374,0.10438816994428635,0.1792510747909546,0.6553481817245483,0.05712008848786354,0.48050522804260254,0.5032688975334167,0.02644260600209236,0.0548173226416111,0.39613986015319824,0.4630157947540283,0.026486430317163467,0.1619659811258316,0.23389779031276703,0.37424424290657043,0.04883817210793495
42,0.04893101152518521,0.03805051128501478,1.0209611550621365,0.00016102076093058872,0.669279088144717,0.04482382597746672,0.19825817346572877,0.49825817346572876,2,3222,0.6311350464820862,0.5666322112083435,0.06905101239681244,0,0.001,3.2272372245788574,0.2289608269929886,0.10520751774311066,0.17007862031459808,0.6311350464820862,0.06784573197364807,0.48644742369651794,0.5300465226173401,0.03070290945470333,0.06493224948644638,0.3973788917064667,0.472940057516098,0.030120480805635452,0.1565403789281845,0.23388366401195526,0.35891106724739075,0.04983384907245636
43,0.0514713690980621,0.0406434108381686,1.0145176182622495,0.0008653265122911366,0.6741279234056887,0.029802750198929397,0.20622695684432985,0.5062269568443298,2,3222,0.6794576048851013,0.5616579651832581,0.09083663672208786,0,0.001,3.224717378616333,0.25195589661598206,0.10389592498540878,0.17625176906585693,0.6794576048851013,0.058793291449546814,0.4938959777355194,0.5085862278938293,0.02722904086112976,0.05848465487360954,0.404605507850647,0.46549153327941895,0.02690925821661949,0.16677743196487427,0.23756065964698792,0.37137240171432495,0.04992273822426796
44,0.04746392547436382,0.03670221907289132,1.0086901187896729,0.00015120318320164782,0.6732936112777047,0.028934359232584635,0.2031060576438904,0.5031060576438904,2,3222,0.6582607626914978,0.5656650066375732,0.07494274526834488,0,0.001,3.23449969291687,0.21680229902267456,0.10551398992538452,0.17713625729084015,0.6582607626914978,0.050984062254428864,0.4910030663013458,0.5138568878173828,0.030427344143390656,0.05346167832612991,0.401150643825531,0.47111833095550537,0.029122348874807358,0.16333386301994324,0.23677682876586914,0.3691881597042084,0.048865631222724915
45,0.04609662132418674,0.035420536670995796,1.001063302807186,0.00021094660627093853,0.663342208965965,0.028701824612087673,0.20548362731933595,0.5054836273193359,2,3222,0.6761147975921631,0.573440670967102,0.08186141401529312,0,0.001,3.2005748748779297,0.24473144114017487,0.10485657304525375,0.17814217507839203,0.6761147975921631,0.06570450961589813,0.5039132833480835,0.5095774531364441,0.023395923897624016,0.06253444403409958,0.4103621542453766,0.4677085280418396,0.02442740462720394,0.16134263575077057,0.24003513157367706,0.36853349208831787,0.04813006892800331
46,0.045618116369713906,0.0350224093898483,0.9931822160015935,0.00014560924730334511,0.6624294648999753,0.02749175234194155,0.20577056407928468,0.5057705640792847,2,3222,0.6700440645217896,0.5531799793243408,0.0745680034160614,0,0.001,3.209582567214966,0.2361154407262802,0.10625981539487839,0.17752563953399658,0.6700440645217896,0.060286521911621094,0.4843887686729431,0.5143839120864868,0.029725292697548866,0.059000879526138306,0.39699405431747437,0.46961334347724915,0.02867855131626129,0.1711258888244629,0.23619210720062256,0.36904090642929077,0.04876413196325302
47,0.0441486106618591,0.03364081227261087,0.985397616158361,0.00011479132982735199,0.6526746646217678,0.030388443558304397,0.1983193576335907,0.4983193576335907,2,3222,0.6487832069396973,0.5686811208724976,0.07184511423110962,0,0.001,3.21972918510437,0.2328171581029892,0.1020096093416214,0.18042385578155518,0.6487832069396973,0.06261485069990158,0.5039428472518921,0.5072703957557678,0.030152278020977974,0.059808872640132904,0.4108370840549469,0.46544694900512695,0.029439372941851616,0.18070946633815765,0.2415342479944229,0.3717769384384155,0.053366146981716156
48,0.046150528866311775,0.035717149953479355,0.9782824749531953,0.0004268407117152769,0.646285663480344,0.02781380349618417,0.20896388292312623,0.5089638829231262,2,3222,0.6813883185386658,0.5602629780769348,0.06020071357488632,0,0.001,3.2439796924591064,0.2222946137189865,0.10547753423452377,0.17479214072227478,0.6813883185386658,0.05107033997774124,0.4870741665363312,0.5195403099060059,0.02683405391871929,0.04963841661810875,0.39784061908721924,0.4681399464607239,0.026314901188015938,0.1592079997062683,0.23707139492034912,0.36678698658943176,0.04586105793714523
49,0.04534292140084764,0.03497441663690235,0.9720321815946827,0.00015643008958684968,0.6466187756994496,0.030035957053855613,0.20951802730560304,0.509518027305603,2,3222,0.691801905632019,0.5528411269187927,0.05056698992848396,0,0.001,3.2486908435821533,0.22207018733024597,0.10412245243787766,0.1729290783405304,0.691801905632019,0.056327346712350845,0.4813133478164673,0.5200321078300476,0.021828657016158104,0.05747067183256149,0.3935604393482208,0.4671351909637451,0.022504771128296852,0.15901875495910645,0.23475059866905212,0.35910284519195557,0.045796990394592285
50,0.045538663054290024,0.03523068008539469,0.9658580629721932,0.00030075750565510646,0.6463950431865194,0.030918822677047163,0.2087088942527771,0.5087088942527771,2,3222,0.6788725256919861,0.5676294565200806,0.06505503505468369,0,0.0001,3.253437042236328,0.22208750247955322,0.10290016978979111,0.17607438564300537,0.6788725256919861,0.06840188056230545,0.49944373965263367,0.516882061958313,0.03114432841539383,0.06232874095439911,0.40395480394363403,0.4694823622703552,0.02904263138771057,0.1740402728319168,0.236827552318573,0.36959871649742126,0.04842174053192139
51,0.04045155223297036,0.030186133297241253,0.9618852553160294,0.00016562877958083686,0.6449103692303533,0.025031470122160736,0.21057231426239015,0.5105723142623901,2,3222,0.6858871579170227,0.5737646222114563,0.057590194046497345,0,0.0001,3.2668840885162354,0.22577545046806335,0.10362750291824341,0.17834265530109406,0.6858871579170227,0.06816026568412781,0.5006381273269653,0.5166439414024353,0.027708878740668297,0.06505407392978668,0.40590882301330566,0.47089895606040955,0.02633567340672016,0.17945420742034912,0.2381938397884369,0.36885908246040344,0.04761571064591408
52,0.038966050452512245,0.028722414018019386,0.960108088410419,9.798423517444779e-05,0.6415754997211954,0.025379159998010707,0.2054956078529358,0.5054956078529358,2,3222,0.6690967679023743,0.5636661648750305,0.0729510486125946,0,0.0001,3.241800308227539,0.23786774277687073,0.10348004102706909,0.1771223396062851,0.6690967679023743,0.06122101843357086,0.4966183006763458,0.5145858526229858,0.02742285467684269,0.060084350407123566,0.4034280776977539,0.46835416555404663,0.02666754461824894,0.17465224862098694,0.23729102313518524,0.36994555592536926,0.048816487193107605
53,0.03821962990838548,0.027995142518826153,0.9585166910420293,7.786364142742494e-05,0.6385421701099562,0.024963733814380787,0.21063960790634156,0.5106396079063416,2,3222,0.6805622577667236,0.5760185122489929,0.06449933350086212,0,0.0001,3.2564022541046143,0.23121042549610138,0.10422490537166595,0.17536549270153046,0.6805622577667236,0.057966675609350204,0.49647825956344604,0.5220465660095215,0.02635260298848152,0.0571298822760582,0.40353360772132874,0.473188579082489,0.025621537119150162,0.17294946312904358,0.23712264001369476,0.3667609393596649,0.04792218282818794
54,0.03797241753858069,0.02776571735739708,0.9570123138635055,8.081953843508887e-05,0.6357697689014933,0.024309842710141784,0.2108913779258728,0.5108913779258728,2,3222,0.6866176128387451,0.5778459906578064,0.05895429849624634,0,0.0001,3.1980197429656982,0.22304438054561615,0.10220594704151154,0.1772848218679428,0.6866176128387451,0.05812681093811989,0.500672459602356,0.5174486041069031,0.025850987061858177,0.05677161365747452,0.40740808844566345,0.4715041518211365,0.02538738213479519,0.16858839988708496,0.23831205070018768,0.367995023727417,0.046791255474090576
55,0.037917655123316726,0.027726619220946148,0.955690684525863,9.382767324416858e-05,0.6331910490989685,0.024479930736400462,0.20774073600769044,0.5077407360076904,2,3222,0.6837422251701355,0.5728223919868469,0.07035627961158752,0,0.0001,3.1909584999084473,0.23902657628059387,0.1041456013917923,0.17972978949546814,0.6837422251701355,0.057535696774721146,0.5033496618270874,0.5102913975715637,0.025115733966231346,0.057249244302511215,0.4064027965068817,0.46692565083503723,0.02488476037979126,0.17248646914958954,0.23952670395374298,0.37000370025634766,0.047633953392505646
56,0.037806009468824966,0.027629674695756123,0.9543979867644932,7.803078346035403e-05,0.631574589273204,0.024861460085268374,0.2115289092063904,0.5115289092063904,2,3222,0.6855191588401794,0.5689632892608643,0.05982848256826401,0,0.0001,3.2076594829559326,0.238278329372406,0.1039147600531578,0.17549356818199158,0.6855191588401794,0.05685633793473244,0.49255841970443726,0.522461473941803,0.024222908541560173,0.057053714990615845,0.39856159687042236,0.4721679389476776,0.024202780798077583,0.16920167207717896,0.23591119050979614,0.3659670650959015,0.04732579365372658
57,0.03785357818655346,0.027691545774755272,0.9531842625659445,8.568583902872533e-05,0.6293332861817401,0.02433418952094184,0.21213568449020387,0.5121356844902039,2,3222,0.6887167692184448,0.5758872032165527,0.05289824306964874,0,0.0001,3.1790382862091064,0.22570617496967316,0.102882020175457,0.17625701427459717,0.6887167692184448,0.05609270557761192,0.496130108833313,0.5196951031684875,0.02458668127655983,0.05534882843494415,0.4024197459220886,0.4720882475376129,0.024264033883810043,0.16856497526168823,0.23700986802577972,0.36804264783859253,0.04655740037560463
58,0.03778490699503733,0.027636619527702747,0.9520168667254241,9.130039941975038e-05,0.6272060508313386,0.02521003779658565,0.21086485385894777,0.5108648538589478,2,3222,0.6811046004295349,0.5795304775238037,0.056421853601932526,0,0.0001,3.1921958923339844,0.2267935872077942,0.10287752747535706,0.1745583713054657,0.6811046004295349,0.05640263110399246,0.496316134929657,0.5249274373054504,0.02572525478899479,0.05536756291985512,0.4029015004634857,0.47344309091567993,0.025304220616817474,0.1686953455209732,0.23732437193393707,0.36398428678512573,0.04713824391365051
59,0.03771490976214409,0.027581298966770588,0.9508006520893263,7.989307272035386e-05,0.6248054789460223,0.024724391795970774,0.2117689371109009,0.5117689371109009,2,3222,0.6851022839546204,0.580876886844635,0.06709767878055573,0,0.0001,3.2013795375823975,0.24101796746253967,0.10538433492183685,0.1759566217660904,0.6851022839546204,0.05698773264884949,0.49675530195236206,0.5231562256813049,0.024241646751761436,0.05723484605550766,0.4017915427684784,0.47442489862442017,0.02428271435201168,0.17158114910125732,0.2381070852279663,0.36439216136932373,0.04754194617271423
60,0.037611002831355385,0.02749141767297102,0.9495878686075625,7.03800547141683e-05,0.6230029515598131,0.025649340594256366,0.21100993156433107,0.511009931564331,2,3222,0.6904470920562744,0.5829538106918335,0.05527408421039581,0,0.0001,3.199596881866455,0.22210168838500977,0.10106101632118225,0.17830274999141693,0.6904470920562744,0.057887475937604904,0.5060784816741943,0.5173691511154175,0.024464035406708717,0.056122295558452606,0.41237643361091614,0.47005578875541687,0.02429855428636074,0.16879132390022278,0.24157918989658356,0.3661677837371826,0.046273767948150635
61,0.03741380183593086,0.027307424046423123,0.9484241112418796,7.490964882258002e-05,0.6213877693466519,0.02437518310546875,0.20842028856277467,0.5084202885627747,2,3222,0.6792938709259033,0.5670368671417236,0.06202013045549393,0,0.0001,3.264664649963379,0.23308724164962769,0.10346639156341553,0.17810186743736267,0.6792938709259033,0.05819632485508919,0.49529945850372314,0.5158083438873291,0.025419868528842926,0.0571461096405983,0.40086629986763,0.4696030616760254,0.025164330378174782,0.1715112179517746,0.2372867912054062,0.3689759373664856,0.0478847436606884
62,0.03737357226402863,0.027280331629773846,0.9472872588945471,7.75444981548429e-05,0.6195922908575638,0.024855055067274305,0.21022398471832277,0.5102239847183228,2,3222,0.6822096109390259,0.5724676251411438,0.0659668892621994,0,0.0001,3.2243964672088623,0.23673884570598602,0.10512735694646835,0.17728838324546814,0.6822096109390259,0.055152375251054764,0.4903298020362854,0.5173919796943665,0.024782508611679077,0.05597923696041107,0.39970502257347107,0.4724515676498413,0.02454495243728161,0.1723225861787796,0.23703376948833466,0.368842750787735,0.047885067760944366
63,0.03722393609907316,0.027144062292316685,0.9461236233296602,6.98599820759188e-05,0.6179386014523713,0.02419206435592086,0.21043820381164552,0.5104382038116455,2,3222,0.6801913976669312,0.5812462568283081,0.06223168969154358,0,0.0001,3.2091727256774902,0.22824473679065704,0.10303270071744919,0.17635361850261688,0.6801913976669312,0.058994878083467484,0.49893587827682495,0.5221800804138184,0.025797471404075623,0.057964522391557693,0.40574920177459717,0.47390976548194885,0.02549656853079796,0.1742934286594391,0.23784929513931274,0.36547160148620605,0.0478946715593338
64,0.037246557843426,0.027179811959681305,0.9449259431465812,6.63470730258901e-05,0.6168230953423873,0.024240202162000866,0.21167523860931398,0.511675238609314,2,3222,0.6821091771125793,0.5788500308990479,0.06233566254377365,0,0.0001,3.2079784870147705,0.22828400135040283,0.10391413420438766,0.17561614513397217,0.6821091771125793,0.06211070343852043,0.4953598976135254,0.5256310105323792,0.02485838159918785,0.06059979274868965,0.4008738398551941,0.47491493821144104,0.024645015597343445,0.1732816845178604,0.2372276782989502,0.3640459477901459,0.046951472759246826
65,0.037304323490547096,0.0272513079740431,0.9437223983847577,5.884241925188057e-05,0.615203435006349,0.02387407543041088,0.20925540924072267,0.5092554092407227,2,3222,0.6830359101295471,0.5749830007553101,0.06031978130340576,0,0.0001,3.203627824783325,0.22919043898582458,0.10327868908643723,0.17884300649166107,0.6830359101295471,0.056480150669813156,0.49967652559280396,0.5148927569389343,0.0246125441044569,0.05644844472408295,0.40495556592941284,0.4703887701034546,0.024307817220687866,0.17157608270645142,0.23856164515018463,0.3687041997909546,0.047581057995557785
66,0.03701621261627778,0.026975936458810516,0.9425752551659293,6.782041284326544e-05,0.6138455168060635,0.02400213001392506,0.20741350650787355,0.5074135065078735,2,3222,0.6774144768714905,0.5732460021972656,0.05377383530139923,0,0.0001,3.192113161087036,0.22749415040016174,0.10313282161951065,0.17829355597496033,0.6774144768714905,0.05895697697997093,0.5002418160438538,0.5154789090156555,0.025174424052238464,0.05777749791741371,0.4063381254673004,0.46902549266815186,0.024998292326927185,0.176164448261261,0.23821398615837097,0.3677350580692291,0.048032790422439575
67,0.03718966893527819,0.02716218947392443,0.9414370863333993,6.453422342335968e-05,0.6124633006427599,0.024638507136592158,0.21075273752212526,0.5107527375221252,2,3222,0.6821470856666565,0.5710350871086121,0.06327103078365326,0,0.0001,3.232905387878418,0.2345964014530182,0.10358601063489914,0.1763814389705658,0.6821470856666565,0.05425948649644852,0.48894941806793213,0.5207844972610474,0.023786436766386032,0.05504437908530235,0.3991573750972748,0.4733293354511261,0.023842675611376762,0.1703067421913147,0.23609615862369537,0.3667500615119934,0.04724563658237457
68,0.037169270055449524,0.027156132718791134,0.9402355292569036,7.126233844167513e-05,0.6100699849750685,0.02475421255606192,0.2116696357727051,0.5116696357727051,2,3222,0.690673291683197,0.5800265073776245,0.06140419468283653,0,0.0001,3.187821388244629,0.2313130795955658,0.10452557355165482,0.17812801897525787,0.690673291683197,0.05831282585859299,0.5006935000419617,0.518093466758728,0.023319754749536514,0.058540552854537964,0.4039307236671448,0.4716266691684723,0.02339414320886135,0.17241905629634857,0.2387928068637848,0.3662852644920349,0.04657648876309395
69,0.037221715016209564,0.02722084838087144,0.9390595710795858,6.903025480468109e-05,0.6095807863318402,0.023788976316098814,0.21118600368499757,0.5111860036849976,2,3222,0.6844050288200378,0.5884725451469421,0.05508073791861534,0,0.0001,3.2793333530426025,0.22725385427474976,0.1020406112074852,0.17690494656562805,0.6844050288200378,0.056485824286937714,0.5048037767410278,0.5219560861587524,0.02498931623995304,0.05586470663547516,0.4109318256378174,0.4734967350959778,0.024721475318074226,0.17271772027015686,0.23977963626384735,0.36488640308380127,0.047254789620637894
70,0.0371250468103782,0.02713792957365513,0.9378463340842206,6.358861877663952e-05,0.6080178385195525,0.026100830643265335,0.20940901041030885,0.5094090104103088,2,3222,0.6830072402954102,0.5896577835083008,0.05967562645673752,0,0.0001,3.2131521701812744,0.22265160083770752,0.10203087329864502,0.1787954419851303,0.6830072402954102,0.055675208568573,0.5071448683738708,0.5175549983978271,0.023222541436553,0.055027075111866,0.41422510147094727,0.4716309905052185,0.023448482155799866,0.17309530079364777,0.2423691749572754,0.36544284224510193,0.046464283019304276
71,0.03660471915550854,0.026630553538384644,0.9366851526757946,5.728916601029873e-05,0.6067412443782972,0.023727604901349102,0.2102120041847229,0.5102120041847229,2,3222,0.6804566383361816,0.582688570022583,0.0566067174077034,0,0.0001,3.201165199279785,0.22912316024303436,0.10372006148099899,0.17743408679962158,0.6804566383361816,0.055104129016399384,0.4994867742061615,0.5205739736557007,0.02434423193335533,0.054797474294900894,0.4035390019416809,0.4725712835788727,0.02424602024257183,0.17161616683006287,0.23854190111160278,0.3672460913658142,0.046971265226602554
72,0.037171567101841385,0.027210293013764465,0.9354534589725992,6.337654786361584e-05,0.6061065093330715,0.02503030988905165,0.21060712337493898,0.510607123374939,2,3222,0.6800439357757568,0.5732755064964294,0.06745386868715286,0,0.0001,3.2216672897338867,0.23776203393936157,0.10507640242576599,0.17632406949996948,0.6800439357757568,0.054344382137060165,0.4891502261161804,0.5220867395401001,0.02449662797152996,0.055096860975027084,0.39836448431015015,0.4742222726345062,0.02438955567777157,0.17330919206142426,0.2365247756242752,0.3660754859447479,0.047704968601465225
73,0.03669255502198054,0.026746202827147816,0.9342229418132616,5.089732898657372e-05,0.6036141462948011,0.02417816698992694,0.21106566190719606,0.511065661907196,2,3222,0.6862163543701172,0.5692670941352844,0.04218924790620804,0,0.0001,3.2053730487823486,0.21139352023601532,0.10148105025291443,0.17590774595737457,0.6862163543701172,0.055440694093704224,0.4912183880805969,0.5210216045379639,0.023738466203212738,0.05419398099184036,0.4035467505455017,0.4713333249092102,0.02363106608390808,0.1706189066171646,0.2351258099079132,0.3656914532184601,0.046212173998355865
74,0.03669746171521104,0.02676390127643295,0.9330414352209672,6.959662958093838e-05,0.6024504278017127,0.02490188768174913,0.20915640592575074,0.5091564059257507,2,3222,0.6871916651725769,0.5824885964393616,0.05847890302538872,0,0.0001,3.2106690406799316,0.2233928143978119,0.10165918618440628,0.17992323637008667,0.6871916651725769,0.05661177635192871,0.5046780109405518,0.5104058980941772,0.0230418648570776,0.0560060553252697,0.41533035039901733,0.4691469371318817,0.023142842575907707,0.17444738745689392,0.24238228797912598,0.3698810636997223,0.04669373854994774
75,0.0367968476012997,0.02687650335871655,0.9318365065947823,5.927932184219927e-05,0.6013866481573685,0.024559404726381656,0.21450353860855104,0.514503538608551,2,3222,0.6862906217575073,0.587222695350647,0.051223818212747574,0,0.0001,3.2180676460266113,0.22690390050411224,0.10292947292327881,0.1747996211051941,0.6862906217575073,0.056415073573589325,0.49198397994041443,0.5282710194587708,0.024126777425408363,0.05603471025824547,0.4018879532814026,0.4792623817920685,0.024041099473834038,0.1746217906475067,0.23538267612457275,0.36419007182121277,0.04731808602809906
76,0.03650942833527275,0.02660265848364519,0.9305631129638009,6.133664599316114e-05,0.6005254880241726,0.02469260773835359,0.20688409805297853,0.5068840980529785,2,3222,0.6777364611625671,0.579319953918457,0.05335180461406708,0,0.0001,3.207474708557129,0.22087179124355316,0.10102149099111557,0.1786164790391922,0.6777364611625671,0.055118314921855927,0.5036327838897705,0.5137377381324768,0.023775657638907433,0.054389409720897675,0.4140477776527405,0.4679182171821594,0.023980891332030296,0.17213840782642365,0.2421150952577591,0.36814412474632263,0.04661550372838974
77,0.03653997361012127,0.026647135453379673,0.9293541752773783,6.003374137040025e-05,0.5986965013586957,0.02390994969120732,0.21019132137298585,0.5101913213729858,2,3222,0.682801365852356,0.5863470435142517,0.04726020619273186,0,0.0001,3.201883554458618,0.221335768699646,0.10100535303354263,0.17834153771400452,0.682801365852356,0.05822528153657913,0.5037003755569458,0.5186891555786133,0.023207375779747963,0.057408057153224945,0.41315460205078125,0.472402960062027,0.023497626185417175,0.17425404489040375,0.24156136810779572,0.3668719232082367,0.046946704387664795
78,0.03713597616423731,0.02725638060466103,0.9282076851181362,5.821177894730404e-05,0.5969370266665583,0.023417381286621092,0.21107323169708253,0.5110732316970825,2,3222,0.6819846630096436,0.5898194909095764,0.06032580882310867,0,0.0001,3.233949899673462,0.2267521619796753,0.10180726647377014,0.17728905379772186,0.6819846630096436,0.05507674440741539,0.5009452104568481,0.521187424659729,0.02430490404367447,0.055309996008872986,0.4096204340457916,0.47474467754364014,0.024090081453323364,0.1720982939004898,0.23902465403079987,0.36637622117996216,0.04711350426077843
79,0.03668114672536436,0.026814746305994366,0.9269984157189078,6.10133971824088e-05,0.5958062073458796,0.023787985342520256,0.2127767324447632,0.5127767324447632,2,3222,0.6869336366653442,0.5865585207939148,0.04638262465596199,0,0.0001,3.212101936340332,0.2185295969247818,0.10248645395040512,0.17648111283779144,0.6869336366653442,0.058823347091674805,0.49968382716178894,0.5238041877746582,0.024122795090079308,0.056964755058288574,0.40663814544677734,0.474569171667099,0.024080216884613037,0.17547892034053802,0.2373981773853302,0.3657999038696289,0.04726377874612808
80,0.036201699920322586,0.026349732652306557,0.9256798314011615,5.344400905533289e-05,0.5946353518444559,0.02389240801775897,0.2105935335159302,0.5105935335159302,2,3222,0.6820093393325806,0.5633764266967773,0.057195790112018585,0,0.0001,3.2026174068450928,0.2299327701330185,0.10447278618812561,0.17621974647045135,0.6820093393325806,0.05200894549489021,0.4822688102722168,0.5210533142089844,0.02290307730436325,0.05254573002457619,0.39566469192504883,0.47241607308387756,0.023035768419504166,0.17335523664951324,0.2355736494064331,0.36689531803131104,0.04652897268533707
81,0.03618700348812601,0.0263489228065895,0.9244113875472028,5.9525472707995824e-05,0.593371103639188,0.02503294965955946,0.2084153413772583,0.5084153413772583,2,3222,0.6754665970802307,0.5723237991333008,0.06248968839645386,0,0.0001,3.201093912124634,0.23433659970760345,0.1017812192440033,0.17628253996372223,0.6754665970802307,0.05285099521279335,0.48603057861328125,0.5172035098075867,0.023894522339105606,0.05360640585422516,0.404269278049469,0.47230011224746704,0.02391352318227291,0.1751035451889038,0.23637303709983826,0.36869120597839355,0.04803735390305519
82,0.036300254904705544,0.026475948322078457,0.9232279191846433,5.655159032397458e-05,0.5914622571157373,0.023981864081488714,0.2118398666381836,0.5118398666381836,2,3222,0.6892725229263306,0.5811606049537659,0.0661206915974617,0,0.0001,3.1981868743896484,0.23682942986488342,0.10210257768630981,0.1779886782169342,0.6892725229263306,0.05433187261223793,0.49761807918548584,0.5174145102500916,0.023448718711733818,0.05537288635969162,0.40727490186691284,0.47239556908607483,0.023538438603281975,0.1751466691493988,0.23836471140384674,0.3682769238948822,0.04787437617778778
83,0.036206521903691086,0.026396770516167515,0.921910708365233,5.2637900491548784e-05,0.5901183252749236,0.02395621179651331,0.21123613119125367,0.5112361311912537,2,3222,0.6849952340126038,0.5869594216346741,0.046945929527282715,0,0.0001,3.2031800746917725,0.21075427532196045,0.100872702896595,0.1770937293767929,0.6849952340126038,0.05572829395532608,0.503200352191925,0.5211758613586426,0.024372728541493416,0.05430497229099274,0.4136362671852112,0.4733126163482666,0.024028748273849487,0.17353683710098267,0.24218720197677612,0.3654608726501465,0.04658598080277443
84,0.036977754500897034,0.027179711376843246,0.920797252136728,7.564723779543546e-05,0.5893147976502128,0.023861221878616896,0.2147116780281067,0.5147116780281067,2,3222,0.6932857036590576,0.5922930240631104,0.053570207208395004,0,0.0001,3.1955149173736572,0.22416673600673676,0.10390210151672363,0.17533451318740845,0.6932857036590576,0.054524410516023636,0.5001360774040222,0.5264487862586975,0.022626912221312523,0.054365694522857666,0.4060617983341217,0.4761126637458801,0.022539883852005005,0.17263761162757874,0.23867112398147583,0.36299970746040344,0.04611589387059212
85,0.03625474562463553,0.02647021218486454,0.9195866999418839,5.048805874337078e-05,0.588161940160005,0.023410089846010562,0.21334464550018312,0.5133446455001831,2,3222,0.6860644817352295,0.5968223214149475,0.05081522837281227,0,0.0001,3.1995246410369873,0.22384484112262726,0.10115806013345718,0.17538490891456604,0.6860644817352295,0.0578116811811924,0.5026509761810303,0.5273087620735168,0.0238341037184,0.05687685310840607,0.4108573794364929,0.47644516825675964,0.023827092722058296,0.17612959444522858,0.23978833854198456,0.3635602593421936,0.047284085303545
86,0.036176347700150116,0.026405487614481346,0.918286250985187,5.2796085978827804e-05,0.58747013496316,0.02428234241626881,0.209688138961792,0.509688138961792,2,3222,0.6779962778091431,0.5821898579597473,0.05849597230553627,0,0.0001,3.212401866912842,0.23395836353302002,0.10214617103338242,0.1773114651441574,0.6779962778091431,0.05543360486626625,0.49707770347595215,0.5205225348472595,0.025446616113185883,0.05523591861128807,0.40646567940711975,0.4730533957481384,0.025254447013139725,0.17714542150497437,0.23846857249736786,0.36718031764030457,0.04838986322283745
87,0.036108641034883,0.02635132472800172,0.917043994302335,4.9218550924231984e-05,0.5863851101502128,0.023533316718207464,0.21248013973236085,0.5124801397323608,2,3222,0.6896045207977295,0.5852285027503967,0.05216421186923981,0,0.0001,3.211076021194458,0.2255452573299408,0.10258080065250397,0.17711101472377777,0.6896045207977295,0.056492097675800323,0.5010284185409546,0.5216391682624817,0.023639613762497902,0.05600503832101822,0.407946914434433,0.4732826054096222,0.02337448112666607,0.17552395164966583,0.2385602444410324,0.3653944134712219,0.047239091247320175
88,0.0363841461746589,0.026641454142720802,0.9157353069471277,5.405055217915619e-05,0.5847984604213549,0.025385350545247397,0.2120288133621216,0.5120288133621216,2,3222,0.6867260932922363,0.5955474376678467,0.05994882807135582,0,0.0001,3.212733507156372,0.21920698881149292,0.10140018910169601,0.1767049878835678,0.6867260932922363,0.051120880991220474,0.5049930214881897,0.5228615999221802,0.023066256195306778,0.05239252373576164,0.4145693778991699,0.4744592607021332,0.022979749366641045,0.17022091150283813,0.24272070825099945,0.36406823992729187,0.04586946219205856
89,0.03587224140115406,0.02614285472942435,0.9144629032715507,5.7476971762852095e-05,0.5841828247775203,0.023640554074887875,0.20956547260284425,0.5095654726028442,2,3222,0.679294228553772,0.5843151807785034,0.06055847927927971,0,0.0001,3.2057900428771973,0.23012188076972961,0.10214225947856903,0.17830471694469452,0.679294228553772,0.054800260812044144,0.5005993843078613,0.5188297033309937,0.023162156343460083,0.055208828300237656,0.40856778621673584,0.47270628809928894,0.023209037259221077,0.17411071062088013,0.23872512578964233,0.3674317002296448,0.04735865443944931
90,0.035544516761665756,0.02582929129509822,0.9131694954374562,5.022139094248617e-05,0.5830280625301859,0.023190627486617477,0.21082062721252443,0.5108206272125244,2,3222,0.6811911463737488,0.5881977677345276,0.055280573666095734,0,0.0001,3.219485282897949,0.22552067041397095,0.10149352997541428,0.1763010025024414,0.6811911463737488,0.052578628063201904,0.5016127228736877,0.5233413577079773,0.024879449978470802,0.0528237484395504,0.41200512647628784,0.473678320646286,0.024640871211886406,0.1715538501739502,0.24036754667758942,0.3650716245174408,0.04746292904019356
91,0.036072772158228836,0.026371382500814354,0.9119286977726481,6.167555709354296e-05,0.581485162610593,0.02382045661078559,0.21256304979324342,0.5125630497932434,2,3222,0.6898632645606995,0.577691912651062,0.045830000191926956,0,0.0001,3.2027676105499268,0.21460579335689545,0.1031968742609024,0.17543886601924896,0.6898632645606995,0.0505751371383667,0.4933058023452759,0.5239749550819397,0.021101385354995728,0.05086986720561981,0.40296682715415955,0.47204262018203735,0.02149292826652527,0.16940976679325104,0.23641468584537506,0.36437132954597473,0.04490203410387039
92,0.03596837689047274,0.02628120545135892,0.9106429556141729,5.494795756100717e-05,0.5801920657572539,0.02391082735414858,0.20987529754638673,0.5098752975463867,2,3222,0.6845813393592834,0.5777737498283386,0.04489976540207863,0,0.0001,3.2010011672973633,0.2112441062927246,0.10085676610469818,0.17797517776489258,0.6845813393592834,0.05305919051170349,0.5005214214324951,0.5182932019233704,0.02325265295803547,0.05203927680850029,0.41048264503479004,0.469718337059021,0.02317800559103489,0.17161841690540314,0.2399953007698059,0.36690834164619446,0.04651094973087311
93,0.035651431621416756,0.02597817908162656,0.9093219508295474,5.004705804901238e-05,0.5795321645944015,0.023444846824363427,0.21008498668670655,0.5100849866867065,2,3222,0.6843699216842651,0.5852906703948975,0.06432493776082993,0,0.0001,3.195054292678833,0.22542539238929749,0.10202796012163162,0.17819179594516754,0.6843699216842651,0.049308549612760544,0.5020334124565125,0.5169172883033752,0.02306467667222023,0.05123556777834892,0.4122328758239746,0.47103387117385864,0.023105956614017487,0.17330724000930786,0.24157652258872986,0.36801886558532715,0.04691792279481888
94,0.03532596499375675,0.02566807012519111,0.9079674845156462,5.086633846867303e-05,0.5777114888896113,0.024823523062246815,0.20640988349914552,0.5064098834991455,2,3222,0.6716632843017578,0.5709787607192993,0.0562007762491703,0,0.0001,3.221356153488159,0.23387698829174042,0.10231524705886841,0.1775732785463333,0.6716632843017578,0.050286680459976196,0.4915466010570526,0.5149796009063721,0.022929435595870018,0.05178624019026756,0.4064863324165344,0.4691917598247528,0.023066876456141472,0.17485369741916656,0.23724612593650818,0.36980482935905457,0.047166671603918076
95,0.03591514961875003,0.026270713819109875,0.9067892587703207,5.695798529853599e-05,0.5759735392487567,0.023939170554832176,0.20910121202468873,0.5091012120246887,2,3222,0.679686963558197,0.5714309811592102,0.05594489723443985,0,0.0001,3.2049317359924316,0.22492103278636932,0.10429898649454117,0.1778886467218399,0.679686963558197,0.05265605449676514,0.49546054005622864,0.5189939141273499,0.02431761845946312,0.05357101559638977,0.40201571583747864,0.4707663953304291,0.023786498233675957,0.17575010657310486,0.23763085901737213,0.36695754528045654,0.0473603717982769
96,0.03554391132100769,0.02591384979693786,0.9054446453633516,5.407767062222221e-05,0.5750745120255844,0.025120428014684608,0.20735193490982057,0.5073519349098206,2,3222,0.6694347262382507,0.5700121521949768,0.05639207735657692,0,0.0001,3.192218065261841,0.2350091189146042,0.10223279148340225,0.17592822015285492,0.6694347262382507,0.05118332803249359,0.48739197850227356,0.5204810500144958,0.023760011419653893,0.052560918033123016,0.40223637223243713,0.4719536602497101,0.023582598194479942,0.17478203773498535,0.23560160398483276,0.36753830313682556,0.0475199930369854
97,0.0359448432598425,0.026327901236388996,0.9042693350626074,6.303722994229959e-05,0.5736181710077368,0.023702893009892215,0.2075783133506775,0.5075783133506775,2,3222,0.672789454460144,0.5828934907913208,0.05291776359081268,0,0.0001,3.1965982913970947,0.22333498299121857,0.10181959718465805,0.17722463607788086,0.672789454460144,0.055336207151412964,0.499102920293808,0.5189067721366882,0.023210905492305756,0.05530175939202309,0.41062501072883606,0.4724348187446594,0.023266945034265518,0.17845891416072845,0.2396598607301712,0.366182416677475,0.047386713325977325
98,0.0353706289568673,0.025767617008608322,0.9029764481212782,5.499555102331847e-05,0.5726977897726971,0.023255737869827837,0.2105934739112854,0.5105934739112854,2,3222,0.6864119172096252,0.576143205165863,0.055530354380607605,0,0.0001,3.196148157119751,0.2226300686597824,0.10102363675832748,0.17764635384082794,0.6864119172096252,0.051228418946266174,0.4981713891029358,0.5180078744888306,0.023098157718777657,0.05202994495630264,0.411236971616745,0.47059476375579834,0.022994529455900192,0.17142388224601746,0.23956254124641418,0.3673592805862427,0.0465022549033165
99,0.03527648957527202,0.025687797399966614,0.901631210161292,6.050972550165961e-05,0.5717744905015697,0.024922006677698207,0.2108919143676758,0.5108919143676758,2,3222,0.6766179800033569,0.5752750635147095,0.06008785218000412,0,0.0001,3.1972436904907227,0.227386012673378,0.10571367293596268,0.1750413328409195,0.6766179800033569,0.050580043345689774,0.4836371839046478,0.5267888307571411,0.023323096334934235,0.05231257155537605,0.3951736390590668,0.47637122869491577,0.02342050150036812,0.17479759454727173,0.23755596578121185,0.3637896478176117,0.04711674526333809
100,0.03608620393535365,0.02651015652910523,0.900478272334389,5.783199468050557e-05,0.5706867886626202,0.024365428218135126,0.21227927207946778,0.5122792720794678,2,3222,0.6820154190063477,0.5925401449203491,0.043891340494155884,0,1e-05,3.1952438354492188,0.22256815433502197,0.10160963237285614,0.17348217964172363,0.6820154190063477,0.05306120216846466,0.49699434638023376,0.5298039317131042,0.02328120917081833,0.05318872630596161,0.41084033250808716,0.4764586389064789,0.023135818541049957,0.17514139413833618,0.23800745606422424,0.360838919878006,0.04689008370041847
101,0.034776998116918235,0.025211319408339004,0.8995194020478622,5.1266935137707904e-05,0.5699718646381212,0.02334428631817853,0.21064884662628175,0.5106488466262817,2,3222,0.688696563243866,0.5806964635848999,0.05044129490852356,0,1e-05,3.1865415573120117,0.21675992012023926,0.10153482854366302,0.1766517162322998,0.688696563243866,0.05125901475548744,0.5018653869628906,0.519119381904602,0.022436756640672684,0.05179551988840103,0.41331732273101807,0.4694285988807678,0.02239053137600422,0.1738961637020111,0.2409241944551468,0.3653508722782135,0.04594401642680168
102,0.03508802875876427,0.025524208160198254,0.8992537985677305,4.7180714951220736e-05,0.5708109917848007,0.02405216725667318,0.20686514377593995,0.5068651437759399,2,3222,0.6675550937652588,0.5882453918457031,0.06014370173215866,0,1e-05,3.1937437057495117,0.231231689453125,0.10236319899559021,0.1776554137468338,0.6675550937652588,0.05568494275212288,0.49999427795410156,0.5192002058029175,0.023726366460323334,0.05653757601976395,0.41046828031539917,0.4734136164188385,0.02361045777797699,0.17910754680633545,0.23982177674770355,0.3672915995121002,0.04811173677444458
103,0.03462177239682363,0.02506077969851701,0.8990366381147633,5.103785287760927e-05,0.5701156776884327,0.023533167521158853,0.20937730073928834,0.5093773007392883,2,3222,0.6815025210380554,0.5876269936561584,0.061791203916072845,0,1e-05,3.2008347511291504,0.23283809423446655,0.10176104307174683,0.17928063869476318,0.6815025210380554,0.05379410460591316,0.5015259981155396,0.5153406858444214,0.02364429458975792,0.054956767708063126,0.41230127215385437,0.47246575355529785,0.023530252277851105,0.17778903245925903,0.2415379136800766,0.36820027232170105,0.04742724075913429
104,0.03462900707255239,0.025070418158303135,0.8988327669060748,4.9755522764905393e-05,0.5697641139445098,0.024121489348234954,0.20698471069335939,0.5069847106933594,2,3222,0.6719558835029602,0.5886648893356323,0.06383219361305237,0,1e-05,3.232961893081665,0.23738987743854523,0.10208935290575027,0.17912600934505463,0.6719558835029602,0.0526866614818573,0.5011359453201294,0.5159680247306824,0.023693054914474487,0.05461990460753441,0.41217508912086487,0.47180184721946716,0.023639589548110962,0.1795547753572464,0.241148442029953,0.3682129979133606,0.04825210943818092
105,0.03450170693838078,0.02494495847950811,0.8986735525338546,5.273655282824462e-05,0.5694854000340337,0.022973091973198783,0.21200437545776368,0.5120043754577637,2,3222,0.6869195103645325,0.5844678282737732,0.05272592976689339,0,1e-05,3.2160844802856445,0.22731661796569824,0.10247864574193954,0.1773584932088852,0.6869195103645325,0.05122920498251915,0.49823763966560364,0.5215326547622681,0.022689299657940865,0.052204836159944534,0.40760311484336853,0.47355297207832336,0.02267277240753174,0.17508429288864136,0.2383522391319275,0.36601242423057556,0.04692384600639343
106,0.03490387518768725,0.025348618707579117,0.8985048843466718,5.119041436599851e-05,0.5696957681490027,0.023738847803186486,0.21094138622283937,0.5109413862228394,2,3222,0.6832346320152283,0.5882380604743958,0.055778708308935165,0,1e-05,3.211815118789673,0.22524073719978333,0.10135743021965027,0.17636701464653015,0.6832346320152283,0.05129150673747063,0.5001712441444397,0.5226764678955078,0.02207225002348423,0.05181540548801422,0.4120468199253082,0.47310468554496765,0.022149506956338882,0.17110848426818848,0.24021108448505402,0.3647496998310089,0.04564124345779419
107,0.034357619350371155,0.02480448863428572,0.8983382453089175,4.851690787093147e-05,0.5692629166271376,0.022886640478063512,0.2112825632095337,0.5112825632095337,2,3222,0.6851859092712402,0.586307168006897,0.04577958583831787,0,1e-05,3.2075042724609375,0.2227083295583725,0.10163585841655731,0.17685289680957794,0.6851859092712402,0.05297447368502617,0.49978402256965637,0.5212069749832153,0.022917713969945908,0.05293648689985275,0.4112773537635803,0.4727325141429901,0.022858111187815666,0.17538245022296906,0.23955509066581726,0.36600473523139954,0.04664262384176254
108,0.034733779890381775,0.02518156705343205,0.8982205054034358,5.478715905590671e-05,0.5694595704907957,0.02420122499819155,0.21069140434265138,0.5106914043426514,2,3222,0.689074695110321,0.5854789018630981,0.05053972452878952,0,1e-05,3.195449113845825,0.21770289540290833,0.1013403907418251,0.17861996591091156,0.689074695110321,0.05073579400777817,0.5032798051834106,0.5166437029838562,0.022046079859137535,0.05138011649250984,0.417006254196167,0.47010061144828796,0.022129757329821587,0.17364419996738434,0.2439904510974884,0.3669465482234955,0.04577028006315231
109,0.03479547782436661,0.025246133865869564,0.8980296150497769,4.80699774292905e-05,0.5685674859129864,0.02343283928765191,0.21056426763534547,0.5105642676353455,2,3222,0.6822933554649353,0.5836365222930908,0.05479928478598595,0,1e-05,3.2047739028930664,0.2288575917482376,0.10304593294858932,0.1774229258298874,0.6822933554649353,0.052701160311698914,0.497501939535141,0.5214382410049438,0.022936923429369926,0.05370582267642021,0.40635862946510315,0.4737192988395691,0.02284490130841732,0.17407827079296112,0.2383725345134735,0.364806205034256,0.04705943539738655
110,0.03481384933642719,0.025266333199713543,0.8978765192239181,5.135859053394676e-05,0.5682377659756205,0.026670435870135272,0.21248085498809816,0.5124808549880981,2,3222,0.6832578778266907,0.5743075013160706,0.04468212276697159,0,1e-05,3.192312717437744,0.2228108048439026,0.10587065666913986,0.17430660128593445,0.6832578778266907,0.05373797193169594,0.4881848394870758,0.5281869769096375,0.022683531045913696,0.0542205385863781,0.39759737253189087,0.47600647807121277,0.02265479788184166,0.17845368385314941,0.23654934763908386,0.3624721169471741,0.047267552465200424
111,0.03468610046674376,0.02513977755670962,0.8977459254472152,5.353563344966539e-05,0.5683285516241322,0.02362116495768229,0.2121411681175232,0.5121411681175232,2,3222,0.6848222613334656,0.5966540575027466,0.059776630252599716,0,1e-05,3.207942485809326,0.2305620312690735,0.10123629868030548,0.1770017147064209,0.6848222613334656,0.052744340151548386,0.5031593441963196,0.5240245461463928,0.022517137229442596,0.05365008860826492,0.414000540971756,0.476046621799469,0.022536195814609528,0.1735249012708664,0.24185441434383392,0.3636712431907654,0.04656006395816803
112,0.034330561919056854,0.024785736332768978,0.8975832462310791,4.9492810396022044e-05,0.5684985311135001,0.022901983755606193,0.20942313671112062,0.5094231367111206,2,3222,0.6805547475814819,0.5783770680427551,0.05059748888015747,0,1e-05,3.2049498558044434,0.2200928032398224,0.10188288241624832,0.1782563030719757,0.6805547475814819,0.05235656723380089,0.49583807587623596,0.518034040927887,0.023118266835808754,0.0527036152780056,0.4091297686100006,0.47144225239753723,0.02296464703977108,0.17628797888755798,0.23823434114456177,0.3676615357398987,0.047374382615089417
113,0.03467157483100891,0.02512878317223943,0.8974171643671782,5.1254498944415346e-05,0.5681074261665344,0.024082747282805267,0.21228880882263185,0.5122888088226318,2,3222,0.6818533539772034,0.5799133777618408,0.052352048456668854,0,1e-05,3.192444324493408,0.2307506799697876,0.10221803188323975,0.17498573660850525,0.6818533539772034,0.05151627957820892,0.4890439808368683,0.5270668268203735,0.022444814443588257,0.0525808110833168,0.4029317796230316,0.4760444462299347,0.022530287504196167,0.17495357990264893,0.23532864451408386,0.36419054865837097,0.04687640815973282
114,0.03417077304228493,0.02462999595572119,0.897264864133752,5.390470102176313e-05,0.5675896743069524,0.02321041926631221,0.20907945632934571,0.5090794563293457,2,3222,0.6817411184310913,0.5710777044296265,0.0544789582490921,0,1e-05,3.2349114418029785,0.22879140079021454,0.10174208134412766,0.17742908000946045,0.6817411184310913,0.050925616174936295,0.4904545843601227,0.5169602036476135,0.02285723201930523,0.05245250463485718,0.40700018405914307,0.47020506858825684,0.022813213989138603,0.1758747398853302,0.23755891621112823,0.36741143465042114,0.047200363129377365
115,0.03447930231366469,0.02494035588334436,0.8970984686975894,5.008960199673943e-05,0.5674608038819354,0.023157146877712673,0.20919193029403688,0.5091919302940369,2,3222,0.6832355260848999,0.582607626914978,0.056137606501579285,0,1e-05,3.246558666229248,0.2323516458272934,0.10183040052652359,0.17889736592769623,0.6832355260848999,0.05124637484550476,0.501194953918457,0.5153722763061523,0.022496026009321213,0.05270649120211601,0.4128901958465576,0.46980977058410645,0.022584697231650352,0.17771603167057037,0.24133093655109406,0.36835014820098877,0.04714134335517883
116,0.03435931095610494,0.024821538640105206,0.8969674265902975,5.3536892506678626e-05,0.5675629144129546,0.023084846214011863,0.21207065582275392,0.5120706558227539,2,3222,0.6860455274581909,0.5825323462486267,0.05098167806863785,0,1e-05,3.2204039096832275,0.2243243306875229,0.10230313986539841,0.17561733722686768,0.6860455274581909,0.05200815945863724,0.4929571747779846,0.5242446660995483,0.022716118022799492,0.05257367715239525,0.4069872796535492,0.4734824597835541,0.022701123729348183,0.1759779453277588,0.23753319680690765,0.3645099997520447,0.04650029167532921
117,0.03476896088408387,0.025232632765951363,0.8967981157095536,4.874869188389984e-05,0.5678595770960269,0.02325899816442419,0.21028800010681153,0.5102880001068115,2,3222,0.6809332370758057,0.5769234299659729,0.044775333255529404,0,1e-05,3.2514352798461914,0.2193443775177002,0.10173571854829788,0.17717179656028748,0.6809332370758057,0.053565721958875656,0.4922005236148834,0.5213268995285034,0.023131607100367546,0.05355924740433693,0.4062247574329376,0.47207266092300415,0.023023635149002075,0.17752650380134583,0.2365969568490982,0.3668190538883209,0.04690243676304817
118,0.03433179612392965,0.024796952776934788,0.8966876657112784,5.5802447921292774e-05,0.5674087871675906,0.023130438910590276,0.21206588745117189,0.5120658874511719,2,3222,0.6865634322166443,0.5768141150474548,0.05239810049533844,0,1e-05,3.22381591796875,0.22413675487041473,0.10282013565301895,0.1751403510570526,0.6865634322166443,0.0525548942387104,0.49257126450538635,0.5256567001342773,0.02244422398507595,0.05297629535198212,0.40427476167678833,0.4733452796936035,0.0225497018545866,0.1749868094921112,0.23615458607673645,0.36269819736480713,0.04641960933804512
119,0.034715705753668495,0.025182866369900497,0.8964920406756194,5.14507027337854e-05,0.5674052134804104,0.02316206388120298,0.2115141272544861,0.5115141272544861,2,3222,0.6835857033729553,0.5818461775779724,0.04383130371570587,0,1e-05,3.2479538917541504,0.21759569644927979,0.10128582268953323,0.17626908421516418,0.6835857033729553,0.05248842388391495,0.49406003952026367,0.5227108001708984,0.022883780300617218,0.05242566391825676,0.408206582069397,0.47344377636909485,0.02281612902879715,0.1744624227285385,0.23739227652549744,0.3663163483142853,0.04685197025537491
120,0.03452634617038395,0.024995944341239723,0.8963196251703345,5.050670291023815e-05,0.566700930180757,0.024068908126265914,0.20767463445663453,0.5076746344566345,2,3222,0.6835750341415405,0.5796841979026794,0.05367835611104965,0,1e-05,3.2585978507995605,0.2273322194814682,0.1016259491443634,0.18016092479228973,0.6835750341415405,0.05152135342359543,0.5018114447593689,0.5105582475662231,0.02281002327799797,0.05243192985653877,0.41681310534477234,0.4672428369522095,0.022734783589839935,0.1754254847764969,0.2443883717060089,0.3693223297595978,0.04701022803783417
121,0.03437297029987625,0.024843897508538288,0.8961647075155507,5.2189917250475645e-05,0.5669038140255472,0.02366010030110677,0.20935280323028566,0.5093528032302856,2,3222,0.6758547425270081,0.5806955695152283,0.05047271400690079,0,1e-05,3.2632648944854736,0.22601798176765442,0.10209304839372635,0.17666806280612946,0.6758547425270081,0.05135979503393173,0.4910607635974884,0.5219798684120178,0.023353194817900658,0.05203508958220482,0.4069700837135315,0.4731593728065491,0.023172756657004356,0.17497384548187256,0.23718060553073883,0.36641719937324524,0.04737687483429909
122,0.03456546026079551,0.025037722824060398,0.8960419271303259,5.53466333772319e-05,0.5667650751445604,0.023631065086082176,0.2103767514228821,0.5103767514228821,2,3222,0.676647961139679,0.5859506726264954,0.054998114705085754,0,1e-05,3.2415833473205566,0.23146812617778778,0.10277462750673294,0.17714861035346985,0.676647961139679,0.05375825613737106,0.4959467947483063,0.5246875882148743,0.02235192246735096,0.054266612976789474,0.4047735035419464,0.47540193796157837,0.02260631136596203,0.17651894688606262,0.237454354763031,0.3647695481777191,0.046860598027706146
123,0.034505695104599,0.024979771803254665,0.8959230573280997,5.006093519825853e-05,0.5661929560744244,0.023490910847981772,0.21331496238708497,0.513314962387085,2,3222,0.6860235333442688,0.5891237854957581,0.04857633262872696,0,1e-05,3.2327404022216797,0.22156794369220734,0.10270105302333832,0.17533047497272491,0.6860235333442688,0.05234966427087784,0.49336040019989014,0.5279483199119568,0.021830156445503235,0.05316738411784172,0.40621301531791687,0.4765048921108246,0.022023625671863556,0.17527374625205994,0.23725838959217072,0.36278319358825684,0.04616494104266167
124,0.03430490276735762,0.024780749869735344,0.8957247552664384,5.350134581575453e-05,0.5663708837135978,0.02337373352050781,0.21276671886444093,0.5127667188644409,2,3222,0.6870567202568054,0.5785747766494751,0.051318276673555374,0,1e-05,3.224320650100708,0.2226889580488205,0.10258371382951736,0.1760062277317047,0.6870567202568054,0.052834007889032364,0.4904614984989166,0.5249468088150024,0.022197995334863663,0.053058452904224396,0.40243077278137207,0.4744557738304138,0.022366832941770554,0.17413315176963806,0.23661939799785614,0.3646076023578644,0.04615629464387894
125,0.03447205557123474,0.024950687975987144,0.8955543248549752,4.928868324698313e-05,0.5653318296308103,0.023238245646158853,0.21302635669708253,0.5130263566970825,2,3222,0.6879346966743469,0.5779460072517395,0.043195970356464386,0,1e-05,3.2095067501068115,0.2155807465314865,0.10245466232299805,0.17627741396427155,0.6879346966743469,0.051582615822553635,0.491899698972702,0.5247856378555298,0.022517528384923935,0.05186232179403305,0.4029640257358551,0.4743401110172272,0.022456511855125427,0.17455562949180603,0.2357230931520462,0.36504489183425903,0.04632158949971199
126,0.03447468619307746,0.024953915292154186,0.8954187191050985,5.4519442884433694e-05,0.5660389298978059,0.02368958536783854,0.2128803849220276,0.5128803849220276,2,3222,0.6851634979248047,0.5811939239501953,0.04855087026953697,0,1e-05,3.2254090309143066,0.22804410755634308,0.10412406176328659,0.17513160407543182,0.6851634979248047,0.05132739618420601,0.48970678448677063,0.5267590284347534,0.022479448467493057,0.05190560594201088,0.4018080532550812,0.4760206341743469,0.022492242977023125,0.17697028815746307,0.2368723750114441,0.36357828974723816,0.04687688127160072
127,0.03424328808551249,0.024724641652858776,0.8952480165854745,5.545244114372231e-05,0.5656118729840154,0.023547406797055845,0.20991570949554444,0.5099157094955444,2,3222,0.6774078607559204,0.5791316628456116,0.05490853637456894,0,1e-05,3.213402509689331,0.23191221058368683,0.10272917151451111,0.1771860122680664,0.6774078607559204,0.051852595061063766,0.4922339618206024,0.5222334265708923,0.022106368094682693,0.05292775109410286,0.4046041965484619,0.47349509596824646,0.022297406569123268,0.1752234697341919,0.23719677329063416,0.36652639508247375,0.046558927744627
128,0.03448757594046385,0.02497095938609994,0.8950623040613921,5.0539927463472374e-05,0.5654879963916281,0.02402114670364945,0.20943255424499513,0.5094325542449951,2,3222,0.6781792044639587,0.5715572834014893,0.052350517362356186,0,1e-05,3.212993621826172,0.23097319900989532,0.10334228724241257,0.17701782286167145,0.6781792044639587,0.05281371250748634,0.4889644682407379,0.5208228826522827,0.02328072488307953,0.053984303027391434,0.40095701813697815,0.47243887186050415,0.02311229705810547,0.18010544776916504,0.23662959039211273,0.3662894368171692,0.04777353256940842
129,0.034147927132637604,0.024633406054066574,0.8948941204858862,5.1996311136146844e-05,0.5650598976923071,0.023223437273943867,0.2099458694458008,0.5099458694458008,2,3222,0.684215247631073,0.573016881942749,0.0559576153755188,0,1e-05,3.1941494941711426,0.2320099025964737,0.10219381004571915,0.1784117966890335,0.684215247631073,0.050833575427532196,0.4926038980484009,0.5175703167915344,0.02263418398797512,0.052182652056217194,0.40567728877067566,0.47027480602264404,0.0225568525493145,0.17517995834350586,0.23762007057666779,0.36772310733795166,0.0469602532684803
130,0.034480634428884674,0.024967245919548946,0.8947313142859418,5.409834478126393e-05,0.5655347186586132,0.02372029170283565,0.2100010633468628,0.5100010633468628,2,3222,0.6788498163223267,0.576083242893219,0.05343296378850937,0,1e-05,3.198859453201294,0.2292007952928543,0.10152420401573181,0.17657598853111267,0.6788498163223267,0.0522974468767643,0.48997169733047485,0.5216636061668396,0.022945616394281387,0.05314263701438904,0.40609344840049744,0.472906231880188,0.022938072681427002,0.17430967092514038,0.23646046221256256,0.3665846884250641,0.04723532870411873
131,0.03447889471831529,0.024967361646501915,0.8945894474568574,5.1364287134239696e-05,0.5651249833728956,0.024921244303385416,0.2102939009666443,0.5102939009666443,2,3222,0.6801132559776306,0.5601323246955872,0.053767893463373184,0,1e-05,3.3023505210876465,0.230241060256958,0.10350050032138824,0.176304429769516,0.6801132559776306,0.05117182433605194,0.4801122844219208,0.5215231776237488,0.02332977205514908,0.05235130339860916,0.3954933285713196,0.47233879566192627,0.023143049329519272,0.17758484184741974,0.23500512540340424,0.3672003746032715,0.04731340333819389
132,0.03451476424284603,0.02500508255932642,0.8944224767062975,5.700785249760172e-05,0.564886855042499,0.023280428851092303,0.2093146562576294,0.5093146562576294,2,3222,0.6806612610816956,0.5806558728218079,0.05458575487136841,0,1e-05,3.215806245803833,0.22728979587554932,0.10196106135845184,0.17737771570682526,0.6806612610816956,0.051782380789518356,0.4981725811958313,0.5204698443412781,0.022115297615528107,0.05261191725730896,0.4100320637226105,0.47069108486175537,0.02224620431661606,0.17368732392787933,0.23906150460243225,0.36543652415275574,0.04625235125422478
133,0.03441957805467689,0.02491188713389894,0.8942420845446379,5.008531756491562e-05,0.5647690348003221,0.022782770227502892,0.2113019347190857,0.5113019347190857,2,3222,0.681985080242157,0.5903741717338562,0.0477064773440361,0,1e-05,3.2955758571624756,0.21992336213588715,0.10096793621778488,0.17620138823986053,0.681985080242157,0.05428270623087883,0.4975326657295227,0.5243521928787231,0.022974753752350807,0.05425838381052017,0.41221919655799866,0.47512146830558777,0.022868769243359566,0.1779642105102539,0.24033603072166443,0.36374905705451965,0.0470961257815361
134,0.03434657629417336,0.024840860587099323,0.8940606816955234,5.212906604435335e-05,0.5645879170169001,0.02325255839029948,0.21086562871932985,0.5108656287193298,2,3222,0.6814545392990112,0.5841733813285828,0.04689918830990791,0,1e-05,3.250011444091797,0.22788479924201965,0.1020471379160881,0.17625434696674347,0.6814545392990112,0.052213262766599655,0.49431127309799194,0.5237389206886292,0.022447433322668076,0.05237213894724846,0.4082311987876892,0.4732950031757355,0.022484442219138145,0.17540991306304932,0.23788543045520782,0.3649740219116211,0.046504851430654526
135,0.034444501056619316,0.024940507081539734,0.8938959785129713,5.5931627645369865e-05,0.564475100973378,0.02372830624050564,0.2087432861328125,0.5087432861328125,2,3222,0.6823806166648865,0.5848776698112488,0.04895924776792526,0,1e-05,3.2079813480377197,0.2210845947265625,0.10206010937690735,0.17888414859771729,0.6823806166648865,0.05229344964027405,0.5029380917549133,0.5153784155845642,0.02270865999162197,0.05284963920712471,0.41670507192611694,0.4699529707431793,0.022729679942131042,0.17845770716667175,0.24341058731079102,0.36726114153862,0.046733029186725616
136,0.034446012066758194,0.024943767844334892,0.8937494625215945,4.69312900626708e-05,0.5642802300660507,0.023501016122323495,0.2120869278907776,0.5120869278907776,2,3222,0.6852917671203613,0.5737263560295105,0.0554899238049984,0,1e-05,3.2911458015441895,0.2269684225320816,0.10243777930736542,0.176531121134758,0.6852917671203613,0.05363535135984421,0.48849448561668396,0.5239508152008057,0.0222148597240448,0.05422976240515709,0.40050801634788513,0.4742708206176758,0.022385157644748688,0.17537686228752136,0.2358119636774063,0.3648342192173004,0.04651840776205063
137,0.03449918167746585,0.024998614159615143,0.8936185266660608,5.6996751284358375e-05,0.5638124554053597,0.022705078690140337,0.21092880964279176,0.5109288096427917,2,3222,0.6829825639724731,0.5890971422195435,0.04779677465558052,0,1e-05,3.311755657196045,0.2232041358947754,0.10179180651903152,0.1770399659872055,0.6829825639724731,0.05350464954972267,0.4993230402469635,0.5230456590652466,0.02277424745261669,0.05355215445160866,0.4111371636390686,0.4739665687084198,0.02280949242413044,0.17699028551578522,0.23974724113941193,0.3637204170227051,0.047005847096443176
138,0.03432481363415718,0.02482654413451319,0.8933924851210221,5.3288849101037435e-05,0.5638114654499552,0.02371172191478588,0.20940322875976564,0.5094032287597656,2,3222,0.6814574599266052,0.5700548887252808,0.057039517909288406,0,1e-05,3.2348477840423584,0.23543193936347961,0.10342787206172943,0.17882221937179565,0.6814574599266052,0.0518612340092659,0.49192437529563904,0.5177800059318542,0.02269219234585762,0.05357271060347557,0.40144240856170654,0.4707464575767517,0.02271248586475849,0.17709878087043762,0.23678480088710785,0.3676289916038513,0.04732482135295868
139,0.03404320290555125,0.024547022888841835,0.893221290215202,4.907299950465803e-05,0.5634765132613804,0.022994041725441262,0.21121944189071656,0.5112194418907166,2,3222,0.6846821904182434,0.577957808971405,0.050192393362522125,0,1e-05,3.251657009124756,0.22310377657413483,0.10205969959497452,0.17698781192302704,0.6846821904182434,0.05211907625198364,0.49090972542762756,0.5208428502082825,0.02244521491229534,0.05250462517142296,0.40648555755615234,0.4721626043319702,0.022431692108511925,0.17527759075164795,0.2373332530260086,0.3671901822090149,0.04661562666296959
140,0.03431171956269637,0.02481686987954637,0.8930809342342875,5.6044130241903275e-05,0.5634804031123286,0.02288938508210359,0.21039266586303712,0.5103926658630371,2,3222,0.6806583404541016,0.5828247666358948,0.052438341081142426,0,1e-05,3.2288007736206055,0.22749367356300354,0.10159114748239517,0.17666979134082794,0.6806583404541016,0.05190112814307213,0.49534568190574646,0.5218647718429565,0.02271837368607521,0.052609991282224655,0.4092119634151459,0.47268298268318176,0.02269951067864895,0.17675170302391052,0.2381839156150818,0.3663644790649414,0.046910323202610016
141,0.034308259415885674,0.024815732856159626,0.8928736137307208,5.282793648328389e-05,0.5632621490437052,0.024429617987738714,0.2080411434173584,0.5080411434173584,2,3222,0.6748953461647034,0.5692191123962402,0.05844319239258766,0,1e-05,3.288849353790283,0.2359159290790558,0.10400358587503433,0.17830771207809448,0.6748953461647034,0.05243965610861778,0.4903785288333893,0.5189204812049866,0.02287355624139309,0.05396687984466553,0.3998221457004547,0.4710451662540436,0.02283795177936554,0.17840789258480072,0.23696565628051758,0.3673035800457001,0.04752277210354805
142,0.03447287432525469,0.024981878373933876,0.8927304304164388,5.2803796279476956e-05,0.5631641123605811,0.02324901269983362,0.21385629177093507,0.5138562917709351,2,3222,0.6882428526878357,0.588848888874054,0.047074880450963974,0,1e-05,3.2441577911376953,0.2164514809846878,0.10272476077079773,0.17534564435482025,0.6882428526878357,0.04983369633555412,0.4940277636051178,0.5274332165718079,0.021691661328077316,0.05026528984308243,0.40713411569595337,0.4762580692768097,0.021899141371250153,0.17102879285812378,0.2368832379579544,0.36349111795425415,0.04557687044143677
143,0.03410696529823801,0.024617942697975948,0.8925690780515256,5.724514567586796e-05,0.5627594175546066,0.024298458240650318,0.21005667448043824,0.5100566744804382,2,3222,0.6798105239868164,0.5899836421012878,0.05375244468450546,0,1e-05,3.2184298038482666,0.22991161048412323,0.1033528745174408,0.17886562645435333,0.6798105239868164,0.05336371064186096,0.4985790252685547,0.5204896926879883,0.02210826799273491,0.05410848930478096,0.4087997376918793,0.47450295090675354,0.022324778139591217,0.1776563674211502,0.2391866147518158,0.36542364954948425,0.04668303206562996
144,0.03449600141333497,0.025008978727071182,0.8923883464025415,5.079720769730478e-05,0.5626318040101425,0.023406232480649596,0.21038992404937745,0.5103899240493774,2,3222,0.6864339113235474,0.5810217261314392,0.04970196262001991,0,1e-05,3.224087953567505,0.2216854989528656,0.10171445459127426,0.17733228206634521,0.6864339113235474,0.05104430764913559,0.5004729628562927,0.5195868015289307,0.021996909752488136,0.051678940653800964,0.4125105142593384,0.4698505699634552,0.022092025727033615,0.1737809181213379,0.2407957762479782,0.3656884729862213,0.04617036506533623
145,0.034305215367804405,0.0248201252973598,0.8922075758809629,5.195162109726959e-05,0.5624945085981617,0.023703997011537904,0.20923418998718263,0.5092341899871826,2,3222,0.6822839975357056,0.5842427015304565,0.05414995178580284,0,1e-05,3.2364442348480225,0.22275607287883759,0.10154768824577332,0.17830759286880493,0.6822839975357056,0.04883064702153206,0.49876928329467773,0.5155161619186401,0.022401584312319756,0.05021262541413307,0.4148949086666107,0.47000619769096375,0.022435616701841354,0.1732574701309204,0.24258872866630554,0.3691304624080658,0.04671146348118782
146,0.03438377299386522,0.024900373071432114,0.892041115657143,5.481224197074366e-05,0.5624414034511732,0.02355180980541088,0.21337271928787233,0.5133727192878723,2,3222,0.6862861514091492,0.583956241607666,0.05024571344256401,0,1e-05,3.257673978805542,0.22934351861476898,0.10264711081981659,0.17463742196559906,0.6862861514091492,0.04984331876039505,0.49110859632492065,0.5291836857795715,0.02194986678659916,0.05108938738703728,0.40379244089126587,0.4756711721420288,0.02210201881825924,0.17371274530887604,0.23603558540344238,0.3623497784137726,0.04647315666079521
147,0.03428541706955951,0.024803762364646664,0.8918642816336259,5.6602506368147694e-05,0.5624460629794908,0.02291712979917173,0.21144134998321534,0.5114413499832153,2,3222,0.6856673359870911,0.5772778391838074,0.04754114896059036,0,1e-05,3.2682547569274902,0.22320091724395752,0.10298635810613632,0.1774841696023941,0.6856673359870911,0.05164675787091255,0.49267667531967163,0.521377444267273,0.02286147139966488,0.05194815248250961,0.40395522117614746,0.4723670184612274,0.022688128054142,0.1756860762834549,0.23704297840595245,0.3663535416126251,0.046749506145715714
148,0.034303722417225006,0.02482408090778019,0.8916885800983595,4.916072066407651e-05,0.5622648907744366,0.0237375330041956,0.21114857196807862,0.5111485719680786,2,3222,0.6873830556869507,0.5709419846534729,0.05321371927857399,0,1e-05,3.2436254024505615,0.2264275997877121,0.10375668108463287,0.1771044284105301,0.6873830556869507,0.05128147453069687,0.4892216920852661,0.5203524827957153,0.022507144138216972,0.05227649584412575,0.4021284580230713,0.4707362949848175,0.02240055985748768,0.17866834998130798,0.2371990829706192,0.36612242460250854,0.046593572944402695
149,0.03435354744610579,0.024876076647120972,0.8915006000062694,5.555036572648374e-05,0.5619095641633739,0.023761784306278934,0.20952160358428956,0.5095216035842896,2,3222,0.6803846955299377,0.5862462520599365,0.04941048473119736,0,1e-05,3.2511396408081055,0.2262016236782074,0.10125380009412766,0.17797647416591644,0.6803846955299377,0.05164322257041931,0.4990590512752533,0.5191637277603149,0.021920528262853622,0.052333980798721313,0.41466885805130005,0.47226759791374207,0.02215084433555603,0.17587250471115112,0.24281643331050873,0.3662703037261963,0.04609127715229988
150,0.0342643654540829,0.02478835812729338,0.8913163439087246,5.239194971458662e-05,0.5623204474863799,0.02280533684624566,0.21052427291870118,0.5105242729187012,2,3222,0.6809929609298706,0.5818869471549988,0.05423234775662422,0,1.0000000000000002e-06,3.2086992263793945,0.22618825733661652,0.10061663389205933,0.17716607451438904,0.6809929609298706,0.05347416177392006,0.4948006272315979,0.5216968655586243,0.02281029522418976,0.05375054106116295,0.4081214666366577,0.47323986887931824,0.022724945098161697,0.17640896141529083,0.2386438548564911,0.366167277097702,0.04717632755637169
151,0.034064393976460335,0.024590280716833862,0.8911954501400823,5.2603974757442735e-05,0.5616332422132078,0.023134310687029803,0.20916290283203126,0.5091629028320312,2,3222,0.6781654357910156,0.5749597549438477,0.054370179772377014,0,1.0000000000000002e-06,3.2140417098999023,0.231672465801239,0.1022954136133194,0.17804056406021118,0.6781654357910156,0.05333118885755539,0.48906248807907104,0.5186142921447754,0.022994564846158028,0.053982775658369064,0.40409111976623535,0.4723532497882843,0.022892579436302185,0.1769893318414688,0.23764272034168243,0.3675185739994049,0.04745941981673241
152,0.03418594104764254,0.024712325681162918,0.8911480152088663,5.293756412752175e-05,0.5616060288056083,0.023127026593243633,0.2115889310836792,0.5115889310836792,2,3222,0.6883771419525146,0.5824552178382874,0.04591601341962814,0,1.0000000000000002e-06,3.2505593299865723,0.21823765337467194,0.10102067142724991,0.17745740711688995,0.6883771419525146,0.05015334114432335,0.49857890605926514,0.5202566981315613,0.022375065833330154,0.05042705684900284,0.4129725396633148,0.47120964527130127,0.022313499823212624,0.1742594689130783,0.2407427430152893,0.3665122091770172,0.04613755643367767
153,0.03436429069741913,0.024890896418820255,0.8911135585411735,5.368023456590574e-05,0.5617221282876056,0.02443812984890408,0.2084041953086853,0.5084041953086853,2,3222,0.6831483244895935,0.575376570224762,0.052257753908634186,0,1.0000000000000002e-06,3.2081472873687744,0.22425267100334167,0.10062461346387863,0.1797492504119873,0.6831483244895935,0.051302578300237656,0.4999059736728668,0.514272153377533,0.02202308177947998,0.05177941918373108,0.4133974313735962,0.4677353799343109,0.022115450352430344,0.1733906865119934,0.2424197494983673,0.36846089363098145,0.04592151194810867
154,0.03411214701507403,0.024639009943474895,0.8910874024681423,5.2902074853393614e-05,0.5617338418960571,0.022424300017180265,0.21094919443130494,0.5109491944313049,2,3222,0.68415766954422,0.5817453265190125,0.048684973269701004,0,1.0000000000000002e-06,3.215562105178833,0.22335778176784515,0.10160969942808151,0.17734970152378082,0.68415766954422,0.05134843289852142,0.4952866733074188,0.5211113095283508,0.02291799709200859,0.05202493071556091,0.4092223644256592,0.472281277179718,0.02278849668800831,0.17607243359088898,0.23858632147312164,0.36624640226364136,0.04698086902499199
155,0.034342936685551766,0.024870097718161087,0.8910624410795129,5.353409505914897e-05,0.5616796949635381,0.023734317355685763,0.2115923285484314,0.5115923285484314,2,3222,0.684095025062561,0.5862600803375244,0.048603080213069916,0,1.0000000000000002e-06,3.2197425365448,0.22143273055553436,0.10089313983917236,0.17499864101409912,0.684095025062561,0.050599660724401474,0.4950229227542877,0.5241879224777222,0.02231866680085659,0.05114654824137688,0.4112492501735687,0.473649799823761,0.022318361327052116,0.17592830955982208,0.23962527513504028,0.3644365668296814,0.046436015516519547
156,0.03410500482372616,0.024631905652906582,0.8910365156505419,5.340827951643049e-05,0.5622006084607996,0.023819397537796584,0.20992101430892945,0.5099210143089294,2,3222,0.6806153655052185,0.580880880355835,0.05231046676635742,0,1.0000000000000002e-06,3.203112840652466,0.22260071337223053,0.10092031210660934,0.1761568933725357,0.6806153655052185,0.050144635140895844,0.4944344162940979,0.5204626321792603,0.0223339032381773,0.05100854113698006,0.40996691584587097,0.4720474183559418,0.02237820252776146,0.17254416644573212,0.23917408287525177,0.36655867099761963,0.04640686884522438
157,0.034101728511893234,0.024629309206553127,0.8910146226053652,5.352841301077127e-05,0.5617380919663802,0.02359336400915075,0.21317721605300904,0.513177216053009,2,3222,0.6845909953117371,0.5838800072669983,0.05525125563144684,0,1.0000000000000002e-06,3.2068328857421875,0.22785012423992157,0.10264163464307785,0.17517364025115967,0.6845909953117371,0.049251046031713486,0.4881232678890228,0.5271465182304382,0.022443292662501335,0.05079872906208038,0.40368232131004333,0.4766519069671631,0.02250443957746029,0.17321987450122833,0.23622667789459229,0.36431950330734253,0.046417348086833954
158,0.03403934204707975,0.024567222303670387,0.8909913767939028,5.357468620312157e-05,0.5616692563761836,0.022661708973072195,0.2114520788192749,0.5114520788192749,2,3222,0.6865136623382568,0.5890979170799255,0.057066354900598526,0,1.0000000000000002e-06,3.198533535003662,0.22822205722332,0.10160679370164871,0.17720061540603638,0.6865136623382568,0.05067778006196022,0.4997454285621643,0.5217001438140869,0.022417988628149033,0.05166308954358101,0.41427215933799744,0.472258061170578,0.022461717948317528,0.17408643662929535,0.24150317907333374,0.365336537361145,0.046359434723854065
159,0.03402636378355648,0.024554970957662747,0.8909685248913972,5.325437703741836e-05,0.5611753282339677,0.02428606951678241,0.21090431213378907,0.5109043121337891,2,3222,0.6829712986946106,0.5694831609725952,0.05065762624144554,0,1.0000000000000002e-06,3.1946511268615723,0.23267027735710144,0.10391818732023239,0.17617686092853546,0.6829712986946106,0.05096204951405525,0.48579490184783936,0.5220861434936523,0.022874943912029266,0.05235438793897629,0.3988046646118164,0.4722454249858856,0.02274818904697895,0.17763657867908478,0.23638656735420227,0.36631450057029724,0.04723035916686058
160,0.03420029726365338,0.02472872165558131,0.8909495887549027,5.343017888346525e-05,0.5615452139273934,0.023012276543511286,0.2092909336090088,0.5092909336090088,2,3222,0.679651141166687,0.576543390750885,0.054757267236709595,0,1.0000000000000002e-06,3.2073886394500732,0.2269492745399475,0.10205769538879395,0.17862236499786377,0.679651141166687,0.052706848829984665,0.4915424883365631,0.5178635120391846,0.023477910086512566,0.053346578031778336,0.406223326921463,0.4713069796562195,0.023255713284015656,0.17766015231609344,0.2381611317396164,0.36834219098091125,0.04753134399652481
161,0.03396857529878616,0.024497466647754543,0.890928258066592,5.31448360719799e-05,0.5612948692363241,0.02328006150987413,0.21179778575897218,0.5117977857589722,2,3222,0.6847953200340271,0.5750200748443604,0.04927708953619003,0,1.0000000000000002e-06,3.224575996398926,0.22371947765350342,0.10295578092336655,0.17649099230766296,0.6847953200340271,0.051333680748939514,0.48825570940971375,0.5227876901626587,0.022532708942890167,0.05214191973209381,0.4024946391582489,0.4732718765735626,0.02245546318590641,0.17758908867835999,0.236288383603096,0.3663363456726074,0.04669152572751045
162,0.03405701433834822,0.024585934355854988,0.8909062872762266,5.305071017178504e-05,0.5614863711854686,0.022832284715440538,0.21339566707611085,0.5133956670761108,2,3222,0.6871472001075745,0.5943878889083862,0.05554257333278656,0,1.0000000000000002e-06,3.224877119064331,0.22936469316482544,0.10291029512882233,0.17502430081367493,0.6871472001075745,0.049835145473480225,0.4977164566516876,0.5280998945236206,0.022099075838923454,0.0513891763985157,0.40999382734298706,0.4756287634372711,0.022296126931905746,0.17415758967399597,0.2389613389968872,0.36270686984062195,0.04639754816889763
163,0.034261087441573974,0.02479013954491719,0.8908896264822587,5.392656685612367e-05,0.5615119908166968,0.022648417154947916,0.2121903419494629,0.5121903419494629,2,3222,0.6841243505477905,0.585893988609314,0.051114343106746674,0,1.0000000000000002e-06,3.208681583404541,0.22928911447525024,0.10223003476858139,0.17523831129074097,0.6841243505477905,0.05119980126619339,0.49486538767814636,0.5270155668258667,0.02266160026192665,0.052174653857946396,0.40797334909439087,0.47418639063835144,0.022662365809082985,0.17576533555984497,0.23770606517791748,0.36343491077423096,0.04661822319030762
164,0.03410224454558414,0.024631690719853275,0.8908669844917629,5.3600900371194534e-05,0.5613479406937308,0.023496806109393083,0.2092725157737732,0.5092725157737732,2,3222,0.6818779110908508,0.5684810280799866,0.048897530883550644,0,1.0000000000000002e-06,3.203477144241333,0.22629542648792267,0.10298855602741241,0.17812064290046692,0.6818779110908508,0.05063033476471901,0.49019914865493774,0.5175184011459351,0.022680945694446564,0.05174684152007103,0.4026114344596863,0.4692584276199341,0.022679638117551804,0.17556823790073395,0.23694102466106415,0.36843520402908325,0.0465945228934288
165,0.0339831607821195,0.024512807474188183,0.890848167564558,5.336188658712553e-05,0.561337719792905,0.02326474988019025,0.21325035095214845,0.5132503509521484,2,3222,0.6858727931976318,0.5890358686447144,0.053593602031469345,0,1.0000000000000002e-06,3.1912310123443604,0.2269815057516098,0.10185989737510681,0.1744832992553711,0.6858727931976318,0.05046021193265915,0.4923733174800873,0.5287484526634216,0.02209371142089367,0.05134272947907448,0.40743640065193176,0.47649088501930237,0.022262098267674446,0.17190296947956085,0.23776711523532867,0.3618892431259155,0.04627580940723419
166,0.03409174797327622,0.02462152561739735,0.8908257873161979,5.274347495287657e-05,0.5614371325658716,0.02392086848506221,0.20982856750488282,0.5098285675048828,2,3222,0.6807884573936462,0.5825002193450928,0.0738678053021431,0,1.0000000000000002e-06,3.198068857192993,0.24157452583312988,0.10353390127420425,0.1771446168422699,0.6807884573936462,0.05080180615186691,0.4947420656681061,0.5208724141120911,0.02255868911743164,0.05315355956554413,0.4067268967628479,0.47247835993766785,0.02267494425177574,0.175261989235878,0.2389899045228958,0.36517488956451416,0.04725838452577591
167,0.034132908624799355,0.02466269331457822,0.8908048583113629,5.309310796766785e-05,0.5616357300592505,0.023676651000976563,0.2090991258621216,0.5090991258621216,2,3222,0.6823727488517761,0.5815570950508118,0.06494047492742538,0,1.0000000000000002e-06,3.200796365737915,0.23366595804691315,0.10134828090667725,0.1780584305524826,0.6823727488517761,0.04949260130524635,0.49701011180877686,0.516775906085968,0.022662553936243057,0.05167310684919357,0.41319572925567627,0.47049570083618164,0.022754304111003876,0.17373041808605194,0.24185195565223694,0.36675214767456055,0.046629227697849274
168,0.03426161959119465,0.02479196323648743,0.8907854712527731,5.3145370854864545e-05,0.5612699182137199,0.023388565911187067,0.20980114936828614,0.5098011493682861,2,3222,0.6825915575027466,0.5898309350013733,0.05745924264192581,0,1.0000000000000002e-06,3.19437575340271,0.22988314926624298,0.10308405011892319,0.17821380496025085,0.6825915575027466,0.05073694512248039,0.49989181756973267,0.5175620317459106,0.022782452404499054,0.05227544158697128,0.41266903281211853,0.471860408782959,0.022750621661543846,0.17736652493476868,0.2411973476409912,0.3671906888484955,0.04693613946437836
169,0.034206328994554024,0.024736753948356793,0.8907625493795975,5.225220356015084e-05,0.5614273444465969,0.023231167546025028,0.21146072149276735,0.5114607214927673,2,3222,0.6849379539489746,0.5820947289466858,0.04508815333247185,0,1.0000000000000002e-06,3.2025411128997803,0.22244642674922943,0.10066469758749008,0.17697693407535553,0.6849379539489746,0.05121076479554176,0.4956420660018921,0.5213652849197388,0.022643055766820908,0.05155843868851662,0.40965691208839417,0.4729538857936859,0.02243942767381668,0.17587700486183167,0.23923839628696442,0.36658570170402527,0.04651613533496857
170,0.03404212710650071,0.024572817284775818,0.8907434577527253,5.2783627957662404e-05,0.5613472306210062,0.023494455973307293,0.2116797685623169,0.5116797685623169,2,3222,0.6824320554733276,0.5823823809623718,0.044428370893001556,0,1.0000000000000002e-06,3.1965208053588867,0.21672390401363373,0.10078462213277817,0.17496798932552338,0.6824320554733276,0.05312597379088402,0.49161967635154724,0.5255607962608337,0.02264522947371006,0.05285315215587616,0.4076278805732727,0.47450771927833557,0.02265087328851223,0.17677049338817596,0.237418994307518,0.36421847343444824,0.046819254755973816
171,0.034193097978182464,0.024723841039382893,0.8907233917194864,5.31043391991103e-05,0.5614922487217447,0.022938351383915655,0.20995248556137086,0.5099524855613708,2,3222,0.6828623414039612,0.5812684297561646,0.04445717856287956,0,1.0000000000000002e-06,3.213144063949585,0.22296097874641418,0.10097718983888626,0.17789910733699799,0.6828623414039612,0.05235813930630684,0.49642252922058105,0.5181939005851746,0.02319265715777874,0.052276093512773514,0.4109376072883606,0.47093871235847473,0.022997533902525902,0.17707017064094543,0.24009571969509125,0.3678150475025177,0.04669187590479851
172,0.03408958617111911,0.024620480430514916,0.8907059197840483,5.358143212304086e-05,0.5615107494851818,0.022882820977105034,0.21066780090332032,0.5106678009033203,2,3222,0.6824883222579956,0.5787435173988342,0.0528530590236187,0,1.0000000000000002e-06,3.194532632827759,0.2231202870607376,0.10084737837314606,0.1771555244922638,0.6824883222579956,0.05391150712966919,0.4921606481075287,0.5213520526885986,0.02284288965165615,0.05369468778371811,0.40740540623664856,0.47278809547424316,0.022733304649591446,0.1756761223077774,0.238179013133049,0.3660426735877991,0.04704482853412628
173,0.034052888822296394,0.02458424930987151,0.8906830238259357,5.3485048777909704e-05,0.561274950918944,0.023012767367892796,0.21107311248779298,0.511073112487793,2,3222,0.6844658851623535,0.5779526829719543,0.055218614637851715,0,1.0000000000000002e-06,3.2259907722473145,0.22648905217647552,0.10217072069644928,0.17734569311141968,0.6844658851623535,0.05209190398454666,0.48987749218940735,0.5196931958198547,0.02219913713634014,0.052941665053367615,0.4058184027671814,0.4729883372783661,0.022300224751234055,0.1767420619726181,0.23763160407543182,0.3671450912952423,0.046858713030815125
174,0.03409418933417486,0.02462554415282996,0.8906617916148641,5.334231932267911e-05,0.5614940731421761,0.022948686952944154,0.20890660285949708,0.5089066028594971,2,3222,0.6837232708930969,0.5766013860702515,0.06439107656478882,0,1.0000000000000002e-06,3.1966898441314697,0.2319309562444687,0.10150471329689026,0.1793844997882843,0.6837232708930969,0.04981040582060814,0.49604856967926025,0.5130005478858948,0.022257747128605843,0.052076466381549835,0.41057464480400085,0.46903467178344727,0.02243368700146675,0.17681992053985596,0.24063675105571747,0.36986780166625977,0.04694313928484917
175,0.03437015956834606,0.024901794107711834,0.8906424512033877,5.387523544967458e-05,0.5614031786503999,0.0229388190375434,0.21162248849868776,0.5116224884986877,2,3222,0.6843113899230957,0.588383674621582,0.05094711482524872,0,1.0000000000000002e-06,3.189554214477539,0.22584570944309235,0.10202132910490036,0.177560955286026,0.6843113899230957,0.0539146289229393,0.4968251585960388,0.5231737494468689,0.022672634571790695,0.054091863334178925,0.40870267152786255,0.47469258308410645,0.02263558842241764,0.17575819790363312,0.2393621951341629,0.36431220173835754,0.04660029336810112
176,0.034249859497598976,0.024781756103038788,0.8906238545542178,5.2556070168856934e-05,0.5613400651061017,0.022815307052047165,0.20863003730773927,0.5086300373077393,2,3222,0.6774569749832153,0.5840342044830322,0.0527489073574543,0,1.0000000000000002e-06,3.202794075012207,0.22511477768421173,0.10143398493528366,0.17771495878696442,0.6774569749832153,0.05264447256922722,0.49888330698013306,0.519655168056488,0.023215964436531067,0.053074147552251816,0.41219237446784973,0.4717281758785248,0.02310984767973423,0.17664240300655365,0.24037277698516846,0.3656798005104065,0.04745086655020714
177,0.03402522368275601,0.024557100285006607,0.8905999556831692,5.262105585880699e-05,0.561599049879157,0.022734913013599537,0.21084774732589723,0.5108477473258972,2,3222,0.6833786368370056,0.5811818838119507,0.05707886815071106,0,1.0000000000000002e-06,3.1936981678009033,0.228266179561615,0.10259295254945755,0.17787820100784302,0.6833786368370056,0.05118667706847191,0.4935895502567291,0.52010178565979,0.022327855229377747,0.05248930677771568,0.4058959186077118,0.4723621904850006,0.02246786840260029,0.17484629154205322,0.23827716708183289,0.3675483465194702,0.046401236206293106
178,0.0343050653843776,0.02483737501113311,0.8905777620232623,5.278834989598102e-05,0.561385558999103,0.024453418872974537,0.21173466444015504,0.511734664440155,2,3222,0.6829705834388733,0.5723523497581482,0.05008489266037941,0,1.0000000000000002e-06,3.193826913833618,0.22593359649181366,0.10469873994588852,0.17618687450885773,0.6829705834388733,0.05074624717235565,0.48534300923347473,0.5244232416152954,0.022583378478884697,0.05187196657061577,0.39775389432907104,0.47418591380119324,0.02265632152557373,0.17616230249404907,0.23665949702262878,0.3653589189052582,0.04696858674287796
179,0.03409507903067962,0.024627316743135452,0.8905574005583058,5.258429028680953e-05,0.5616625417833743,0.023463320131655092,0.20974404811859132,0.5097440481185913,2,3222,0.6792833209037781,0.5706868767738342,0.06180846691131592,0,1.0000000000000002e-06,3.2211320400238037,0.22981631755828857,0.10232951492071152,0.1781010627746582,0.6792833209037781,0.051835160702466965,0.48797550797462463,0.5194458365440369,0.02308676578104496,0.05307471379637718,0.4013071060180664,0.4720543622970581,0.022973528131842613,0.17677664756774902,0.23628386855125427,0.36819276213645935,0.047361526638269424
180,0.033983603443788445,0.024516533736301506,0.8905389671740325,5.366694028413369e-05,0.561142939588298,0.023349643848560475,0.21190012693405152,0.5119001269340515,2,3222,0.6871159076690674,0.57918381690979,0.050871141254901886,0,1.0000000000000002e-06,3.225386381149292,0.21957050263881683,0.10255522280931473,0.17724740505218506,0.6871159076690674,0.05234179273247719,0.49219250679016113,0.5226373672485352,0.022312145680189133,0.052472274750471115,0.40490683913230896,0.47298741340637207,0.022249186411499977,0.17430566251277924,0.23698315024375916,0.36485975980758667,0.04632433131337166
181,0.03415454219540824,0.02468737805991069,0.8905169912006544,5.3749964338393234e-05,0.5614561905031619,0.022796262670446325,0.21171314716339112,0.5117131471633911,2,3222,0.6879686117172241,0.584943413734436,0.046415384858846664,0,1.0000000000000002e-06,3.2361183166503906,0.216494619846344,0.10112184286117554,0.17707237601280212,0.6879686117172241,0.052015479654073715,0.4987010061740875,0.5210278034210205,0.02250620163977146,0.05167694389820099,0.4129011929035187,0.47208794951438904,0.02242865413427353,0.17337557673454285,0.24048306047916412,0.36576828360557556,0.04610462859272957
182,0.03411513988090598,0.024648588717631672,0.8904973501744478,5.3670249104945235e-05,0.561040865338367,0.022929962440773295,0.20851774215698243,0.5085177421569824,2,3222,0.6795459389686584,0.5778020024299622,0.053582437336444855,0,1.0000000000000002e-06,3.2291953563690186,0.2306165099143982,0.10150807350873947,0.1790122091770172,0.6795459389686584,0.05258937552571297,0.4964734613895416,0.5164618492126465,0.023142365738749504,0.05329377204179764,0.4093206524848938,0.47026821970939636,0.023011188954114914,0.17737042903900146,0.23995330929756165,0.36779487133026123,0.047377943992614746
183,0.033912009843017746,0.02444586910955284,0.8904754001161327,5.353386982080891e-05,0.5608514547348022,0.02283327003761574,0.21227176189422609,0.5122717618942261,2,3222,0.6842895746231079,0.5861050486564636,0.04859926179051399,0,1.0000000000000002e-06,3.251849889755249,0.22490763664245605,0.10212942957878113,0.17593902349472046,0.6842895746231079,0.0510384663939476,0.49208369851112366,0.5260094404220581,0.022521542385220528,0.051977504044771194,0.4078233540058136,0.4750291407108307,0.022555578500032425,0.17683067917823792,0.2373778522014618,0.36375895142555237,0.046988245099782944
184,0.03410117150000904,0.024634840452800625,0.8904564199240311,5.3993541096924275e-05,0.5612271013467208,0.023120629769784434,0.20968027114868165,0.5096802711486816,2,3222,0.6833975315093994,0.5706762671470642,0.05992179363965988,0,1.0000000000000002e-06,3.2155656814575195,0.230557382106781,0.10336269438266754,0.17803476750850677,0.6833975315093994,0.05159395933151245,0.4903241693973541,0.5173556804656982,0.022719411179423332,0.052887510508298874,0.40479013323783875,0.4699471592903137,0.022596755996346474,0.17714965343475342,0.23771438002586365,0.3680206537246704,0.04693332314491272
