epoch,train_total,train_recon,train_sup,train_sup_wave,train_sup_diff,train_sup_diff2,train_sup_freq,train_sup_e1,train_sup_e2,train_sup_e3,train_sup_e4,val_recon,val_sup,val_sup_e1,val_sup_e2,val_sup_e3,val_sup_e4,S,argmax_k,lr,sec,rho_e0,rho_e1,rho_e2,rho_e3
1,0.7378921858642412,0.2990135634722917,0.43887863405372785,0.13679198953120605,0.006041733036830049,0.0102096787026233,0.11227826288212901,0.6460917306982953,0.3254648417882297,0.4535761929076651,0.33038183706610097,0.08374398328993056,0.08476355075836182,0.23062934557596843,0.02652608394622803,0.05549547831217448,0.026403295199076336,0.14827720820903778,2.0,0.001,7.738366365432739,0.06282556802034378,0.06871289014816284,0.14827720820903778,0.06441786885261536
2,0.2779636357141578,0.12014685668375182,0.15781677935434424,0.07535235551388367,0.0016492885213507259,0.000847463645344681,0.061279165032117264,0.32463929575422534,0.04981757813821668,0.1931176755739295,0.06369257783112318,0.04387256944444445,0.08181860705216726,0.22421037991841633,0.025009159247080484,0.05325815836588542,0.024796730677286785,0.3605516254901886,2.0,0.001,7.310239553451538,0.11484494805335999,0.189682275056839,0.3605516254901886,0.2648980915546417
3,0.21339383462200995,0.06582171243170033,0.1475721221903096,0.0663116378304751,0.0016252096620914729,0.0008547146900799935,0.05152618334345196,0.2901646287544914,0.047367209325666015,0.19090358200280563,0.06185306576283082,0.032368858506944445,0.07778513729572296,0.2152363936106364,0.020930264790852863,0.05297851880391439,0.0219953719774882,,,0.001,7.181629657745361,,,,
4,0.18133821824322577,0.050488089899653976,0.13085012785766437,0.05525456660467645,0.0015119112390295966,0.000870680459268877,0.04005102246351864,0.23135868751484415,0.0452546342883421,0.18764176770396854,0.059145422409410064,0.024455845811631946,0.06272773951292038,0.15985674063364666,0.020260958671569823,0.05017122427622477,0.020622034470240275,0.6059163212776184,0.0,0.001,7.28968358039856,0.6059163212776184,0.16245834529399872,0.2167319655418396,0.2389049082994461
5,0.15849288326242697,0.04266507923603058,0.11582780402639638,0.04899353728346203,0.0013366853160297742,0.0008688487983106271,0.033948246956519455,0.17667259535063867,0.04422530013581981,0.18550081291924353,0.0569125054323155,0.01976278121383102,0.05290784736474355,0.11947439511617025,0.021102548440297443,0.0496401309967041,0.02141431490580241,,,0.001,7.162918567657471,,,,
6,0.14708226206509964,0.03859092797274175,0.1084913349022036,0.0466432198882103,0.0012369623012921732,0.0008467065838530012,0.03167265062422856,0.15023768272088922,0.04393622068607289,0.18398819345494974,0.05580324064130369,0.031058599175347222,0.05127240528662999,0.11391038099924723,0.021478611628214517,0.04886270602544149,0.02083792249361674,0.8096431493759155,0.0,0.001,7.25033164024353,0.8096431493759155,0.14082659780979156,0.1746552437543869,0.2602962255477905
7,0.13762445002794266,0.03306136701418006,0.1045630830137626,0.04520961626068405,0.0011870693567249439,0.0008364956086987387,0.03053585326542025,0.13610292258469955,0.04351299158904864,0.18371038462804712,0.05492603616869968,0.015136160843460648,0.043130881786346435,0.08552812258402506,0.01922274390856425,0.04838613510131836,0.01938652555147807,,,0.001,7.319863557815552,,,,
8,0.13538795515247012,0.03408916853368282,0.10129878637583359,0.044291153226209724,0.0011401526559063275,0.0008278832360899643,0.030377609979199326,0.124513137275758,0.04326183073546575,0.1830329188834066,0.054387257150981735,0.01453666087962963,0.04280910104513168,0.08351443926493327,0.019619495868682862,0.04854884147644043,0.019553627570470175,0.8624531030654907,0.0,0.001,7.343923568725586,0.8624531030654907,0.11810759454965591,0.15609228610992432,0.2601396441459656
9,0.12746618007836136,0.02952696188636448,0.09793921948775001,0.04240093493591184,0.0011107656831407676,0.0008187499960236576,0.02836003389371478,0.11393861310637515,0.04218629132146421,0.1826401683299438,0.052991805841093476,0.012406438530815972,0.03976372679074605,0.07230584780375163,0.019351908365885417,0.0478561274210612,0.01954102357228597,,,0.001,7.304058790206909,,,,
10,0.1219849055228026,0.026342291465919952,0.09564261429983636,0.04119348023896632,0.0010889826656278708,0.0008144345584973369,0.0272566185373327,0.10559061590744101,0.0418839391482913,0.18308807002461475,0.05200782742189324,0.012676974826388888,0.039286364217599234,0.07273495356241862,0.018254732290903727,0.047809704939524335,0.018346066077550252,0.8840563893318176,0.0,0.001,7.259648084640503,0.8840563893318176,0.1103060320019722,0.16400094330310822,0.25351056456565857
11,0.12069875584996265,0.026782822835704555,0.09391593317622723,0.04056541848441829,0.0010670102985940225,0.0008058709335391936,0.02702728002939535,0.10057359804277835,0.04184146095877108,0.18200973065003104,0.051238943215297615,0.01081620822482639,0.03787803341945012,0.06659739176432292,0.01837174574534098,0.048075695037841794,0.0184673011302948,,,0.001,7.189762353897095,,,,
12,0.11687113215094028,0.024808128161922745,0.0920630029362181,0.03955121419352034,0.0010502357820413358,0.0007995477695341991,0.025898011077357376,0.09554916101953258,0.041366740737272346,0.1810029861719712,0.050333122034435684,0.009922011311848958,0.03601269453763962,0.06085528373718262,0.0181845490137736,0.047196743488311765,0.017814201911290486,0.9028908014297485,0.0,0.001,7.284075498580933,0.9028908014297485,0.0997239202260971,0.1423662006855011,0.2254379540681839
13,0.1148821345489958,0.023798818335584972,0.0910833160514417,0.03907165190447932,0.001040233294074626,0.0007981744584748926,0.025923963555175324,0.09160257973100829,0.041202260262292366,0.18192126634328262,0.04960715884099836,0.013519721137152777,0.03762411832809448,0.06273677508036296,0.019906876087188722,0.04800004323323568,0.019852778911590575,,,0.001,7.190388441085815,,,,
14,0.1143791552471078,0.023626725715787514,0.09075242961230486,0.038933907352063965,0.0010363704464195864,0.0007949365890058486,0.025559083032219307,0.09017443203407785,0.04171572560849397,0.18159665232119354,0.0495229075136392,0.008919582564742477,0.034566404322783156,0.05611395676930746,0.01794066588083903,0.04698328892389933,0.017227705717086792,0.9098528027534485,0.0,0.001,7.2240025997161865,0.9098528027534485,0.08952043205499649,0.11967580020427704,0.21150533854961395
15,0.11189456316440002,0.022329353686908016,0.08956520939650743,0.03825862462753835,0.0010261316910264609,0.0007893135872386072,0.025342203271777733,0.08822643627291141,0.04080587690291197,0.1803288874418839,0.048899635672569275,0.009235212764033565,0.03473380357027054,0.05649626572926839,0.017929610013961792,0.04716774304707845,0.01734159549077352,,,0.001,7.219904184341431,,,,
16,0.11006957033406133,0.021536370010479637,0.0885332003235817,0.03767803003606589,0.0010171033943112454,0.000787932802821793,0.02469122345032899,0.08467760260986246,0.04074245156801265,0.1805085688829422,0.04820417580397233,0.011129217529296876,0.035618374049663545,0.05860423405965169,0.018675050735473632,0.04752939224243164,0.01766481916109721,0.9113436937332153,0.0,0.001,7.264609098434448,0.9113436937332153,0.08669852465391159,0.10142453014850616,0.19563257694244385
17,0.11037874610527702,0.02208305952017722,0.08829568553230037,0.037628832718600395,0.0010133370726733751,0.0007842119717363106,0.024485279765465984,0.08495084034359973,0.04110911294170048,0.1792610378369041,0.04786175100699715,0.007203786101164641,0.03230917930603027,0.049186383883158366,0.01768203894297282,0.04615251620610555,0.01621577819188436,,,0.001,7.2370030879974365,,,,
18,0.10779861781908118,0.0204905243995397,0.08730809358151062,0.03694912515904592,0.001007179350025304,0.0007826037573344681,0.024086062917890755,0.08210078983203224,0.0407363586127758,0.17902666006399237,0.04736856500739637,0.012118102349175347,0.03605609993139902,0.05900195757548014,0.019009552796681723,0.04770674784978231,0.018506141503651936,0.918287456035614,0.0,0.001,7.262439966201782,0.918287456035614,0.08185138553380966,0.09452918916940689,0.19344861805438995
19,0.11720093501650769,0.026785810518523922,0.09041512530782948,0.039759042794289795,0.0010131216410587988,0.0007848758351705644,0.027938085729661194,0.08863189395355142,0.043233025333155754,0.18052080986292465,0.04927477191971696,0.009534108479817708,0.03447995126247406,0.05874244530995687,0.017428791125615437,0.045915379524230956,0.015833189090092976,,,0.001,7.222417593002319,,,,
20,0.1088018232713575,0.021145375607454258,0.08765644839276439,0.03657384864662005,0.0010216519965425782,0.0007864605640466123,0.02343417938960635,0.08488175208153932,0.04025751546673153,0.17888283988703851,0.046603683706211006,0.00834357751916956,0.03279748558998108,0.05049327294031779,0.017986676692962646,0.046550960540771485,0.016159032185872394,0.9139982461929321,0.0,0.001,7.460569858551025,0.9139982461929321,0.08662736415863037,0.10314401239156723,0.17340736091136932
21,0.10820100164931754,0.021824068106386974,0.08637693329997685,0.03622970559998699,0.0010029445478247235,0.000777883151465136,0.02369546566320502,0.08149000840342563,0.040119872306999954,0.1776611144128053,0.046236736295015915,0.007506938340928819,0.03269558519124985,0.05194621721903483,0.017128509283065797,0.04588883797327677,0.01581877628962199,,,0.001,7.284619569778442,,,,
22,0.10349081003147623,0.018542406999546547,0.08494840335586797,0.0353266761192809,0.000992434532077902,0.0007761058843006258,0.02271860627376515,0.07759793847799301,0.039665724920189896,0.1769377712322318,0.04559217587761257,0.006289039894386574,0.031211146016915638,0.04616935888926188,0.01765097181002299,0.045592400232950844,0.015431853135426839,0.9198119640350342,0.0,0.001,7.297487020492554,0.9198119640350342,0.08197516202926636,0.08190874010324478,0.16133441030979156
23,0.10260647276173467,0.018098430951004444,0.08450804197269937,0.03513515789223754,0.0009874576657160144,0.0007754335756940038,0.02279887955797755,0.07584748676289683,0.039866893511751426,0.1768281479244647,0.04548964082546856,0.006291829992223669,0.03098639766375224,0.045593913396199545,0.017908754746119183,0.04533240954081218,0.015110512971878052,,,0.001,7.2776899337768555,,,,
24,0.10442500885414041,0.020106763133536213,0.08431824620651163,0.03517650991030361,0.0009828347221786237,0.0007716073558422859,0.02297318904944088,0.07636840997830681,0.03982163317825483,0.17600454713987268,0.04507839857884075,0.006396350436740451,0.030417941113313036,0.04454559803009033,0.01702933152516683,0.044929941495259605,0.015166893402735393,0.9244801998138428,0.0,0.001,7.266578912734985,0.9244801998138428,0.08172360807657242,0.08710616081953049,0.16150282323360443
25,0.1061073454177898,0.021632286436531856,0.08447505890027336,0.03531565962602263,0.0009831880123111541,0.0007724486969654326,0.02340199571588765,0.07637696227301723,0.0399956363050834,0.1763495789921802,0.04517806094625722,0.008920167371961805,0.03159580359856287,0.048893102010091144,0.017310710350672404,0.04519501209259033,0.014984389940897624,,,0.001,7.2080066204071045,,,,
26,0.10268368183270744,0.01863645701466695,0.0840472245345945,0.034899042352386146,0.000982963634432172,0.0007736703745372918,0.022414952759509502,0.07488762360552083,0.03991905875180079,0.17654642009216806,0.04483579536495001,0.006685395304361979,0.030263011356194813,0.04320665677388509,0.01739072283109029,0.045279496510823566,0.015175169308980305,0.9237696528434753,0.0,0.001,7.260616302490234,0.9237696528434753,0.07696118950843811,0.080459825694561,0.14678344130516052
27,0.10265808163777641,0.01896600967840008,0.08369207252626834,0.03472577173100865,0.0009793260327094922,0.000771268518925037,0.02260621118804683,0.07421566351600316,0.03993026685455571,0.17619844234508017,0.04442391965700233,0.0066974399142795136,0.030486367344856262,0.04527113517125447,0.016932582855224608,0.044977076053619384,0.014764675299326579,,,0.001,7.222214698791504,,,,
28,0.10135585037262543,0.01830198680577071,0.08305386324291644,0.0342842581803384,0.000975392080600495,0.000769454249403561,0.022075220456589825,0.07361301131870436,0.039544563254584435,0.1749986364789631,0.04405923641246298,0.007788340250651042,0.0305173588792483,0.04479719003041585,0.016971677541732788,0.045110526084899905,0.015190041859944662,0.9261854887008667,0.0,0.001,7.2875261306762695,0.9261854887008667,0.07577656209468842,0.08159700036048889,0.13562019169330597
29,0.10468046464349913,0.020940897135954838,0.08373956738606743,0.03470034630078336,0.0009807844458998222,0.0007707610291064433,0.022953131276628246,0.0753939692740855,0.039703316014745964,0.17567438470280689,0.04418660165823024,0.010159939010054977,0.031023996472358702,0.04658503214518229,0.016947720050811767,0.045627479553222654,0.014935754140218098,,,0.001,7.240367650985718,,,,
30,0.10132255858701208,0.018602628746758335,0.08271992951631546,0.03400138117696928,0.0009743709638512329,0.0007684415272113098,0.02210213333044363,0.07306442312572313,0.03941891957884249,0.17478907367457513,0.04360730055233707,0.006798237779405382,0.029891942540804545,0.04243728478749593,0.017494176228841144,0.045062745412190755,0.014573563734690348,0.924786388874054,0.0,0.001,7.322302341461182,0.924786388874054,0.07945068925619125,0.07216233015060425,0.13598503172397614
31,0.0999247279504071,0.017322480597573776,0.08260224727184876,0.03376062352048314,0.0009768324924389954,0.0007727717140527523,0.021890133295370186,0.07162822912568631,0.039274159656918564,0.1759115386268367,0.04359506572718206,0.006214818205656829,0.030097581446170803,0.04287905216217041,0.017669938007990518,0.04518005847930908,0.014661277135213216,,,0.001,7.222741365432739,,,,
32,0.10377427935600281,0.02033035728432562,0.08344392251709233,0.03489102261221927,0.0009710580039688426,0.0007692339764300572,0.02330455848056337,0.07351105433443318,0.04000118180461552,0.17595009894474692,0.04431335790001828,0.007852232982494213,0.029485337734222412,0.0415409262975057,0.017116944789886474,0.044733323256174726,0.014550156593322754,0.9253253936767578,0.0,0.001,7.387248992919922,0.9253253936767578,0.07351991534233093,0.0706254169344902,0.13462068140506744
33,0.10158463923827461,0.019172273778721043,0.082412365662015,0.03386997180464475,0.0009708478844360164,0.000765659674273237,0.021886902172928272,0.07297052993722584,0.039276588870131454,0.17415169010991635,0.04325065761804581,0.007164621762876158,0.030680254896481834,0.04631469964981079,0.01707300265630086,0.044775630633036294,0.014557686646779379,,,0.001,7.161830425262451,,,,
34,0.1011159805499989,0.019044909180830353,0.08207107173359912,0.033775029946928437,0.0009659208286472636,0.0007646768252648737,0.022143630067939343,0.07181239160506622,0.038998287657032844,0.17421672525613205,0.04325688014859739,0.009704452175564236,0.03150433123111725,0.04890846888224284,0.017686562538146974,0.04474162260691325,0.014680670897165933,0.9268780946731567,0.0,0.001,7.232975244522095,0.9268780946731567,0.07635559886693954,0.0769200548529625,0.12487520277500153
35,0.09938006653733876,0.017906223342794438,0.08147384258716003,0.03333107463043669,0.0009628553652083096,0.0007631589719296798,0.02172693229563858,0.07017578670512074,0.038888931922290634,0.17372615959333337,0.04310449261380279,0.0075957236961082175,0.030115787982940675,0.04127843379974365,0.01852890650431315,0.04528813362121582,0.015367678006490072,,,0.001,7.294808626174927,,,,
36,0.1024642755155978,0.020022528327029686,0.08244174783644469,0.034040776202860085,0.0009680194299384627,0.0007658914090944049,0.02236096164130646,0.07254708137201227,0.03915591133029565,0.1748049116652945,0.043259085844392364,0.007250977579752604,0.030046907166639967,0.04386227448781332,0.016700947284698488,0.04529908021291097,0.014325326681137085,0.9274733066558838,0.0,0.001,7.27286171913147,0.9274733066558838,0.07048667222261429,0.0697513222694397,0.121550053358078
37,0.09980756919021191,0.018034367417187794,0.08177320205647012,0.03350791173136752,0.0009653057913174448,0.0007671748449944931,0.021983152093446773,0.07001793805671774,0.039049587981856385,0.17514127168966376,0.04288400823007459,0.005957699697989005,0.02884488840897878,0.04036352237065633,0.016591636737187703,0.044514413674672446,0.01390998085339864,,,0.001,7.289416074752808,,,,
38,0.09861365414184073,0.017536421468400436,0.08107723295688629,0.03297633596736452,0.0009620179341215154,0.0007652908097952604,0.021476160248984463,0.06886897138927293,0.03877985023933908,0.1743033599594365,0.04235675250706465,0.005481868150499132,0.0288029944896698,0.039869319597880044,0.01658178647359212,0.044739638964335124,0.014021232922871907,0.9286615252494812,0.0,0.001,7.299561262130737,0.9286615252494812,0.07249947637319565,0.07377105951309204,0.11939337104558945
39,0.09664829852788345,0.016441075374250828,0.08020722315363261,0.03248391834938008,0.0009544661152176559,0.0007606435987248045,0.02105743616171505,0.06755357170882433,0.03839539671721666,0.1729490789382354,0.04193084897554439,0.005124083342375579,0.02869368056456248,0.03910468419392903,0.01652259429295858,0.04515025536219279,0.013997188409169515,,,0.001,7.391343593597412,,,,
40,0.09851778590160867,0.01781340639876283,0.08070437901693842,0.032888394416026444,0.0009563196951563915,0.0007613273894252336,0.021405716548147408,0.06844104858844177,0.03861785339920417,0.17340263594751773,0.04235598056212715,0.005615531751844618,0.028915288945039114,0.04000559488932292,0.016960673332214356,0.04470085302988688,0.0139940345287323,0.9280446171760559,0.0,0.001,7.5409157276153564,0.9280446171760559,0.07209251075983047,0.07802923023700714,0.11845250427722931
41,0.09764727367007214,0.017290661111474037,0.08035661182973695,0.032573546971315925,0.0009556612981807278,0.000761257945154996,0.021316138865507168,0.06784162929524547,0.03858528561566187,0.17305676250354105,0.04194277087631433,0.005694692428023727,0.02854843517144521,0.03879541556040446,0.016769930521647134,0.04463388522466024,0.013994509379069011,,,0.001,7.3037824630737305,,,,
42,0.0969014550032823,0.01666917643793251,0.08023227913224179,0.03260122150506662,0.0009526211651973426,0.00075988956656226,0.02122182812055816,0.06745388326437576,0.03836075977786728,0.17314867027427838,0.041965804184260574,0.0076649477358217595,0.02962475250164668,0.04071773687998454,0.017578981717427573,0.04545601606369019,0.014746275345484415,0.926685631275177,0.0,0.001,7.450578451156616,0.926685631275177,0.0682821273803711,0.0653398260474205,0.10502693802118301
43,0.09681450607983963,0.016637522403312767,0.08017698416243428,0.032332813043309296,0.0009568834287600349,0.0007631897992130531,0.020998712467110676,0.0672586759471375,0.03796819727057996,0.1737789019294407,0.04170216215045556,0.005808042173032407,0.02863957047462463,0.03899395783742269,0.01683906078338623,0.04488229274749756,0.013842970530192057,,,0.001,7.272089719772339,,,,
44,0.09917389763438184,0.018547577176081097,0.08062631960796274,0.03271313521849072,0.0009582636842463652,0.0007634313154520224,0.021646690028517143,0.06794972296642221,0.03848714284274889,0.17406100293864374,0.04200740709252979,0.007308959056712963,0.029485894242922465,0.042247344652811686,0.01685725967089335,0.044821143945058185,0.014017828702926637,0.9333987832069397,0.0,0.001,7.280062198638916,0.9333987832069397,0.06650598347187042,0.07990150153636932,0.10149066150188446
45,0.09880955225747565,0.018622097842719242,0.08018745481967926,0.03275911655762921,0.000948566768784076,0.0007578206410550553,0.02162016733832981,0.06748815188589304,0.03845398532955543,0.1728211505257565,0.04198653267129608,0.007212314181857639,0.029293923079967497,0.0396243413289388,0.017478859027226765,0.04562385082244873,0.014448641141255696,,,0.001,7.289996385574341,,,,
46,0.09577900689581166,0.016087708022931347,0.07969129895386488,0.032140677065952965,0.0009510124522342306,0.0007609843564948634,0.020891888634018276,0.06582139545808667,0.03807415521663168,0.17336660299612128,0.041503044412187905,0.006322450764973959,0.02831273525953293,0.038830823103586834,0.016255796750386554,0.044480373859405516,0.013683947324752808,0.9353308081626892,0.0,0.001,7.261996746063232,0.9353308081626892,0.06900274753570557,0.08305983245372772,0.10336137562990189
47,0.0952359065413475,0.015963366376641003,0.07927253971929135,0.03190272374321585,0.0009473963164845886,0.0007586856802884976,0.020650319269169933,0.06520068872234096,0.0380723668343347,0.17248560099498086,0.041331503216339195,0.005224371790002893,0.02816558102766673,0.03783061822255453,0.016824494202931722,0.04449745178222656,0.013509759902954102,,,0.001,7.280565500259399,,,,
48,0.0940503918606302,0.015186660315679468,0.07886373057313588,0.03163433455578659,0.0009445879183223714,0.0007574062303477979,0.02039410700292691,0.064632055066202,0.03765966378800247,0.17219389975070953,0.040969304740428925,0.005719441505714699,0.02827880322933197,0.039023149808247885,0.016414403915405273,0.04433231989542643,0.013345339298248292,0.9336814284324646,0.0,0.001,7.1883251667022705,0.9336814284324646,0.0674140527844429,0.09495995193719864,0.10821343213319778
49,0.09394102511198624,0.015287781053263208,0.07865324486856876,0.03150643675547579,0.000942936139282487,0.0007570259065529251,0.02034701447448005,0.06386914330980052,0.03765018251927003,0.17237107779668726,0.040722576334424644,0.00700317857530382,0.028875345587730403,0.04052195390065511,0.016535364786783854,0.04479117075602213,0.01365289290746053,,,0.001,7.190465450286865,,,,
50,0.09595995169618855,0.01683526935622744,0.07912468262340712,0.031854454427957535,0.0009454045895203624,0.0007578007593427016,0.02082831866067389,0.06478783909393393,0.037639923555695495,0.17303269971971927,0.04103827152563178,0.006057405146846065,0.02849182426929474,0.03773130416870117,0.017118786970774333,0.0449208402633667,0.014196365674336752,0.9351379871368408,0.0,0.0001,7.262330532073975,0.9351379871368408,0.06968872994184494,0.09063736349344254,0.11205096542835236
51,0.0947824943324794,0.015604567997481512,0.07917792609204417,0.03180014536432598,0.0009475556257909731,0.0007608090653894064,0.021174686515460842,0.06440219250710114,0.037711552465739456,0.17383551208869272,0.04076244390529135,0.005405043312355324,0.02816741367181142,0.0379749584197998,0.016386091709136963,0.04470244884490967,0.013606155713399251,,,0.0001,7.260546922683716,,,,
52,0.09166746586561203,0.0138724646328584,0.07779500115176906,0.030936199847770775,0.0009371760230430442,0.0007540220344115211,0.019863337440335232,0.062329744353242546,0.03715458155974098,0.17135629511397818,0.04033938406602196,0.0047510581687644675,0.027777114709218342,0.037418251037597654,0.016235442956288655,0.044113574028015134,0.013341190814971924,0.9348742365837097,0.0,0.0001,7.336008787155151,0.9348742365837097,0.0673447772860527,0.08090750873088837,0.10363037884235382
53,0.09226564415123152,0.014020731470183186,0.07824491288350977,0.03104280801894872,0.0009440420873706107,0.0007595034397166709,0.020135071128606796,0.0626129501539728,0.03723022746651069,0.1727605086305867,0.04037596852235172,0.004865645684136285,0.027885109682877857,0.03730174700419108,0.016308299700419106,0.04443162441253662,0.013498767614364623,,,0.0001,7.1819071769714355,,,,
54,0.09168835308240808,0.013912081515983395,0.07777627201183983,0.03083751099589078,0.0009387752076651415,0.0007564884296658894,0.019832039089954418,0.062150214029395065,0.03707275733999584,0.171646342329357,0.04023576997544454,0.0056642805311414935,0.02822595636049906,0.038486822446187334,0.016424969832102457,0.04449811538060506,0.013493917783101399,0.9371300935745239,0.0,0.0001,7.415784120559692,0.9371300935745239,0.069188192486763,0.08130347728729248,0.09805081784725189
55,0.0926615323709405,0.014599046507931274,0.07806248671334723,0.030952744023955387,0.0009421948571284504,0.000757376073717909,0.02011409928293332,0.06256949966368468,0.03701980744043122,0.172306838242904,0.04035380045356958,0.005294881750036169,0.027752842406431836,0.036886537075042726,0.016468433539072673,0.04428797801335653,0.013368420998255411,,,0.0001,7.266263008117676,,,,
56,0.09203281998634338,0.014188924156453299,0.07784389542496722,0.030939426111138386,0.0009380893923504198,0.0007560466841349136,0.019982006076885307,0.06234878819921742,0.037026618647834526,0.17157789935236392,0.04042227792999019,0.005208113945855034,0.028577183187007905,0.040540278752644855,0.01618035872777303,0.04422584056854248,0.013362254699071248,0.9357962012290955,0.0,0.0001,7.389912366867065,0.9357962012290955,0.06744815409183502,0.07956510782241821,0.10053292661905289
57,0.09138134834559067,0.01371126569321622,0.07767008244991302,0.030792086992574776,0.0009375598975052328,0.0007548869521681057,0.019841791171094646,0.06212465497462646,0.03697587274338888,0.1713346761205922,0.040245123693476555,0.006119283040364584,0.028030614455540975,0.038503230412801105,0.016156005064646404,0.04416680335998535,0.013296418984731039,,,0.0001,7.374149799346924,,,,
58,0.09168530223162277,0.013996071222683659,0.07768922979417055,0.030864012792058613,0.0009365043648437637,0.0007543684813477423,0.019947355451143307,0.06210688712156337,0.03697269701439401,0.17126495488311932,0.040412383558957474,0.00514508293999566,0.02790124267339706,0.037507702509562174,0.016388721068700155,0.04426268736521403,0.013445859750111897,0.9351274967193604,0.0,0.0001,7.317355394363403,0.9351274967193604,0.06789248436689377,0.08034265041351318,0.10074522346258163
59,0.09144284932509712,0.013801635688413744,0.07764121404160625,0.030806336794858395,0.0009366975510087998,0.000755043399176034,0.0198674811779157,0.06203083159482997,0.03696149409465168,0.17138258076232413,0.040189951334310615,0.004841127748842593,0.028092576464017232,0.03864066918691,0.016221736272176105,0.044159185886383054,0.013348714510599772,,,0.0001,7.247336387634277,,,,
60,0.09214440409256064,0.014014575670918693,0.0781298279762268,0.03094863713435505,0.0009436238400192689,0.0007607471324381945,0.020105592501552208,0.06223555605696595,0.037212218441393066,0.17272909698279007,0.04034244431101758,0.00626673425745081,0.027928950289885204,0.03780950387318929,0.01623783548672994,0.044304391543070476,0.013364070256551107,0.9362763166427612,0.0,0.0001,7.408990859985352,0.9362763166427612,0.06346865743398666,0.07656757533550262,0.10043250024318695
61,0.09189698812754257,0.014101470456175182,0.07779551718545996,0.030794661330140156,0.000940017113664552,0.0007574361997008648,0.019877877086400986,0.06198728878213012,0.03695372977982397,0.1719763589941937,0.04026469021387722,0.004748452419704861,0.027989564339319865,0.038263037999471027,0.01616579294204712,0.044176759719848635,0.013352666695912679,,,0.0001,7.277074098587036,,,,
62,0.09160498432491136,0.013730766575621523,0.07787421734436699,0.030811535356485325,0.0009412536190053368,0.0007587545348898224,0.019811160781461258,0.061962830307690994,0.03700142305182374,0.17233753722646963,0.04019507506619329,0.004826667163990162,0.02819657425085704,0.03867747147878011,0.0163983154296875,0.04430774291356405,0.013402767181396484,0.9363128542900085,0.0,0.0001,7.2684643268585205,0.9363128542900085,0.06705576181411743,0.07764322310686111,0.1016925647854805
63,0.09171065526164096,0.01393074570628612,0.07777990886698598,0.030843103952381924,0.000938736066809329,0.0007570379302310555,0.019871807859643646,0.061974949972785034,0.03699952282983324,0.1718442025391952,0.04030095640084018,0.007325510660807292,0.028469778696695962,0.04019925117492676,0.016271369059880574,0.04412014484405517,0.013288349707921346,,,0.0001,7.300598859786987,,,,
64,0.0917261246105899,0.013789039429115213,0.07793708437162897,0.030796998787833298,0.0009428017074242234,0.0007594914691846656,0.01993180195922437,0.06190124040712481,0.036919376286475555,0.17260485693164493,0.04032286369930143,0.006208159609194155,0.027935953636964165,0.03787118434906006,0.016162426074345905,0.04427175521850586,0.013438448905944825,0.9354203939437866,0.0,0.0001,7.358309745788574,0.9354203939437866,0.06443088501691818,0.07962944358587265,0.10039516538381577
65,0.09171546218187912,0.013831626421407513,0.07788383539604105,0.0307136500335258,0.0009434037062379977,0.0007598359041604335,0.01977454700871654,0.0617809956488402,0.036794222081485,0.17274147077747012,0.04021865728756656,0.004992619154188368,0.027888724903265636,0.03735357125600179,0.01636382261912028,0.04436232328414917,0.0134751824537913,,,0.0001,7.2438342571258545,,,,
66,0.09142020117977391,0.013705044620386932,0.0777151565188947,0.030744100070517998,0.0009394211304859947,0.000757304713656397,0.01978154674820278,0.06185109265472578,0.03689891051339066,0.17188342822634656,0.040227193385362625,0.004630126840096933,0.027686109046141306,0.03689727306365967,0.01622714638710022,0.044234928290049234,0.013385088443756103,0.9364761710166931,0.0,0.0001,7.2239930629730225,0.9364761710166931,0.06524518132209778,0.08062694221735,0.1001807153224945
67,0.09131001940240031,0.013792443453617718,0.07751757586779802,0.030713250050726143,0.0009360865148229767,0.0007548371264103638,0.01978611371115498,0.061776645481586456,0.03688042351733083,0.17117303998573966,0.040240195620319115,0.007162934253833912,0.02792796591917674,0.0381177028020223,0.016161526838938397,0.04418601671854655,0.013246617317199706,,,0.0001,7.198767900466919,,,,
68,0.09179672890383264,0.01395486100860264,0.07784186724735342,0.030834238652301872,0.0009401525578299618,0.0007584268535973262,0.020027796292434567,0.06183345534879228,0.03698099469361098,0.17219446210757547,0.040358554733836136,0.005210726928710938,0.028061334490776062,0.03863872210184733,0.016257001558939617,0.04408236026763916,0.013267254034678141,0.9347973465919495,0.0,0.0001,7.2908525466918945,0.9347973465919495,0.06483005732297897,0.07941211760044098,0.10049393773078918
69,0.09181891770466515,0.013914732788891895,0.07790418519921925,0.030818092758240906,0.0009417218388989568,0.0007586666337295395,0.01991952072990977,0.06209708426309669,0.03695111138665158,0.1723408711993176,0.040227673704857414,0.004757647139937789,0.028189469277858734,0.038677077293396,0.01638357639312744,0.0442885160446167,0.0134087073802948,,,0.0001,7.255037069320679,,,,
70,0.09158891730982324,0.013897313048010286,0.07769160361393639,0.030744742845063625,0.0009389372173008387,0.0007565983611604441,0.019757385811080105,0.061756873422342796,0.03692370474986408,0.17175957107025644,0.04032626683297365,0.006533646647135417,0.02793373227119446,0.03728182395299276,0.016544559796651204,0.04440271854400635,0.013505826791127523,0.9357368350028992,0.0,0.0001,7.260338068008423,0.9357368350028992,0.06624332815408707,0.0792156383395195,0.09854356944561005
71,0.091004755185998,0.013608574097895103,0.07739618129056433,0.03058845136800538,0.0009361545874170312,0.0007550154620295633,0.019704331522402557,0.06153027454148168,0.036736051025597946,0.17126759433228037,0.040050802833360176,0.004869234664351852,0.02799237300952276,0.038211248715718585,0.016172955830891927,0.044310184319814046,0.013275103171666464,,,0.0001,7.202434539794922,,,,
72,0.09106566918932874,0.013563362598095251,0.07750230638877205,0.030611750224362248,0.000937811109115896,0.0007561800151091555,0.019725537899395695,0.061515756437312004,0.03676451483498449,0.17167650487111963,0.04005244924970295,0.004781245591905382,0.028382952014605202,0.03942023436228434,0.016409730116526286,0.0443200159072876,0.01338182767232259,0.9359695315361023,0.0,0.0001,7.369153261184692,0.9359695315361023,0.06653538346290588,0.07832765579223633,0.09574379771947861
73,0.09094997495412827,0.01361700835759225,0.07733296667752058,0.030564102060768917,0.0009353772747208891,0.0007550083151411103,0.01972388872957748,0.061318434612906494,0.0368369015176659,0.17112420758475427,0.04005231837863508,0.004446259675202546,0.027600656946500147,0.036320576667785646,0.016431268453598023,0.04426781177520752,0.013382970889409384,,,0.0001,7.215066909790039,,,,
74,0.09182394976201265,0.014126273277013199,0.07769767648499945,0.030787595264289692,0.0009382016167206609,0.000756655903229409,0.019864084725470646,0.061859765940386315,0.03679679633806581,0.17188831710297128,0.04024582534380581,0.007095954499421297,0.0288435439268748,0.04183524926503499,0.016062981287638348,0.044206339518229165,0.01326960563659668,0.9358440637588501,0.0,0.0001,7.190174341201782,0.9358440637588501,0.0656198114156723,0.07902432233095169,0.095084547996521
75,0.09130777062281319,0.013885540239836859,0.07742223014002261,0.030647447575693546,0.0009354956564493477,0.0007546913212813113,0.019738017864849255,0.06150488361068394,0.036808363769365395,0.17126413402350052,0.04011154012835544,0.005266404215494792,0.027769776384035744,0.03701515833536784,0.016539947986602785,0.044264909426371256,0.013259089787801107,,,0.0001,7.137849807739258,,,,
76,0.0912884502955105,0.013718792561279692,0.0775696583416151,0.030654404798279637,0.0009383050517341042,0.000757399495974507,0.01987117043007975,0.061372151031442314,0.03679233546490255,0.17203789366328198,0.04007625029138897,0.005670668990523727,0.02781182954708735,0.03739415009816487,0.01629723350207011,0.04427400747934977,0.013281927108764649,0.9347783923149109,0.0,0.0001,7.199110746383667,0.9347783923149109,0.06644498556852341,0.08334677666425705,0.09941954165697098
77,0.09213059719489969,0.01444192724707334,0.0776886703527492,0.03077389761481596,0.0009382954525315891,0.0007565495806098309,0.019720413438651874,0.06190215682853823,0.03683489318127218,0.17185601721639218,0.040161613051010216,0.005892927720811632,0.028106011847654978,0.038774000803629555,0.0161496376991272,0.04421753168106079,0.013282877206802369,,,0.0001,7.132768392562866,,,,
78,0.09180166021637294,0.014241761365986389,0.0775598987289097,0.03068015789208205,0.0009375948221017809,0.0007565786591326089,0.019814455638761105,0.061595429706832634,0.03683811102224433,0.17174051572447238,0.04006553635649059,0.006443782439055266,0.02820072074731191,0.03887521743774414,0.016288897196451824,0.04437236944834391,0.013266398906707763,0.9344921112060547,0.0,0.0001,7.17719030380249,0.9344921112060547,0.06638839840888977,0.08504372090101242,0.09635619074106216
79,0.09113515330397565,0.013611242499040522,0.07752391048099684,0.03062139896918898,0.0009380502616176786,0.0007571280129132388,0.0198647388783486,0.061294284203778145,0.03675711770420489,0.1719476211330165,0.040096623256154686,0.004576668520326968,0.02782708575328191,0.0371419103940328,0.016478368043899537,0.044287381172180174,0.013400683403015137,,,0.0001,7.159067392349243,,,,
80,0.09072053562039914,0.013494026523245417,0.07722650889469229,0.030487094398425972,0.0009347883068308558,0.0007544577035688511,0.019654373678824177,0.06101417411928591,0.03658430901882441,0.1713347182325695,0.039972834936950516,0.004698782913773148,0.02796930491924286,0.03824949582417806,0.01623236894607544,0.04415016571680705,0.013245189189910888,0.9370008707046509,0.0,0.0001,7.187349796295166,0.9370008707046509,0.06651574373245239,0.08208225667476654,0.09836605936288834
81,0.09190546656432359,0.014220002714706503,0.07768546303977138,0.03077134376634722,0.000938282365930955,0.0007571294149586364,0.019873270036085793,0.061670283098583634,0.03695880403013333,0.17196588801301044,0.040146874668805496,0.00484713055645978,0.027446275750795997,0.03544726530710856,0.01646988868713379,0.04438783327738444,0.01348011573155721,,,0.0001,7.135863304138184,,,,
82,0.09130978130775949,0.013731523821859257,0.07757825631162395,0.030651025069148644,0.000938544614220281,0.0007575706644591106,0.019784975553984226,0.06153942142491755,0.03677749569001405,0.1718984200902607,0.04009768561176632,0.005790056355794271,0.028177318175633747,0.03905815124511719,0.016142616271972655,0.04428104400634766,0.013227461179097493,0.9371436238288879,0.0,0.0001,7.213804244995117,0.9371436238288879,0.06495162099599838,0.08204174786806107,0.09766273200511932
83,0.09057669859865437,0.013385271896486696,0.0771914260542911,0.03044015898004822,0.000935025336018399,0.0007549721833682903,0.019537908146562782,0.060847903561332954,0.036621000941680824,0.1714177138131598,0.039879085577052574,0.005182880542896412,0.028025636076927183,0.037759875456492106,0.016427032152811685,0.04458045879999797,0.013335177898406983,,,0.0001,7.142800331115723,,,,
84,0.09129836086345755,0.01378051001254631,0.07751785089140353,0.030728681660864666,0.0009357833718557073,0.0007559961700083121,0.01976369418527769,0.06131968987376794,0.03702758025863896,0.17150586713915286,0.040218263540578926,0.005939661322699653,0.027842363417148592,0.03738952954610189,0.016288204590479534,0.04429605801900228,0.013395661513010661,0.9371017217636108,0.0,0.0001,7.18218207359314,0.9371017217636108,0.0641297921538353,0.08102953433990479,0.09416371583938599
85,0.09105188043221184,0.0137289150658509,0.07732296443503836,0.030525044497588406,0.0009359584275997528,0.0007561479831802781,0.01963129526247149,0.06108694879905037,0.03674418268644292,0.17157759744188059,0.03988312994656355,0.004909729456018519,0.027965207596619922,0.038116162618001305,0.01622718373934428,0.04423289775848389,0.013284586270650227,,,0.0001,7.135033845901489,,,,
86,0.09059771765833316,0.013465855594562448,0.07713186222573985,0.030416012620148453,0.0009343169918081359,0.0007549160762447054,0.01962321972393471,0.06091828871032466,0.03658772227556809,0.17119049896364627,0.03983093879145125,0.004806012301974826,0.027638425529003145,0.036569897333780924,0.01636487921079,0.04438226938247681,0.013236656188964843,0.9374372959136963,0.0,0.0001,7.186574459075928,0.9374372959136963,0.06627507507801056,0.08338002860546112,0.09666598588228226
87,0.0911720022559166,0.013659062430910442,0.0775129399869753,0.030606875277083855,0.0009381213053332075,0.000757252756992112,0.019835096500490024,0.06125427539581838,0.036726234642707786,0.17206503969171774,0.040006213538024735,0.0054692828143084495,0.02799727370341619,0.037907678286234536,0.016147716840108236,0.0444642718633016,0.013469427824020386,,,0.0001,7.138132572174072,,,,
88,0.09112780994695166,0.013865682822854622,0.07726212688114333,0.030515570679436558,0.0009349311054076837,0.0007556543240080709,0.01953766438300195,0.061096856937460274,0.03670566310377225,0.1711824639983799,0.040063520974439125,0.005654167231807002,0.027708214819431302,0.03726121266682943,0.01622267166773478,0.044131070772806806,0.013217904170354207,0.9366468787193298,0.0,0.0001,7.211159944534302,0.9366468787193298,0.06563004851341248,0.08282329887151718,0.0999394953250885
89,0.09110167914110681,0.013742890046990437,0.07735878877017809,0.030526135845676712,0.0009366530297405046,0.0007569747698574287,0.019722550702483757,0.061026169716016106,0.03662454895675182,0.17187749367693197,0.039906938114891884,0.005157320601851852,0.027619163691997527,0.03624573866526286,0.016480226516723633,0.04434236129124959,0.013408328294754029,,,0.0001,7.134450435638428,,,,
90,0.09049196152583412,0.013327961058720299,0.07716400014317554,0.030419983050745468,0.0009348803533889029,0.0007559075577022588,0.019596856735322788,0.060820871397205024,0.036529128642185875,0.17139444921327673,0.03991155245381853,0.004856840571650752,0.0278288526336352,0.037560579776763914,0.01630122939745585,0.044201655387878416,0.013251945972442628,0.936918318271637,0.0,0.0001,7.188301086425781,0.936918318271637,0.06341928243637085,0.08235522359609604,0.09619411826133728
91,0.09077203630105309,0.013573297015998674,0.0771987396089927,0.03043054489661818,0.0009353639072050219,0.0007558177534045409,0.01962954858722894,0.061075644162685974,0.03650280776555124,0.1714581646349119,0.039758341629867966,0.005898734763816551,0.0279777463277181,0.03767961104710897,0.016487709681193032,0.04438532511393229,0.013358339468638103,,,0.0001,7.174519777297974,,,,
92,0.09045431698146074,0.013536976285926674,0.07691734025011891,0.030352367331152378,0.0009312994762971673,0.0007528433115626483,0.019544377356119778,0.060772179909374405,0.03645434198172196,0.17060059309005737,0.03984224812492081,0.004666471354166667,0.02767351984977722,0.0369429079691569,0.01629810094833374,0.044143896102905276,0.013309174378712972,0.9367266893386841,0.0,0.0001,7.19289493560791,0.9367266893386841,0.06719297915697098,0.08078863471746445,0.09123367816209793
93,0.09080010166634685,0.013626331665917583,0.07717376979796783,0.03041695398480996,0.0009351363253739217,0.0007555848797378333,0.019660990037347958,0.06082145497202873,0.03667029560260151,0.17127666071705197,0.039926669681849686,0.0053097979510271995,0.027566651701927188,0.036194475491841634,0.016344093481699625,0.04431757132212321,0.013410466512044271,,,0.0001,7.145704507827759,,,,
94,0.09081851269887842,0.01379193786693656,0.07702657515588014,0.030381725372179695,0.0009328970057970804,0.0007537885508297578,0.01946191886520904,0.06082611255671667,0.03654571217687234,0.17102997393711752,0.03970450389644374,0.004755700796621817,0.0275852237145106,0.03626099268595378,0.016499542395273844,0.044352027575174965,0.013228332201639811,0.9375482201576233,0.0,0.0001,7.190673351287842,0.9375482201576233,0.0675053596496582,0.08797326683998108,0.09858177602291107
95,0.09071381908396016,0.013688649415321972,0.0770251699115919,0.030385213134729343,0.0009327991536575491,0.0007540419945776787,0.019625026489729466,0.0607841606049434,0.03657110181191693,0.17095934826394785,0.03978607074722,0.004583966742621528,0.02752982219060262,0.03637311855951945,0.01622405449549357,0.0442896032333374,0.013232512474060059,,,0.0001,7.202409982681274,,,,
96,0.09124478827352109,0.01379868683769651,0.07744610082844029,0.03046318637612073,0.0009396582988657705,0.0007596626731000193,0.019728313645590908,0.06094746988104737,0.0365728910850442,0.17250778558461563,0.03975625886865284,0.0046038100631148726,0.027995020846525828,0.037895275751749675,0.016264357964197795,0.04447261810302734,0.0133478315671285,0.937878429889679,0.0,0.0001,7.398129463195801,0.937878429889679,0.0688488706946373,0.08867088705301285,0.09316245466470718
97,0.09072618996319563,0.013608372243850128,0.07711781690949979,0.03041664640540662,0.0009340234328587742,0.0007551603054668268,0.019539019821778587,0.060829923528691994,0.036532604014096054,0.17120291487030362,0.03990582878822866,0.0050029281051070604,0.02797713239987691,0.03770330270131429,0.016359802881876627,0.04437107880910238,0.013474345207214355,,,0.0001,7.34958028793335,,,,
98,0.09097569144290427,0.013674387627321741,0.07730130462542824,0.030522146869612778,0.0009355831881175222,0.0007563310741122974,0.019564930349588394,0.06087194982430209,0.03674136652894642,0.1716829661441886,0.039908940377442734,0.004887200814706308,0.02772808353106181,0.037332916259765626,0.01620822032292684,0.044122325579325355,0.013248871962229411,0.9363470673561096,0.0,0.0001,7.426424264907837,0.9363470673561096,0.06628943979740143,0.08660939335823059,0.09573409706354141
99,0.0904698271466338,0.013456766250664774,0.07701306077449219,0.030354097080619438,0.0009331792623371533,0.0007547723615299101,0.01957866719559483,0.06059077560253765,0.036465537774821984,0.17121181799017865,0.039784111568461296,0.004817622545030382,0.028062770366668703,0.03848427931467692,0.016331365108489992,0.04417532444000244,0.013260112603505453,,,0.0001,7.220519542694092,,,,
100,0.0911503861779752,0.013832331513581068,0.07731805482636327,0.03054854241402253,0.000935390232252362,0.0007563557313836139,0.019760176417944225,0.06107783544322719,0.03657781915820163,0.1716712939998378,0.03994527054221734,0.005799787846317997,0.027822017172972363,0.03699119011561076,0.016507133642832437,0.044499138991038,0.013290605942408244,0.9372914433479309,0.0,1e-05,7.316508054733276,0.9372914433479309,0.06701449304819107,0.08525802940130234,0.09306870400905609
101,0.09002004175082497,0.013339899561327436,0.0766801422704821,0.030153209262568016,0.0009305386439613674,0.0007527419467173193,0.019523891903783962,0.06025040327854778,0.03637507671247358,0.17059284189473028,0.03950224711519221,0.005204175482855903,0.027983406682809193,0.0381064240137736,0.016330092350641888,0.04425382137298584,0.013243288993835449,,,1e-05,7.233897686004639,,,,
102,0.09064782799586006,0.013286669657606146,0.07736115870268448,0.030494711807240612,0.0009373289295067282,0.0007581021181186256,0.019673431940052822,0.06074316880625227,0.03660197507428086,0.17212299678636633,0.039976495277622474,0.004374815425166378,0.027385342319806417,0.03535054047902425,0.01649285395940145,0.04434723854064941,0.013350736300150554,0.9366267323493958,0.0,1e-05,7.405900239944458,0.9366267323493958,0.06561069935560226,0.08649805933237076,0.09413237124681473
103,0.09035355921672739,0.013425736931031164,0.07692782192126564,0.030209648139450863,0.0009343634769522949,0.0007556180656968576,0.01943494363323502,0.060285298882619194,0.036324224718239,0.17151208999364273,0.03958967587222224,0.005098698142722801,0.027504927317301434,0.03615525325139363,0.016393251021703085,0.04422654072443644,0.013244664271672566,,,1e-05,7.459173202514648,,,,
104,0.09020332020262013,0.013158170749311861,0.07704515010118484,0.03025019905813362,0.0009358989950471922,0.0007574458495187371,0.01947306687741176,0.06021867352335349,0.03640447233034217,0.171857713357262,0.039699736982584,0.0044973980938946756,0.027340557773907984,0.035540316899617515,0.016308050155639648,0.04420498053232829,0.013308883508046468,0.9366909265518188,0.0,1e-05,7.376220464706421,0.9366909265518188,0.06587725877761841,0.08595834672451019,0.09449250251054764
105,0.08994637559289517,0.013179978315273056,0.07676639699417612,0.030144114533196324,0.0009324456484097501,0.0007546804415102562,0.019388210028409958,0.0601709745824337,0.03620861276336338,0.17110552023286404,0.03958047894032105,0.005318878851996528,0.027605287631352744,0.036767428716023766,0.01632206161816915,0.04415564695994059,0.013176013231277466,,,1e-05,7.301244735717773,,,,
106,0.09046236036912254,0.013393395337397638,0.0770689650722172,0.030318474397063255,0.0009350098249421495,0.0007563280953985194,0.019581470071621563,0.06045612223122431,0.03644505094574845,0.17144572993983392,0.03992895976356838,0.004979417815031828,0.027506252129872642,0.03616415500640869,0.016301628748575846,0.04420959075291952,0.013349634011586507,0.9363865852355957,0.0,1e-05,7.301353454589844,0.9363865852355957,0.06427618861198425,0.08337374031543732,0.09306670725345612
107,0.09041978192070256,0.013474558965991373,0.0769452229142189,0.030225878581404686,0.0009343869118627323,0.000755639367169984,0.019464237858419834,0.060569057322066765,0.036335532270047974,0.17127986446670865,0.03959644132334253,0.006073971218532986,0.028177951872348783,0.03907627820968628,0.016286104520161947,0.04420277754465739,0.013146647214889527,,,1e-05,7.213259935379028,,,,
108,0.09036198517550594,0.013252068027530027,0.07710991702649904,0.03021282581207545,0.0009379418485838434,0.0007583490198316133,0.019461158015157864,0.06025072154791459,0.036425466446772865,0.17216044275656991,0.039603043185627976,0.004947809629087095,0.027439573705196382,0.03572079499562581,0.01646005829175313,0.044332497119903565,0.013244944413503011,0.9361692070960999,0.0,1e-05,7.197138786315918,0.9361692070960999,0.06706880033016205,0.08592100441455841,0.09998226910829544
109,0.08989344148532204,0.013126276514452436,0.07676716569973074,0.03016668339462384,0.0009320096553141332,0.0007543093676719328,0.01940728869775067,0.060047971489636795,0.036333378242409745,0.17102730403775754,0.03966001178259435,0.004523129272460937,0.02734392394622167,0.035414613882700605,0.01646491289138794,0.04424417575200399,0.01325199325879415,,,1e-05,7.148639440536499,,,,
110,0.0905909317991008,0.01321478669896074,0.07737614473570949,0.030318885069826374,0.000941145178133055,0.0007608601641233848,0.01947508768542953,0.06027259855814602,0.036502871500409165,0.17291061061879862,0.0398184959979161,0.004732577853732639,0.02752231607834498,0.036062478224436444,0.01629371682802836,0.04442288875579834,0.013310180505116781,0.937734067440033,0.0,1e-05,7.185140132904053,0.937734067440033,0.06256058812141418,0.08804330974817276,0.09425155818462372
111,0.09000046421652255,0.013256570648240007,0.0767438939732054,0.03012327396351358,0.0009324123915892256,0.0007543380564564596,0.019371618395266327,0.0601415964572326,0.036219207488972206,0.17106608592945596,0.039548683263685394,0.005087833319769966,0.027927064299583432,0.037738913695017494,0.016281814575195314,0.04434102614720663,0.013346502780914307,,,1e-05,7.129993677139282,,,,
112,0.09021566289922466,0.01323037930642781,0.0769852837142737,0.03025836586628271,0.0009345383707271969,0.000755666729832149,0.019552567325856373,0.060310221722592476,0.0364559037691873,0.17145596315031467,0.03971904807764551,0.00544520930537471,0.027555563052495326,0.03634141047795614,0.01637998064359029,0.04422140677769979,0.013279454310735067,0.9370041489601135,0.0,1e-05,7.227678060531616,0.9370041489601135,0.06576269119977951,0.08342405408620834,0.09573036432266235
113,0.09030899761811546,0.013226020271363466,0.07708297702281372,0.030261215713361034,0.0009364352445118129,0.0007576691619444476,0.019412932593537414,0.060274498456198235,0.03634945125035618,0.17193335100360538,0.039774607219125915,0.005257206217447917,0.02764234721660614,0.036287155151367184,0.016425036589304606,0.04454516887664795,0.013312028249104818,,,1e-05,7.158053874969482,,,,
114,0.0899916424051575,0.013149106348662273,0.07684253544911095,0.030145446243493454,0.000933941759918209,0.0007554548311695132,0.019372198568738026,0.060009124162404434,0.03638769929175791,0.17140270834383758,0.03957060902662899,0.00433886402271412,0.027379383345444996,0.035728280544281,0.016294485727945965,0.044304765065511065,0.013190002044041952,0.9369909763336182,0.0,1e-05,7.23388147354126,0.9369909763336182,0.06628453731536865,0.08657743781805038,0.09769687056541443
115,0.09039293521124384,0.013312892137986162,0.07708004311374995,0.03026887580104496,0.00093622336609532,0.000757592985831687,0.019545714573367783,0.06033319283438766,0.036372075910153595,0.17193406949872556,0.039680836155362754,0.005112409125434028,0.02758064607779185,0.03654168049494425,0.016207741896311443,0.0443207327524821,0.013252429167429606,,,1e-05,7.156368732452393,,,,
116,0.09024738228839377,0.013290345709285011,0.07695703597172447,0.030214798434273056,0.0009348447378927275,0.0007568093664620234,0.019380154371585533,0.06034405383726825,0.036341585704813835,0.17154149516769077,0.039601007071526154,0.004821281715675637,0.027608350614706675,0.03693436066309611,0.016256914138793946,0.044109153747558597,0.013132973909378051,0.9373947381973267,0.0,1e-05,7.181533098220825,0.9373947381973267,0.06421004235744476,0.08777092397212982,0.09664258360862732
117,0.09029187294452087,0.013431221854103647,0.07686065072598665,0.03018906072753927,0.0009334318101932497,0.0007552317692898214,0.01944263052681218,0.060250592134569,0.03628492987026339,0.1711505508941153,0.039756534378165787,0.004224669845015914,0.027372337579727176,0.03568793137868245,0.016298391024271646,0.04422109603881836,0.01328193187713623,,,1e-05,7.147552013397217,,,,
118,0.09011413513318352,0.013247974176445732,0.07686616124018379,0.030167257332283516,0.0009339780789678512,0.0007556412449997405,0.01948697597760221,0.06008866218769032,0.0362575378106988,0.17153377960557523,0.03958466503283252,0.004817049040617766,0.02802341967821121,0.038475839296976726,0.016143118540445964,0.04430601914723714,0.013168701728185017,0.9367092251777649,0.0,1e-05,7.2000813484191895,0.9367092251777649,0.06513147801160812,0.08560998737812042,0.09442618489265442
119,0.08984272020018619,0.013116601247178472,0.07672611915546915,0.030100195061253464,0.0009325184965627673,0.0007546555261006174,0.01929120452183744,0.06004905571108279,0.03622303465786188,0.17110282053118167,0.039529567341441696,0.004461328351056134,0.027590809464454653,0.036870843569437664,0.01618063688278198,0.04412129799524943,0.013190459410349529,,,1e-05,7.140305280685425,,,,
120,0.09010268067536147,0.01317857404279968,0.07692410667305408,0.03019650029423444,0.0009345521431659226,0.0007556447248055559,0.019485275949472965,0.06011839648303778,0.03627950228426768,0.17152919393518698,0.03976933690516845,0.004575033230251736,0.0273254598180453,0.035578591028849284,0.016275901397069296,0.04414771874745687,0.013299628098805746,0.9357282519340515,0.0,1e-05,7.322737693786621,0.9357282519340515,0.06513179838657379,0.08642906695604324,0.09314829111099243
121,0.08974802105323128,0.01314030336621015,0.07660771712012913,0.03007227619704993,0.0009307087925465211,0.0007534115575253963,0.0192533806776223,0.0600232873921809,0.036233420686229416,0.17070767736953238,0.03946647825448409,0.004243439850983796,0.02774070759614309,0.03727961222330729,0.01625371297200521,0.04418683052062988,0.013242674668629965,,,1e-05,7.227665185928345,,,,
122,0.09075540628122247,0.013512432939656403,0.07724297338205835,0.03031748371279758,0.0009385097908544476,0.0007586924931155922,0.019610521586044975,0.060434005830598915,0.036475020258323006,0.17236891194530155,0.03969395597991736,0.006532000393337674,0.027808923522631326,0.03654083331425985,0.016516374746958416,0.04475783507029216,0.013420650959014893,0.9372788071632385,0.0,1e-05,7.256242513656616,0.9372788071632385,0.06590653955936432,0.08312506973743439,0.09287760406732559
123,0.08986026081054108,0.013151060587362103,0.0767091998587484,0.03012325549903123,0.0009317188726171204,0.0007537918711971978,0.019286480691769848,0.06012033379596213,0.03627662619818812,0.17085309326648712,0.03958674244906591,0.004814278383608217,0.028093381623427074,0.03843753973642985,0.016364807685216268,0.04420458157857259,0.013366597493489583,,,1e-05,7.192379951477051,,,,
124,0.0901717857822128,0.013246478553375473,0.07692530686440675,0.03019295349393202,0.0009346470621454974,0.0007561961487543,0.019532578632883404,0.06017413978343424,0.03629852734182192,0.17156782875890317,0.0396607320593751,0.004813203938802083,0.027457067370414735,0.03633617083231608,0.01618141571680705,0.04417264461517334,0.013138038317362467,0.9372553825378418,0.0,1e-05,7.225062370300293,0.9372553825378418,0.06415855139493942,0.08825192600488663,0.09670277684926987
125,0.08974375543387039,0.013096499378266542,0.07664725573166557,0.03006126075659109,0.0009317198697396594,0.0007541044944208925,0.019227475575778797,0.05997685569783916,0.03620197202848351,0.1709055051855419,0.0395046877472297,0.005411920957212095,0.02769094576438268,0.03665111144383748,0.016478227376937868,0.04439707040786743,0.01323737382888794,,,1e-05,7.213911771774292,,,,
126,0.0900700186257777,0.013253114996073038,0.07681690448004266,0.030223928715871727,0.000931859507387423,0.0007542889367829522,0.019447821556873943,0.060344628827727356,0.03639475021349347,0.17093920642914978,0.03958903107306232,0.005672219283492477,0.027856517732143402,0.03736152569452922,0.01646604379018148,0.04429116090138753,0.013307340542475383,0.936316192150116,0.0,1e-05,7.245705604553223,0.936316192150116,0.06557036936283112,0.0835961401462555,0.08811676502227783
127,0.08974993650032126,0.01311174929951844,0.07663818805114082,0.03012019808849563,0.0009303598123116661,0.0007526814993268446,0.01942364312708378,0.06007059355792792,0.036337266311697335,0.1705572773580966,0.0395876154627489,0.00452777020489728,0.027772496938705444,0.03736334323883057,0.01634121576944987,0.04420621315638224,0.013179215590159098,,,1e-05,7.194164037704468,,,,
128,0.0898714849482412,0.013243154946552671,0.07662832996119624,0.030183460401452106,0.0009288973650773582,0.0007517019833397607,0.01939944461311983,0.060199350118637085,0.036388537320105926,0.170250301775725,0.03967512852471808,0.005281931559244792,0.027988397578398386,0.03839676380157471,0.016275046269098918,0.04410380204518636,0.01317797819773356,0.9366335272789001,0.0,1e-05,7.245823860168457,0.9366335272789001,0.06339851766824722,0.0845595970749855,0.09245861321687698
129,0.08989828598240147,0.01306398589487957,0.07683430061392162,0.03012233203196007,0.0009342394035269061,0.0007557381759397686,0.019402666179382282,0.060149243182462196,0.03633643508605335,0.171384585292443,0.0394669439157714,0.004280377536349827,0.027339759369691213,0.03542684396107992,0.016355916261672973,0.04429295937220255,0.013283317883809407,,,1e-05,7.1918275356292725,,,,
130,0.09046316665151845,0.01333370160959337,0.07712946508241736,0.030375218018889427,0.0009350848951093528,0.0007568075746783744,0.01959479835046374,0.060428017345459564,0.03653159648503946,0.17148389505303424,0.04007434634410817,0.00607089369032118,0.027812198797861738,0.03735548973083496,0.016235264937082928,0.044233819643656414,0.01342422087987264,0.9373241066932678,0.0,1e-05,7.243521690368652,0.9373241066932678,0.06419815123081207,0.07782488316297531,0.08932828158140182
131,0.09059344750383626,0.013333544863954834,0.07725990336874257,0.030354965235228123,0.0009380987460684518,0.0007590708935268871,0.01959110521104025,0.060354592035646026,0.03648142435628435,0.17232900372017984,0.039874593200890915,0.0051368485062210645,0.027675694425900774,0.03661232868830363,0.01639970064163208,0.04434757709503174,0.01334317127863566,,,1e-05,7.235577821731567,,,,
132,0.09020459781522336,0.013420768487064735,0.0767838294091432,0.030209239896224892,0.000931491764039611,0.0007538834849939398,0.019369026079126026,0.06032666693563047,0.03634855766659197,0.17081035479255344,0.03964973840376605,0.004722480943467882,0.027736175855000815,0.03702901045481364,0.016336563428243002,0.044344244003295896,0.013234885533650716,0.9370017647743225,0.0,1e-05,7.196721315383911,0.9370017647743225,0.06676244735717773,0.08590271323919296,0.09081118553876877
133,0.09005929821211359,0.013267152780747932,0.0767921458767808,0.0301803188479465,0.0009322365513071418,0.0007545743517213217,0.019437583163380623,0.060197531691064,0.036262856958353004,0.17094985687214395,0.0397583421157754,0.004200691957826967,0.0276000972588857,0.03660770495732625,0.016390988032023112,0.04421515941619873,0.01318653662999471,,,1e-05,7.138329982757568,,,,
134,0.09011012153780978,0.01316958455287892,0.07694053682296173,0.03025708517626576,0.0009336690418422222,0.0007555809671707127,0.019434979509400284,0.06032599524959274,0.03641478846902433,0.1712312672449195,0.03979009843390921,0.004463236377857349,0.02769487500190735,0.03711857875188192,0.016172025203704834,0.04429922183354695,0.013189674218495687,0.9369866847991943,0.0,1e-05,7.314348220825195,0.9369866847991943,0.06511037051677704,0.0859684944152832,0.09209135174751282
135,0.0899664620342462,0.013287124628929989,0.0766793382556542,0.030059097820649975,0.0009324048245933069,0.0007543547114397844,0.01935960271436235,0.05993161836396093,0.03610061141459838,0.17124330349590466,0.03944182298753573,0.004976340060763889,0.02766800880432129,0.036590685844421385,0.016455989678700766,0.044336074193318684,0.01328928550084432,,,1e-05,7.172672748565674,,,,
136,0.08999371204687201,0.013276566913270432,0.07671714541704758,0.03012344297831473,0.0009318740162795976,0.0007536907594286553,0.019321412091021953,0.060078801344270294,0.03631941666421683,0.17087280167185742,0.03959755729074064,0.004811747233072917,0.027764839728673302,0.03747968673706055,0.016213848193486532,0.04413632074991862,0.013229503234227499,0.9372925162315369,0.0,1e-05,7.245701313018799,0.9372925162315369,0.0648021250963211,0.08568043261766434,0.09281571954488754
137,0.08982226349737334,0.013158481365636639,0.0766637824151827,0.030088347990227783,0.0009315086822227939,0.0007537596924837841,0.019331366714576016,0.059807956056750336,0.03627467204047286,0.1710174401169238,0.039555059988861496,0.006201491179289641,0.027590210537115734,0.03692500909169515,0.016148868799209595,0.044098429679870606,0.013188534577687582,,,1e-05,7.22825813293457,,,,
138,0.09006644558647404,0.013195650206635828,0.07687079517737679,0.030189122194829193,0.0009336334567152611,0.0007559402602846208,0.01942113292929919,0.060206167723821556,0.036288918846327324,0.1713303146154984,0.039657780981582146,0.005878116748951099,0.027909296949704485,0.0373418378829956,0.016592673460642495,0.04436056931813558,0.01334210713704427,0.9369803667068481,0.0,1e-05,7.706138610839844,0.9369803667068481,0.06725163757801056,0.08384968340396881,0.09275756776332855
139,0.08999306740968124,0.013206162327981514,0.07678690585105316,0.030178586587957714,0.0009321663908295981,0.0007542025388987815,0.019339994405922684,0.06026916238276855,0.03638264164328575,0.1709208060865817,0.03957501361551492,0.004616774608470775,0.028221937119960783,0.038944519360860186,0.01628493348757426,0.04439777135848999,0.0132605242729187,,,1e-05,7.42897891998291,,,,
140,0.08982770663240681,0.013150736770552137,0.07667697059071582,0.030121921116243237,0.0009311009552734702,0.0007535271756553456,0.019437903619330864,0.06008540515018546,0.03629504792068316,0.1708165731119073,0.039510852130858795,0.004757325122974537,0.027921258211135867,0.03822369734446208,0.0162090531984965,0.04410559972127279,0.013146682580312093,0.9368213415145874,0.0,1e-05,7.1868085861206055,0.9368213415145874,0.06430897861719131,0.08654111623764038,0.09217765927314758
141,0.0900788122545118,0.01315420234332914,0.07692460974921352,0.030196199274581413,0.000934568205949567,0.0007561801922629061,0.019416702668304028,0.060175010529549225,0.03624900138896445,0.1717005747815837,0.039573849219342934,0.004681475830078125,0.027433288693428037,0.03616763909657796,0.016174976030985513,0.04420357624689738,0.013186963399251302,,,1e-05,7.178622484207153,,,,
142,0.08974294008120247,0.013122301265273405,0.07662063869445221,0.030114727904615196,0.0009301182328035002,0.0007525615662376841,0.019377223742396935,0.06009854424906814,0.03630782663822174,0.17049051238142926,0.03958567215696625,0.0047674118607132525,0.02751038044691086,0.036504756609598794,0.01619264284769694,0.044126968383789066,0.013217153946558634,0.936477541923523,0.0,1e-05,7.214512348175049,0.936477541923523,0.06514562666416168,0.08541426807641983,0.09107314050197601
143,0.09040745347738266,0.013576750886505064,0.0768307023074316,0.030222682525282322,0.000932160433402042,0.0007546273687773424,0.01947043852313705,0.06028702693141025,0.036437538492938744,0.170923153343408,0.03967509580695111,0.006297363620334202,0.0278977303703626,0.037505261103312176,0.01649075984954834,0.04433917760848999,0.013255722920099895,,,1e-05,7.180230379104614,,,,
144,0.0898961340603621,0.013233037341548048,0.0766630963138912,0.03016947428493396,0.0009298724572822127,0.0007526208773133872,0.019398801433651344,0.060080614912769066,0.03625136095544566,0.17063357259916223,0.039686842133169586,0.004809078753436054,0.027515579164028164,0.036650335788726805,0.01617312788963318,0.04409533103307088,0.013143521944681803,0.9365205764770508,0.0,1e-05,7.213759183883667,0.9365205764770508,0.06337135285139084,0.08649306744337082,0.09296207875013351
145,0.09068625841451727,0.013596709453217361,0.07708954875883849,0.030307680125469746,0.0009356373819806006,0.000756940609552776,0.01958754715388236,0.06051428794212963,0.036452310078817864,0.17177664650523145,0.03961494921342186,0.009413560316297743,0.028480310837427775,0.040572419961293536,0.016042248805363972,0.0441806443532308,0.013125930229822795,,,1e-05,7.189910888671875,,,,
146,0.09026647942221683,0.0134694108982449,0.07679706844298737,0.030150622615347736,0.000932928903595261,0.000755086695552682,0.019374130455696064,0.06030341318768004,0.036246539619953735,0.17108896569065427,0.03954935656941455,0.0045327765570746525,0.027744684815406796,0.037103649775187174,0.016383729378382363,0.0442606782913208,0.013230681816736856,0.9377247095108032,0.0,1e-05,7.245387077331543,0.9377247095108032,0.068754181265831,0.08709100633859634,0.09193816781044006
147,0.09001614380141963,0.013192101665165113,0.07682404246019281,0.03016518744761529,0.0009331770858767887,0.0007547364220954478,0.019488940420358078,0.0600844688065674,0.03640282364643138,0.1711705955474273,0.03963827973474627,0.004315684339735243,0.027376873195171358,0.035622936884562174,0.016333598295847573,0.044281530380249026,0.013269427220026652,,,1e-05,7.187925100326538,,,,
148,0.09009811865246814,0.013235695903068003,0.07686242364023042,0.03020995563786963,0.0009330493605533695,0.0007556928093950062,0.019374470833850944,0.060183380123065865,0.03638653967367566,0.17119690711083618,0.03968287081174229,0.004900486020688657,0.027619304756323494,0.03651385943094889,0.016410644451777142,0.044306891759236654,0.0132458233833313,0.9368990063667297,0.0,1e-05,7.562409400939941,0.9368990063667297,0.0676436498761177,0.0853545144200325,0.09488850831985474
149,0.09014187688412874,0.013360756165955378,0.07678112160900365,0.030222350488538326,0.0009311754054025463,0.0007538253330099194,0.019443876555432445,0.06011637786160345,0.03640008077997228,0.17096439003944397,0.03964363637825717,0.00420732263635706,0.027358118096987405,0.035827372868855796,0.016237354278564452,0.04418472131093343,0.013183023929595947,,,1e-05,7.488688945770264,,,,
150,0.09083243329887805,0.013346007822648338,0.07748642434244571,0.030277981301364693,0.0009441688712483839,0.0007632028756906157,0.01958760481489741,0.06025747890057771,0.036558492514102356,0.17344633003939752,0.0396833976973658,0.00543098461009838,0.027672506372133893,0.03654146194458008,0.01629447062810262,0.04448754469553629,0.01336654822031657,0.9375209212303162,0.0,1.0000000000000002e-06,7.219906806945801,0.9375209212303162,0.06379258632659912,0.08696315437555313,0.0946643054485321
151,0.09045029334400011,0.013453005853554478,0.0769972878953685,0.03029718031377896,0.0009340021465702549,0.0007560990482528249,0.019515242508572082,0.06025723432717116,0.03655096823754518,0.17146919408570166,0.03971175379727198,0.004951420988859954,0.027354596952597298,0.03587656021118164,0.016248168150583903,0.04414553801218669,0.01314812143643697,,,1.0000000000000002e-06,7.203920841217041,,,,
152,0.0901099861316059,0.01321331861064486,0.07689666683259218,0.03019932762760183,0.0009339468315770121,0.000755538341447549,0.01944125557075376,0.06012508175943209,0.03638403206739737,0.17147127830463907,0.03960627835729848,0.004907189602322048,0.02766743034124374,0.037106157143910724,0.01619653026262919,0.04428332408269246,0.013083709875742594,0.9380602240562439,0.0,1.0000000000000002e-06,7.211003541946411,0.9380602240562439,0.06416842341423035,0.08432558923959732,0.09215233474969864
153,0.09044234422237976,0.01339955984250359,0.07704278437987618,0.03024047289205634,0.0009360462275293211,0.0007569640773631957,0.019464615246523983,0.06034492555519809,0.036340200868637665,0.17190591407858807,0.03958009766495746,0.004753169420030382,0.02757554848988851,0.03642908016840617,0.016190449396769207,0.044373397827148435,0.013309266567230225,,,1.0000000000000002e-06,7.170619010925293,,,,
154,0.09045182168483734,0.013278832092233326,0.07717299007851144,0.030274201751403187,0.0009379757861809238,0.000758706020069835,0.019469676863240158,0.06015739330778951,0.036488825293338814,0.17228248197099436,0.03976326241441395,0.004898915947808159,0.027468531926472983,0.03586672306060791,0.016308010419209797,0.044402151107788085,0.013297243118286133,0.9358165860176086,0.0,1.0000000000000002e-06,7.3079447746276855,0.9358165860176086,0.06725380569696426,0.08382430672645569,0.09376223385334015
155,0.09039400517940521,0.01321629932879106,0.07717770661996759,0.030194455514783444,0.0009396650281775256,0.0007599731299864209,0.019407602998873463,0.06010761776048204,0.03633340091808983,0.17271050810813904,0.03955930098891258,0.004910942360206887,0.027554331024487812,0.036385904947916665,0.01625838319460551,0.044419900576273603,0.013153135379155478,,,1.0000000000000002e-06,7.245891809463501,,,,
156,0.08963708417571109,0.013098281808197498,0.07653880216505217,0.03007982582177805,0.0009291795102636452,0.0007521475300840709,0.019322388036095577,0.060006579789130585,0.03617759048938751,0.17048169283763223,0.03948934133286062,0.006734076040762442,0.02787106116612752,0.038135499954223634,0.016108214855194092,0.044001362323760985,0.01323916753133138,0.9366592168807983,0.0,1.0000000000000002e-06,7.278850078582764,0.9366592168807983,0.06278549879789352,0.08563407510519028,0.09685929119586945
157,0.09003907215336095,0.013207591138780117,0.0768314813790114,0.030167147679173428,0.0009332866402869315,0.0007555781580183817,0.019416685418590256,0.06004501717246097,0.036276134540853294,0.1713652157265207,0.0396395536220592,0.005642545798972801,0.028208836714426675,0.03868042151133219,0.016473249594370524,0.044385507106781005,0.013296168645222982,,,1.0000000000000002e-06,7.214041471481323,,,,
158,0.09047986631808073,0.01337191187169241,0.07710795460835747,0.03024737002409023,0.000937211668908434,0.0007582152257268519,0.019499031543407753,0.06015465781092644,0.03644837479552497,0.17204625774984775,0.03978252653842387,0.004671688277633102,0.02742601970831553,0.03585813045501709,0.016292647918065388,0.04435006936391195,0.0132032310962677,0.9379537105560303,0.0,1.0000000000000002e-06,7.232771396636963,0.9379537105560303,0.06451545655727386,0.08627503365278244,0.09329785406589508
159,0.08954972644215045,0.01299843151608239,0.07655129484508348,0.030046717790157898,0.0009300915585101947,0.0007531272687787271,0.019305939340721005,0.059801820017721344,0.03624383878448735,0.17072299770686938,0.03943652513882388,0.005191874299225983,0.027616286277770997,0.036745128631591795,0.016307207743326824,0.04418359438578288,0.013229214350382486,,,1.0000000000000002e-06,7.200557708740234,,,,
160,0.09008371797592743,0.013187436913342579,0.07689627972633942,0.030248675252432407,0.000932952098082751,0.0007550437711989102,0.01945475618476453,0.06014785008585971,0.036445898368306785,0.17134536932344022,0.039646003395318985,0.006362933801721643,0.027777389486630756,0.0375890843073527,0.01618812878926595,0.04416169802347819,0.013170646826426187,0.9366361498832703,0.0,1.0000000000000002e-06,7.229433059692383,0.9366361498832703,0.06268517673015594,0.08602716028690338,0.0964776948094368
161,0.0898509602183881,0.01315621642962746,0.07669474443663722,0.030098807795540146,0.0009319187349477863,0.0007543848402312268,0.01936615226061448,0.059933811750101006,0.0362930322146934,0.17103542063547217,0.039516713956128,0.0043178691722728585,0.027437998950481417,0.036081883112589516,0.0162753160794576,0.04419978777567546,0.013195008834203084,,,1.0000000000000002e-06,7.198735237121582,,,,
162,0.08983597256567168,0.013023155093516993,0.07681281735067783,0.03018071057031984,0.0009326421625345298,0.0007552385213784873,0.01938154467422029,0.06005355667160905,0.03634874781836634,0.171129017420437,0.0397199528372806,0.005153219943576389,0.027539372642834983,0.03646281401316325,0.01618992328643799,0.04421171585718791,0.013293037414550781,0.9372527599334717,0.0,1.0000000000000002e-06,7.210479974746704,0.9372527599334717,0.06516043841838837,0.08622367680072784,0.09111852943897247
163,0.08977418166139851,0.013038287627632204,0.07673589431721231,0.030089234042426815,0.0009329331957775613,0.0007553260302697511,0.019326682971871418,0.05983963398181874,0.036390190539152725,0.1712229873823083,0.039490763421939766,0.004822427594220197,0.027475529412428538,0.03593029419581095,0.01648748993873596,0.0442493478457133,0.01323498566945394,,,1.0000000000000002e-06,7.203361511230469,,,,
164,0.0896863069223321,0.012953582462733206,0.07673272458107575,0.030095466048173283,0.0009327451647866679,0.0007549860646300342,0.01933856940139895,0.0599067520512187,0.03629332116764525,0.17117598588052002,0.03955483971082646,0.004626921703197338,0.027319771548112236,0.035413961410522464,0.016404661337534588,0.04426032543182373,0.013200138012568157,0.9368979930877686,0.0,1.0000000000000002e-06,7.26841926574707,0.9368979930877686,0.06642536073923111,0.0880456194281578,0.0976252555847168
165,0.09002243986596233,0.01330836651765782,0.07671407318633536,0.03015243213461793,0.0009312328133408142,0.0007535601692760121,0.01939107445271119,0.060195210349300636,0.03623669027634289,0.17086346706618433,0.03956092246200727,0.005223794442635995,0.027903438011805216,0.037580369313557946,0.016360304355621337,0.04444997151692708,0.013223106861114503,,,1.0000000000000002e-06,7.20537543296814,,,,
166,0.09029362609852916,0.013435163373208565,0.07685846284679744,0.03018335900876833,0.0009335020643092045,0.0007555926618490206,0.01944602953027124,0.06018212048903755,0.03641234208708224,0.171185244684634,0.03965414250674455,0.00515338134765625,0.02754280924797058,0.0360184637705485,0.016501871744791667,0.04432457685470581,0.013326324621836345,0.9372281432151794,0.0,1.0000000000000002e-06,7.2076311111450195,0.9372281432151794,0.06605715304613113,0.08621719479560852,0.09401249140501022
167,0.09016781462275464,0.013276208192110062,0.07689160594473714,0.03015160601100196,0.0009347999888553244,0.0007570173879882888,0.019424150414440945,0.06018013766278391,0.03641879987781462,0.17144615753837253,0.03952132618945578,0.006840335422092014,0.02780011842648188,0.03788195689519246,0.016127039591471354,0.04403793970743815,0.013153537511825561,,,1.0000000000000002e-06,7.275242805480957,,,,
168,0.0901612247461858,0.013245078775545826,0.07691614621359369,0.030135501338087994,0.0009356128968014989,0.0007564691705224307,0.019388555022685425,0.05997233659676884,0.03622878602017527,0.17192730890667957,0.039536152196967086,0.004408425112123843,0.02739284416039785,0.035882153511047364,0.016225383281707764,0.044261221090952554,0.013202618757883708,0.9365516304969788,0.0,1.0000000000000002e-06,7.2409117221832275,0.9365516304969788,0.06568405032157898,0.08985450118780136,0.09709464758634567
169,0.09022260716427928,0.013293352342494156,0.07692925534818483,0.0301955063705859,0.000934674981576593,0.000755916739328076,0.019445156111665394,0.06023975072995476,0.036232826745380524,0.17157115106997284,0.03967329260447751,0.005240112643771702,0.027590617140134173,0.03660857995351156,0.016281877358754474,0.044252877235412595,0.013219134012858073,,,1.0000000000000002e-06,7.173357248306274,,,,
170,0.09003191603266675,0.013349381073013596,0.07668253487866858,0.03009991517857365,0.0009316523944068214,0.0007540433409461832,0.019366232678294182,0.06009188359198363,0.03627587741483813,0.1709705131209415,0.039391865629864777,0.005951432291666667,0.028193598886330922,0.039054601192474364,0.01627015193303426,0.04419429143269857,0.013255350987116495,0.936698317527771,0.0,1.0000000000000002e-06,7.2067954540252686,0.936698317527771,0.06508470326662064,0.08957764506340027,0.09703708440065384
171,0.0898467344434365,0.01303630735239257,0.07681042733399765,0.03015988498278286,0.0009330108498587557,0.0007554955284475633,0.01942539522829263,0.06003279028379399,0.03636635920923689,0.17124688042246777,0.03959567828670792,0.004424529916268808,0.027414476573467253,0.03593080202738444,0.01627145489056905,0.04427942593892415,0.013176223436991374,,,1.0000000000000002e-06,7.240156888961792,,,,
172,0.08996680119763249,0.013054923761797987,0.07691187735484994,0.030130815813722817,0.0009356212458046882,0.000757359742672871,0.019364342741344288,0.05998290038627127,0.03621712699532509,0.17183072346708048,0.039616760028445205,0.0048944429750795715,0.027602241237958274,0.03668520450592041,0.01623571236928304,0.04426112810770671,0.013226919968922933,0.9382625818252563,0.0,1.0000000000000002e-06,7.290228366851807,0.9382625818252563,0.06590455770492554,0.08857344090938568,0.0919673964381218
173,0.08992077280645785,0.013182184254021748,0.07673858883588211,0.030120309523266296,0.0009323655799760119,0.0007546179239516673,0.01933739577298579,0.059919774532318115,0.036296675872543586,0.17113872973815256,0.039599174552637596,0.0047545066550925925,0.027697822352250417,0.037147603034973144,0.016183164517084757,0.044307405153910316,0.013153116703033447,,,1.0000000000000002e-06,7.165282487869263,,,,
174,0.09023345423781354,0.013319833771042202,0.07691362046677133,0.030239035496893135,0.0009334917109378654,0.0007555796309252796,0.019489023996436077,0.06029756124252859,0.03641170716804007,0.1713011374940043,0.039644075800543244,0.004229198540581597,0.027402903338273367,0.035633437633514405,0.016423308451970417,0.04428009351094564,0.013274773756663005,0.9377890229225159,0.0,1.0000000000000002e-06,7.21273398399353,0.9377890229225159,0.06679193675518036,0.08614028245210648,0.09567968547344208
175,0.090557801010816,0.013408596465445084,0.07714920458586319,0.030242803223107174,0.000938128009337284,0.000759422571560287,0.019509953730132267,0.06017057662424834,0.03637230606830638,0.1723522064478501,0.039701726449572525,0.0054547193739149305,0.027448692818482716,0.03599943161010742,0.016238664786020915,0.04430213292439779,0.013254541953404744,,,1.0000000000000002e-06,7.207621335983276,,,,
176,0.08954605913680533,0.01306371338179578,0.07648234555254811,0.02999581040247627,0.0009297307089740491,0.0007526387749037341,0.019248466371842052,0.059736369096714516,0.036188330015410546,0.1706048995256424,0.03939978519211645,0.005127475540726273,0.027461279531319934,0.03602174202601115,0.016395973364512127,0.044203200340271,0.013224202394485473,0.9372376799583435,0.0,1.0000000000000002e-06,7.27410101890564,0.9372376799583435,0.064653679728508,0.086139976978302,0.09841938316822052
177,0.08982285079748734,0.013206062716958315,0.07661678868791331,0.03014752220200456,0.0009293853426757066,0.0007525010682318522,0.019424189368019932,0.060267687167810356,0.03618902526795864,0.17040231370407602,0.03960813096036082,0.004422324173538773,0.0279261702299118,0.03812070528666178,0.016226441462834675,0.0442059866587321,0.01315154751141866,,,1.0000000000000002e-06,7.227348566055298,,,,
178,0.09038016070490298,0.013500606236250504,0.07687955511652905,0.030207968357464542,0.0009334317519855888,0.0007552985031076747,0.019458641095653824,0.06040661603860233,0.03629833087325096,0.17121175903341043,0.039601513711006744,0.005606134937427662,0.02792028248310089,0.03822097380956014,0.01613527218500773,0.04414742469787598,0.013177459239959716,0.9380064010620117,0.0,1.0000000000000002e-06,7.248900890350342,0.9380064010620117,0.06388392299413681,0.08508844673633575,0.09403574466705322
179,0.08971024434203687,0.013156340902914171,0.07655390352010727,0.030079270267616146,0.000929492659887056,0.0007522509144821569,0.019330960657933483,0.059947903875423515,0.03624865663764269,0.17052069824674856,0.03949835766916689,0.0048573324697989,0.02773842374483744,0.03694581667582194,0.01645248492558797,0.04428830623626709,0.01326708714167277,,,1.0000000000000002e-06,7.200133562088013,,,,
180,0.09021755081156026,0.013237731814708399,0.076979818875375,0.03020686008360075,0.0009354591627767229,0.0007572577527278792,0.019442573189735413,0.06012774453214977,0.03633719010521536,0.17173278979633166,0.03972155309241751,0.004650588537145544,0.028092998564243313,0.038635814984639485,0.01626421610514323,0.04423938274383545,0.013232580423355102,0.9379303455352783,0.0,1.0000000000000002e-06,7.284866094589233,0.9379303455352783,0.06509395688772202,0.08559316396713257,0.09270969778299332
181,0.08990209970785223,0.013207029227329336,0.07669507031855376,0.030162432271501293,0.0009306527335075257,0.0007535787704198257,0.019459852786815685,0.06007948420617892,0.03637163098091665,0.17081494175869485,0.039514224004486335,0.005407936604817708,0.027571811974048618,0.03635086297988892,0.016421868403752645,0.04424420436223348,0.013270312150319418,,,1.0000000000000002e-06,7.226111650466919,,,,
182,0.08982602474482163,0.01323947553401408,0.07658654904883841,0.030085282886157864,0.0009300253359074502,0.0007529213401974868,0.019360694386388943,0.060042264182930405,0.03615674230715503,0.170583989309228,0.03956320169179336,0.004583125361689815,0.027702154616514842,0.03718105475107829,0.016281558275222777,0.0441570774714152,0.0131889279683431,0.9366561770439148,0.0,1.0000000000000002e-06,7.2670252323150635,0.9366561770439148,0.06483656913042068,0.08829605579376221,0.0941493958234787
183,0.0900551754495372,0.013148922756638216,0.07690625249043755,0.030198741461271824,0.0009341502420442259,0.0007559589955591313,0.0194234066521344,0.060079997000486954,0.036422224634367485,0.17158461264942004,0.03953817843095116,0.005815767867476852,0.027713741461435955,0.036612921555836994,0.0164958922068278,0.04446249008178711,0.013283662001291911,,,1.0000000000000002e-06,7.218646764755249,,,,
184,0.090342302037322,0.013330409100846104,0.07701189297696819,0.030243325978517532,0.0009353713299471723,0.0007569343965176655,0.019518296031848244,0.06025734203665153,0.03634273819625378,0.17178160664827927,0.039665883811919586,0.0045106387668185765,0.02738858461380005,0.03573150157928467,0.016223688920338947,0.044387618700663246,0.01321152925491333,0.9368681907653809,0.0,1.0000000000000002e-06,7.268906593322754,0.9368681907653809,0.06460215896368027,0.08724553138017654,0.09453798085451126
185,0.08989078778287639,0.013157869243751402,0.07673291797223299,0.0301446713021268,0.000931764950307653,0.0007539340067128448,0.01939000756196354,0.06016312895909599,0.036301148974377175,0.17075903713703156,0.03970835811418036,0.0049562694408275465,0.027604261636734007,0.03690180460611979,0.01621177832285563,0.0441425625483195,0.013160901069641113,,,1.0000000000000002e-06,7.185022830963135,,,,
186,0.09035576977159666,0.013322147054840689,0.07703362227134082,0.030210587884420933,0.000936460645828882,0.0007583152163652298,0.019443637610453625,0.06010330160674841,0.036441176562853485,0.1719339360361514,0.03965606637622999,0.004800198703342014,0.0273684287071228,0.03545607248942057,0.016445005734761556,0.044313999811808266,0.013258636792500814,0.936866044998169,0.0,1.0000000000000002e-06,7.253342151641846,0.936866044998169,0.06718815118074417,0.08895424008369446,0.09825830161571503
187,0.08984465054843736,0.013037117279094198,0.07680753359328145,0.030118441209197044,0.0009337818660044476,0.0007560159251822726,0.019365696317475777,0.059919265625269516,0.03627702472326548,0.17138453475807025,0.0396493106432583,0.004273677797670718,0.027555938065052032,0.03653440952301026,0.01625070611635844,0.0442862598101298,0.013152376810709635,,,1.0000000000000002e-06,7.174302339553833,,,,
188,0.09083159008751744,0.013598425435307234,0.07723316453073335,0.03028814794252748,0.0009389003237668911,0.0007590162466563609,0.019516634309421414,0.06044439048222874,0.03640502375429091,0.17238958503889001,0.03969366006229235,0.005182665563512732,0.02750725050767263,0.03603724320729573,0.01627538204193115,0.04438204606374105,0.013334330717722574,0.9379230737686157,0.0,1.0000000000000002e-06,7.188058137893677,0.9379230737686157,0.06449919939041138,0.08328767120838165,0.0920095294713974
189,0.08999282121658325,0.013094594337694023,0.07689822724331981,0.030178432231364044,0.0009343959011501917,0.0007561313003585067,0.019405864098149796,0.06007930636405945,0.036406969246657,0.17142984141474185,0.039676792757666626,0.006254458505135996,0.027988886137803395,0.03748238484064738,0.016421776612599692,0.04465485254923503,0.013396530548731486,,,1.0000000000000002e-06,7.20047926902771,,,,
190,0.09073906845372656,0.013511157068221466,0.07722791170944339,0.030328927723609882,0.0009379796810326693,0.0007593995845957619,0.019548309157076088,0.060286527742510254,0.03651021850173888,0.17232712325842484,0.039787777901991554,0.006436716037326389,0.02762072205543518,0.036469980875651044,0.016303927103678385,0.0443019692103068,0.013407011032104493,0.936475396156311,0.0,1.0000000000000002e-06,7.185263395309448,0.936475396156311,0.06264404207468033,0.08792757242918015,0.09278471022844315
191,0.09011442959308624,0.013206710876977962,0.0769077186351237,0.030232248746830483,0.0009335094010052474,0.0007554060987034893,0.019410271116572876,0.06032899799554244,0.03628370918981407,0.17135724522497342,0.039660926098408905,0.004426629638671875,0.027470372219880423,0.03639921585718791,0.016183350086212158,0.04417330026626587,0.013125622669855754,,,1.0000000000000002e-06,7.2197253704071045,,,,
192,0.09008941183919492,0.013244863680523375,0.07684454872556355,0.03013813997740331,0.0009341281914638113,0.0007562086760552357,0.019358924387589745,0.060034769222788185,0.036295163242713264,0.1714405605326528,0.03960770498151365,0.010059013084129051,0.028594983518123625,0.04100756406784058,0.016187974214553834,0.0440311066309611,0.013153289159138997,0.9355723261833191,0.0,1.0000000000000002e-06,7.249266862869263,0.9355723261833191,0.06486022472381592,0.08923113346099854,0.09712955355644226
193,0.08972928316696831,0.013294783704306768,0.07643449970561525,0.030076546675485115,0.0009271590565533742,0.0007506846424961543,0.01937790668529013,0.060123886103215424,0.03619528407959834,0.16991689412490182,0.039501936215421425,0.0071395862720630785,0.028957975705464684,0.042188345591227215,0.01619340181350708,0.04414662837982178,0.013303527037302653,,,1.0000000000000002e-06,7.223942518234253,,,,
194,0.09001993063999258,0.013265918332921423,0.0767540125095326,0.030124193381356155,0.0009325963986592125,0.0007548923882574815,0.019409005732639976,0.06006916855340418,0.03631884475117144,0.1710977061935093,0.03953033134989117,0.004749222592954282,0.027344752152760825,0.03591069300969442,0.01622651139895121,0.044122582276662194,0.013119221925735473,0.9360344409942627,0.0,1.0000000000000002e-06,7.3053765296936035,0.9360344409942627,0.06484922021627426,0.08476094901561737,0.0961833968758583
195,0.08994549156531044,0.013223673419460007,0.07672181757895843,0.030096492122696793,0.0009325065260307621,0.0007546879351139069,0.019357752459852592,0.059948889133722885,0.03624445102784945,0.17110682894354282,0.03958710234450257,0.004352191727249711,0.02738616834084193,0.03569934209187826,0.016416529417037962,0.04420528252919515,0.013223519325256347,,,1.0000000000000002e-06,7.254943609237671,,,,
196,0.0901871845126152,0.013220621920798136,0.07696656234886336,0.030175796345524166,0.0009358152797769593,0.0007575023716882519,0.019402017816901207,0.060058796535367553,0.03632492507281511,0.1717432070037593,0.03973931560049886,0.004266908207646122,0.02729350070158641,0.03542843580245972,0.016245558261871337,0.04420317570368449,0.013296833038330078,0.9374839663505554,0.0,1.0000000000000002e-06,7.234117031097412,0.9374839663505554,0.06381264328956604,0.08355105668306351,0.09336183965206146
197,0.09014933815468913,0.013234882251076076,0.07691445590361305,0.0301223817564871,0.0009358414681628346,0.0007571115350836645,0.01937623986083528,0.059983278908159424,0.03630628566379133,0.17183577172134235,0.03953248424374539,0.004895271809895833,0.0274187308549881,0.0360100245475769,0.01629763682683309,0.04421783049901327,0.013149431546529134,,,1.0000000000000002e-06,7.205949306488037,,,,
198,0.08984617079081743,0.01311565603574981,0.07673051532195962,0.03006546296503233,0.0009333010631329987,0.0007549891926591163,0.019321666625530823,0.059887627058702965,0.03618090445904628,0.1714102820209835,0.039443247182213745,0.0049987035680700235,0.027287458181381227,0.03557470321655273,0.016300586859385173,0.04413262605667114,0.013141916592915854,0.936257004737854,0.0,1.0000000000000002e-06,7.3107380867004395,0.936257004737854,0.06363052129745483,0.09000793099403381,0.0971619263291359
199,0.09000696306643279,0.013250717164381691,0.07675624638795853,0.030105299599792645,0.0009330189533774619,0.0007556063710185497,0.019379341003039608,0.05995079421478769,0.03628364918024644,0.17128548868324445,0.0395050541214321,0.004705016185619213,0.027549627323945364,0.03623887379964193,0.01637667973836263,0.044378395875295004,0.013204559882481893,,,1.0000000000000002e-06,7.189699411392212,,,,
200,0.09001685678958893,0.013211352912628132,0.07680550379597623,0.030125262701640957,0.000933604813484556,0.0007557995242836034,0.01939515105408171,0.06000138025568879,0.036235003610667976,0.1714468909346539,0.039538743055385094,0.004273286381474247,0.027454879383246103,0.036076883474985756,0.01632029374440511,0.04427133560180664,0.013151004711786906,0.9366504549980164,0.0,1.0000000000000002e-07,7.246753931045532,0.9366504549980164,0.06652864813804626,0.08646219968795776,0.0941016897559166
201,0.08979869212793268,0.013133611934988396,0.0766650801119597,0.030099269569568012,0.0009313162249189032,0.0007539900227287865,0.019351972024077953,0.059995326820922935,0.03621097475938175,0.17093366319718567,0.039520357937916466,0.004513548561378761,0.027437039117018377,0.03622725486755371,0.016209222873051963,0.04410865863164266,0.013203020095825196,,,1.0000000000000002e-07,7.188199758529663,,,,
202,0.08991981006186942,0.013208052021977694,0.07671175799939943,0.030155087456755016,0.0009311334022482777,0.0007541134027237802,0.019402063654168793,0.060016172573618264,0.03629603253110596,0.17089899920898935,0.039635828169791595,0.004452293000397859,0.027311401863892873,0.03536935647328695,0.016417263348897298,0.0442529296875,0.013206057945887247,0.9367915987968445,0.0,1.0000000000000002e-07,7.307785511016846,0.9367915987968445,0.06835871189832687,0.0865413248538971,0.09697864949703217
203,0.08964294616294943,0.013019139716482681,0.07662380648695905,0.030085327346687733,0.0009307695891829612,0.0007535696115709194,0.019329463739110077,0.0598730336388816,0.036272231894342796,0.1708296051491862,0.03952035421262617,0.005759382120768229,0.02793310950199763,0.03764076948165893,0.016505568822224936,0.04429054260253906,0.013295557101567585,,,1.0000000000000002e-07,7.182258367538452,,,,
204,0.08960831489252008,0.013023764421434506,0.07658455099748529,0.030055585438790527,0.0009305793260548102,0.0007535281803701882,0.019294421633948452,0.05988450024438941,0.036239400182081306,0.17075882333776224,0.03945548508478248,0.004456308322482639,0.02753988097111384,0.03640345573425293,0.016298771301905313,0.04430043299992879,0.013156863848368327,0.9369325041770935,0.0,1.0000000000000002e-07,7.254650831222534,0.9369325041770935,0.06701293587684631,0.08577324450016022,0.09239893406629562
205,0.08972488311321838,0.013028666255590708,0.07669621673615082,0.03012792304482149,0.000931365865930591,0.0007543049109897212,0.019388308019741722,0.05988325502561486,0.03638641503841981,0.1708185692196307,0.03969662749896879,0.004927289496527778,0.027601490616798403,0.03632750193277995,0.016423116525014242,0.044289108912150064,0.01336623509724935,,,1.0000000000000002e-07,7.193366289138794,,,,
206,0.08974867605644724,0.01310297166523726,0.07664570439120998,0.030097226571777592,0.0009309695603366455,0.0007532888279377443,0.019345952602832214,0.06009381361629652,0.036248872137588005,0.17072668023731397,0.03951345027788826,0.00488802964952257,0.027939960757891336,0.03795506079991658,0.016288595994313558,0.044285047054290774,0.013231139183044433,0.9372169971466064,0.0,1.0000000000000002e-07,7.225909471511841,0.9372169971466064,0.06579162180423737,0.08393236994743347,0.09060011804103851
207,0.09029476765705191,0.013255678076782951,0.0770390892158384,0.030269627094916676,0.0009353892528451979,0.0007566815576232646,0.019494659145889076,0.0602253084273442,0.036383609246948494,0.17177808219971863,0.039769358932971954,0.0059078321668836805,0.027670101324717204,0.03622023423512777,0.016526464621225992,0.044374900658925374,0.013558805783589681,,,1.0000000000000002e-07,7.191533088684082,,,,
208,0.09007299950589305,0.013164245806958364,0.0769087539418884,0.03023862207065458,0.0009334026051320783,0.0007552276314843608,0.01946572902733865,0.06029924539768178,0.03647181610374347,0.17128572062305783,0.03957823210436365,0.0047989102964048035,0.02786571135123571,0.03753947734832764,0.01637123664220174,0.044305570125579834,0.013246561288833619,0.936995804309845,0.0,1.0000000000000002e-07,7.232097148895264,0.936995804309845,0.06616775691509247,0.08545701205730438,0.09196368604898453
209,0.08994324246178502,0.013134761187045471,0.07680848111277042,0.030176242084606834,0.0009326447869408066,0.0007548227389950467,0.019429429636701294,0.06017163395881653,0.036361819457100784,0.17113476214201553,0.039565708002318505,0.00444625165020978,0.027354912459850313,0.035779352188110354,0.016254321734110514,0.044239938259124756,0.013146037658055623,,,1.0000000000000002e-07,7.193099498748779,,,,
210,0.0901019103501154,0.013221842236816883,0.07688006855871367,0.030199764620350754,0.0009336060813992568,0.0007552054088117312,0.01943977792625842,0.06015792877777763,0.03631099167725314,0.17138805726300116,0.03966329538303873,0.004610988249602141,0.027450258235136665,0.03628743648529053,0.01622531016667684,0.044114253520965575,0.013174032767613728,0.9378432035446167,0.0,1.0000000000000002e-07,7.289292335510254,0.9378432035446167,0.06404665112495422,0.08606397360563278,0.09322282671928406
211,0.09011560192574626,0.01312778626933046,0.07698781561592351,0.03020701435920985,0.0009356160324228847,0.0007571150326048551,0.019415268512523693,0.06011704566038173,0.03642860395104989,0.17177195134370224,0.03963366393809733,0.004189930668583623,0.027500836650530498,0.036080482800801596,0.016296087900797528,0.044336891174316405,0.013289884726206461,,,1.0000000000000002e-07,7.293186187744141,,,,
212,0.08999436672614969,0.013151828847501589,0.07684253804061723,0.030156044451438862,0.0009337298966863233,0.0007553878974209985,0.019398413436568302,0.06015880179146062,0.036295008562181305,0.17131532534309055,0.03960101873330448,0.004309436487268519,0.027436287303765617,0.03588940302530925,0.016346471707026165,0.04424858172734578,0.013260692755381265,0.9374483823776245,0.0,1.0000000000000002e-07,7.302313566207886,0.9374483823776245,0.06504864990711212,0.08524656295776367,0.094059519469738
213,0.09041573042454927,0.013314908248898775,0.07710082181121992,0.030245357719452484,0.0009371093069405659,0.0007581215291081563,0.019436670912672645,0.06012112874051799,0.03627471042715985,0.17219108407912048,0.039816363998081375,0.005666062192563657,0.027698559959729516,0.037177902857462565,0.016149335702260334,0.04427327791849772,0.013193723360697428,,,1.0000000000000002e-07,7.141484975814819,,,,
214,0.09009878985259843,0.013180868092762388,0.07691792171934377,0.030143290191240932,0.0009354926094048373,0.0007566928752171605,0.019392358301126438,0.06003470378725425,0.036313600352276924,0.17175735533237457,0.03956602643365446,0.004688646217628762,0.02736524025599162,0.03583534558614095,0.016279113292694092,0.044182706673940024,0.013163795471191406,0.9367536306381226,0.0,1.0000000000000002e-07,7.191389799118042,0.9367536306381226,0.06469198316335678,0.08760295063257217,0.09680506587028503
215,0.08969507981901584,0.013057973114368708,0.0766371070690777,0.030056279476570046,0.0009316165182415558,0.0007537344126435726,0.019314907005299694,0.05978288388122683,0.03623094231538151,0.17103067493957022,0.03950392130924308,0.005151711018880208,0.027387146651744843,0.03575906912485759,0.01630667527516683,0.0442878786722819,0.013194963534673055,,,1.0000000000000002e-07,7.18048620223999,,,,
216,0.08996220613303392,0.013158313282158064,0.07680389317481415,0.030183583821939385,0.0009324061836156508,0.0007549208214344537,0.01941935855733312,0.06011598168507866,0.03647383172874865,0.17100587811159051,0.03961988327943761,0.004387329327618634,0.027446928719679516,0.03599934736887614,0.016321314970652263,0.044236841996510824,0.013230210542678833,0.937603235244751,0.0,1.0000000000000002e-07,7.26784873008728,0.937603235244751,0.06490599364042282,0.08524728566408157,0.0907064750790596
217,0.08994980577541434,0.013217243203974289,0.07673256325980891,0.030175100850022358,0.0009311492347320461,0.0007537449077379121,0.019430823624134064,0.06026420207775157,0.036311735439559685,0.17073243338128793,0.039621878415346146,0.004882851833767361,0.027813944816589355,0.037173693180084226,0.01641158898671468,0.04427972316741943,0.01339077393213908,,,1.0000000000000002e-07,7.170771837234497,,,,
218,0.08974252770776334,0.01305977716718031,0.07668275029762932,0.030131565244949383,0.0009310237187689737,0.0007535121656711335,0.019362072257891945,0.06005116406342258,0.03624452456184055,0.17091085858966992,0.039524452841800194,0.004221317997685185,0.027564124365647633,0.03666824499766032,0.01629290421803792,0.04411440054575602,0.01318094770113627,0.9374898076057434,0.0,1.0000000000000002e-07,7.367685317993164,0.9374898076057434,0.0655336081981659,0.08536713570356369,0.09181183576583862
219,0.08953643331061238,0.012979042675832043,0.0765573913636415,0.03005454867430355,0.0009300568490289152,0.0007529280593861704,0.019309743267038593,0.05977950617671013,0.03613479832268279,0.17086151954920395,0.0394537427827068,0.0043427613434968175,0.027497738997141523,0.036304044723510745,0.016285061836242676,0.04422669410705567,0.013175155321756999,,,1.0000000000000002e-07,7.181967258453369,,,,
220,0.09021651161753613,0.013189315350483293,0.07702719679345256,0.030221110209822655,0.0009361217481732044,0.0007579920550241419,0.019453820084100185,0.05999902068920757,0.03647813411510509,0.1718669708656228,0.03976466668688733,0.0053735068992332175,0.027738256454467775,0.037345303694407146,0.016162951787312824,0.04426075537999471,0.013184014956156414,0.936974823474884,0.0,1.0000000000000002e-07,7.238096237182617,0.936974823474884,0.06477712839841843,0.08296433836221695,0.0922514796257019
221,0.08985439882330272,0.013096303314618443,0.076758095751638,0.030112142796101776,0.000932919058908263,0.0007549645733493178,0.019346833148080368,0.0600219083868939,0.03633209836223851,0.17114059108754862,0.03953778759940811,0.00434875725640191,0.027201270163059236,0.034985043207804364,0.016345073382059733,0.04425032615661621,0.013224637905756632,,,1.0000000000000002e-07,7.34494161605835,,,,
222,0.08965986578360848,0.013263996569034845,0.07639586925506592,0.03002008018286332,0.0009275157758763627,0.0007507558481808265,0.019327695926894314,0.05999268073102702,0.03607708426273387,0.17003045133922412,0.03948325939152552,0.00485434253833912,0.02768183837334315,0.03723392963409424,0.01622332294782003,0.04412092447280884,0.013149176438649495,0.9376933574676514,0.0,1.0000000000000002e-07,7.254035711288452,0.9376933574676514,0.06505365669727325,0.0848512351512909,0.09317418187856674
223,0.09003485220929851,0.013150595776412798,0.07688425675682399,0.030180771227764046,0.0009340697332568791,0.0007561243230315006,0.019426030309303947,0.060145352359699165,0.03630923755143,0.17140573781469595,0.03967670270282289,0.004260671431929977,0.02748207032680511,0.036212147871653236,0.016329808235168455,0.04418822367986043,0.01319810152053833,,,1.0000000000000002e-07,7.248317718505859,,,,
224,0.08976612142894579,0.013064481439473837,0.07670164011094881,0.030134140311375908,0.0009313500106699117,0.0007538048717517244,0.019359539789350136,0.05997609492877255,0.03633406312893266,0.17098281111406244,0.039513591676950455,0.004339022375036169,0.027536706129709883,0.0365877103805542,0.016194367408752443,0.04419136126836141,0.013173385461171468,0.9366517066955566,0.0,1.0000000000000002e-07,7.196020126342773,0.9366517066955566,0.06494781374931335,0.08339038491249084,0.09517380595207214
225,0.08975855325875075,0.013018819786932158,0.07673973298591116,0.030246205142010815,0.000929870566798617,0.0007535589241382221,0.01946113363880178,0.06016348188985949,0.03659423489285552,0.17052047667296036,0.03968074026962985,0.005084653049045139,0.02748195876677831,0.0358262300491333,0.01640782912572225,0.04429056088129679,0.013403215010960897,,,1.0000000000000002e-07,7.377196550369263,,,,
226,0.09025403176960738,0.013267142131276752,0.07698688980029977,0.030235139167179233,0.0009350350035516465,0.000756610339284753,0.01947040961164495,0.06020747999782148,0.036330806982258095,0.17171090841293335,0.03969836299834044,0.00425965734411169,0.02724933981895447,0.035309092203776045,0.016282476981480918,0.04415918509165446,0.013246604998906453,0.937215268611908,0.0,1.0000000000000002e-07,7.33556604385376,0.937215268611908,0.06380481272935867,0.08590485155582428,0.09450394660234451
227,0.08949978520040927,0.01295337141693934,0.07654641341903935,0.030063189566135406,0.0009296644889020725,0.000752790041429841,0.01930549424951491,0.05977011212836141,0.036396117637986725,0.17047833683698074,0.0395410880446434,0.00426831958912037,0.02752936879793803,0.03630326906840006,0.016348636150360106,0.04421799103418986,0.013247578938802084,,,1.0000000000000002e-07,7.3490235805511475,,,,
228,0.09037987142801285,0.013290194065674492,0.07708967736233836,0.030297443513637005,0.0009358446366842027,0.000757247741010202,0.01949100026293941,0.06033087084474771,0.03639792229818261,0.1717748726191728,0.03985503639863885,0.004618880547417535,0.027826451162497202,0.03727901617685954,0.016348681847254434,0.04435306151707967,0.013325045108795166,0.9363191723823547,0.0,1.0000000000000002e-07,7.420773029327393,0.9363191723823547,0.06487002223730087,0.08353498578071594,0.09199289232492447
229,0.09020574293706728,0.01329241956219725,0.07691332325339317,0.030250758337585823,0.0009332513057059892,0.0007555397510852503,0.019477385460682537,0.06034505513051282,0.03637248293861099,0.17121607875046524,0.03971967603201452,0.005689489520037616,0.027696693142255147,0.036663404305775964,0.016381808916727702,0.044290870030721026,0.013450689315795898,,,1.0000000000000002e-07,7.366879940032959,,,,
230,0.0899557487472244,0.013221892325774483,0.0767338564214499,0.03015685915623022,0.000931539967575151,0.0007540779491967481,0.019422992901957554,0.060054530268130096,0.03631234330975491,0.17099536825781284,0.03957318854720696,0.004468084942853009,0.027563794453938802,0.036581734816233315,0.016287858486175536,0.044206621646881106,0.013178962866465251,0.9371544122695923,0.0,1.0000000000000002e-07,7.30696177482605,0.9371544122695923,0.06742607802152634,0.08564826101064682,0.09141597896814346
231,0.08989890114120815,0.013140841508689135,0.07675805979448816,0.03013547226462675,0.0009324517526218425,0.0007546233473872037,0.01937545431048974,0.0600678530400214,0.036232003942131996,0.1711481803137323,0.03958419726594635,0.0049094879150390625,0.027754808366298674,0.037425479888916015,0.016168628533681232,0.04427574157714844,0.013149383465449015,,,1.0000000000000002e-07,7.1777729988098145,,,,
232,0.08989465333845305,0.01296191091608742,0.07693274254384248,0.03017038641416508,0.0009352471502295331,0.0007565313540196613,0.019379573023837547,0.06009432981195657,0.036309342426450356,0.17173533465551294,0.039591968059539795,0.005340509598343461,0.027931928237279257,0.03770132859547933,0.016389785607655843,0.04424944321314494,0.013387155532836915,0.9374315142631531,0.0,1.0000000000000002e-07,7.27714991569519,0.9374315142631531,0.06556276232004166,0.08208492398262024,0.08888991177082062
233,0.09034497971120088,0.01324892355857984,0.07709605651705162,0.030314058713291004,0.0009356399633638237,0.0007570138828747946,0.019540935511822285,0.0605527849301048,0.03630020744774653,0.17166688519975412,0.03986435059619987,0.00528975084092882,0.027610051135222118,0.03659442027409871,0.016379270950953165,0.044182022412618004,0.013284490903218588,,,1.0000000000000002e-07,7.204221725463867,,,,
234,0.09038077521583308,0.01338579315368248,0.07699498113082803,0.030179709924951843,0.0009363054540818152,0.0007574174188725326,0.019417555678797806,0.06004058018974636,0.0363590553726839,0.17192788940408957,0.03965240360602089,0.0050345084861472805,0.027606972058614097,0.036395766735076905,0.016341100931167602,0.04449265003204346,0.013198370536168416,0.937065064907074,0.0,1.0000000000000002e-07,7.2714221477508545,0.937065064907074,0.06635066121816635,0.08400902152061462,0.09384545683860779
235,0.09012334145929503,0.013264179027274899,0.07685916320137355,0.03015830675544946,0.0009340171388390919,0.0007561726758823446,0.019400802157495334,0.05995001870652904,0.03637445912412975,0.17165815830230713,0.03945401910206546,0.004855218392831308,0.027437532345453902,0.035960886478424076,0.016406016349792482,0.044181759357452395,0.013201467196146647,,,1.0000000000000002e-07,7.221316814422607,,,,
236,0.090306651333104,0.013481777728251789,0.07682487465765166,0.030144966247936954,0.0009335981676881404,0.0007554863063294603,0.019421061662876087,0.06006217310610025,0.03632017484177714,0.17145083067209824,0.03946632017260012,0.004569477448640047,0.027237383127212522,0.035276182492574054,0.01632110357284546,0.04423532168070475,0.01311692476272583,0.9368166923522949,0.0,1.0000000000000002e-07,7.26024055480957,0.9368166923522949,0.06519602984189987,0.08691524714231491,0.09602828323841095
237,0.0897852739562159,0.012998686415021833,0.07678658741971721,0.030174615833422413,0.0009322394616901875,0.0007551063621497673,0.019410081612675087,0.059965360909700394,0.036586683648435966,0.17093698291674905,0.03965732244693715,0.004507422892252604,0.027426946659882864,0.03598182201385498,0.016279556353886924,0.044118951161702474,0.013327457110087077,,,1.0000000000000002e-07,7.3838210105896,,,,
238,0.09038306740315064,0.013449198728346306,0.07693386871529662,0.030209691952104153,0.0009344835340490807,0.0007557592572360907,0.019471441719519055,0.06017855409046878,0.03636247729477675,0.1715159283384033,0.03967851416572281,0.005443023681640625,0.027697630027929944,0.036413230895996095,0.01657598336537679,0.044383040269215905,0.013418265581130982,0.9364250302314758,0.0,1.0000000000000002e-07,7.384381294250488,0.9364250302314758,0.0669403001666069,0.08643440157175064,0.09224583953619003
239,0.0901323369015818,0.013209858220880446,0.0769224785592245,0.030160151017100914,0.0009352465630913882,0.0007571661262772977,0.019387025386095047,0.06007142073434332,0.036355243752832,0.17165017322353696,0.039613077336031456,0.004516758784541377,0.027406774560610452,0.035722819964090984,0.016353989442189534,0.04422783851623535,0.013322450319925945,,,1.0000000000000002e-07,7.270723104476929,,,,
240,0.09013994135286497,0.013289390050846598,0.07685055130201837,0.030128097809527233,0.0009344490599292128,0.0007563914126797539,0.019377354775433956,0.05999702377163846,0.03624829010147115,0.17166785312735516,0.03948903553511785,0.004369165265118634,0.02808386594057083,0.03832679589589437,0.016315175692240398,0.044454681873321536,0.013238810300827027,0.9373555183410645,0.0,1.0000000000000002e-07,7.228399276733398,0.9373555183410645,0.06419624388217926,0.08676404505968094,0.09206878393888474
241,0.09018726290568062,0.013255887259931667,0.07693137536230295,0.030154178647891335,0.0009355439333771558,0.0007574657059234122,0.0194106957996669,0.06014918066237284,0.03637789562344551,0.17156554045884506,0.03963288713408553,0.004264808485243056,0.027896348933378855,0.0376766840616862,0.01629663666089376,0.044333572387695315,0.013278502623240153,,,1.0000000000000002e-07,7.14314866065979,,,,
242,0.0901610647206721,0.013272230432409307,0.07688883432875508,0.030213740127890007,0.0009335018745016145,0.0007555340872267666,0.01944457998742228,0.06017399044788402,0.03649802173933257,0.1711835407692453,0.03969978298182073,0.004662064050745081,0.028063805103302,0.038606471220652264,0.01618727684020996,0.044273289839426674,0.013188182512919108,0.9359322190284729,0.0,1.0000000000000002e-07,7.291390895843506,0.9359322190284729,0.06256060302257538,0.08474073559045792,0.09426312148571014
243,0.08969480382359546,0.013130222285247368,0.0765645814978558,0.030038053574769394,0.0009305305910580184,0.0007533145987469217,0.01929092824297107,0.059759147465229034,0.03625110455829164,0.1707408492979796,0.039507228557182396,0.004253415369104456,0.027404521703720097,0.03604379018147787,0.01621126174926758,0.044197729428609216,0.013165305455525717,,,1.0000000000000002e-07,7.201036214828491,,,,
244,0.0900102740396624,0.013286210556069145,0.07672406409097754,0.030161333310863247,0.0009312546209675138,0.0007537958394412113,0.019433648770918018,0.06012445753035338,0.0364177586591762,0.17081838457480722,0.03953565851501797,0.004943778370044849,0.0277546234925588,0.037096334298451744,0.016473332246144612,0.04425993283589681,0.013188894589742024,0.9375527501106262,0.0,1.0000000000000002e-07,7.270715236663818,0.9375527501106262,0.06734015792608261,0.08268625289201736,0.09590893983840942
245,0.09012671398079913,0.013400784369720064,0.07672592932763307,0.030136980440305626,0.0009317789530462545,0.0007542078383266926,0.019424541164999424,0.06017289602238199,0.036249674532724464,0.17096552187981812,0.03951561953062597,0.004470789478443287,0.02753090759118398,0.03626696745554606,0.01639127214749654,0.04426603158315023,0.01319935917854309,,,1.0000000000000002e-07,7.296947479248047,,,,
246,0.08989285321339317,0.013212943652077862,0.07667991065460703,0.030074385440220005,0.0009321105064135854,0.0007544407094626323,0.019352441167701847,0.06008085673270018,0.036245151706363846,0.1709765059792477,0.03941712787617808,0.004245617449725116,0.02748872478802999,0.03598673184712728,0.01643433888753255,0.044264409542083744,0.013269418875376384,0.9369990229606628,0.0,1.0000000000000002e-07,7.218806028366089,0.9369990229606628,0.06548365205526352,0.08473124355077744,0.09523267298936844
247,0.09016358819992645,0.01328476311881905,0.07687882528356883,0.030209515567706978,0.0009333861981640043,0.0007556928701334349,0.019449126461277836,0.06012904449649479,0.03639202718825444,0.17137126430221225,0.0396229673338973,0.004582692238136574,0.027446978688240052,0.036107250054677326,0.016293947696685792,0.044179486433664955,0.013207230567932129,,,1.0000000000000002e-07,7.137564420700073,,,,
248,0.08981761951809344,0.013074270692532476,0.07674334878506868,0.03015223971527556,0.0009318221709690988,0.0007544787873959411,0.01938422753111176,0.060179804978163345,0.03625034508497819,0.17096114806506946,0.03958209523040315,0.004508234546802662,0.02759624163309733,0.03688728094100952,0.016184548536936443,0.0441403071085612,0.013172829945882161,0.9371963143348694,0.0,1.0000000000000002e-07,7.273688793182373,0.9371963143348694,0.06382601708173752,0.08237113058567047,0.09180603921413422
249,0.09051621640505998,0.013364071512351866,0.07715214513566183,0.030216313007733097,0.0009387166330428875,0.0007595847887189492,0.0194628626594077,0.06003566734168841,0.036411449232179184,0.17245765224747037,0.03970381398887738,0.004388171160662616,0.027473941445350647,0.035880016485850014,0.016312392950057982,0.04447025299072266,0.013233103354771932,,,1.0000000000000002e-07,7.236842393875122,,,,
250,0.09005420719799788,0.01324464101344347,0.07680956501027812,0.030155533681745113,0.0009330806332518873,0.0007554506250333203,0.019383531630687092,0.06000525941667349,0.03625293108432189,0.171318170817002,0.03966189953296081,0.005350303141276042,0.027761397461096446,0.03732569376627604,0.01634830594062805,0.04423660755157471,0.013134982585906983,0.936233639717102,0.0,1.0000000000000004e-08,7.652529001235962,0.936233639717102,0.06502451747655869,0.08679211139678955,0.09566031396389008
251,0.09037624979796617,0.013388964550002762,0.07698728500500969,0.030225922556027122,0.0009352272432095007,0.0007573245700610721,0.01951002135224964,0.060070638585349785,0.036472367527692215,0.17178336239379385,0.03962277361880178,0.004607917390046296,0.027481933832168577,0.036023732821146646,0.016389477252960204,0.04425403356552124,0.013260491689046224,,,1.0000000000000004e-08,7.614293336868286,,,,
252,0.08951492478018222,0.012987038120627403,0.0765278864166011,0.030024085517810738,0.000930076049964713,0.00075311495659306,0.01929013755010522,0.05983066105324289,0.03629822551232317,0.17058720018552698,0.0393954645032468,0.004676541476779514,0.02802186777194341,0.03864944299062093,0.016208799680074056,0.04409880081812541,0.013130427598953246,0.9366564154624939,0.0,1.0000000000000004e-08,7.651655673980713,0.9366564154624939,0.06490940600633621,0.08751757442951202,0.09345804899930954
253,0.08971746654614159,0.01307911628290363,0.07663835018225339,0.030090366449692974,0.000930959670095826,0.000753578216181663,0.019351253609942352,0.05993929262394491,0.036225022505158966,0.17088026261847952,0.039508822333553566,0.0049992479112413194,0.02768384466568629,0.036822585264841716,0.016432313521703084,0.04426151911417643,0.013218960762023925,,,1.0000000000000004e-08,7.451347351074219,,,,
254,0.09021583005138066,0.013183415340988533,0.0770324144674384,0.030185769838483437,0.0009369328972357123,0.0007581088702072916,0.01942821826947772,0.06015347705587097,0.036364004825768265,0.17202474436034326,0.03958743259958599,0.006161728357385706,0.027763366003831228,0.03733026822408041,0.01617178201675415,0.0443476661046346,0.013203747669855754,0.9361728429794312,0.0,1.0000000000000004e-08,7.476104259490967,0.9361728429794312,0.06274553388357162,0.08619474619626999,0.09544196724891663
255,0.08990174467148988,0.013159738246189512,0.07674200638480809,0.03009773442602676,0.0009328854275340943,0.0007549444334986417,0.019366631608294403,0.06007307994624843,0.036143081991568855,0.17125756390716718,0.03949429937030958,0.004942147262008102,0.02760809103647868,0.03685685555140177,0.016177427768707276,0.044179739952087405,0.013218340873718261,,,1.0000000000000004e-08,7.55975604057312,,,,
256,0.09027065271916597,0.01327494936792747,0.07699570286533107,0.03021094850871874,0.0009356950657725658,0.0007579185716483904,0.019447130353554436,0.06016720199714536,0.03643738211173078,0.17184393302254056,0.039534292629231575,0.0051576954029224535,0.027620807091395062,0.03646007458368937,0.01640049934387207,0.04439005295435588,0.013232601483662924,0.9368031620979309,0.0,1.0000000000000004e-08,7.435908794403076,0.9368031620979309,0.06612201035022736,0.08634787052869797,0.0940612405538559
257,0.089904160603233,0.013071709555452284,0.07683245060236557,0.03013598117167535,0.0009339294097710239,0.0007556441401981789,0.019363787754074387,0.05983471384514933,0.03643117278166439,0.17147738713285196,0.03958652978358061,0.004318614592375578,0.027573338647683462,0.036725165843963625,0.016231331030527752,0.04415002663930257,0.0131868310769399,,,1.0000000000000004e-08,7.159827709197998,,,,
258,0.09015012240928152,0.013177970667248186,0.07697215093218762,0.030233202664100605,0.0009347789784205024,0.0007564900392342521,0.01945348326926646,0.06037730998967005,0.036331245351744736,0.17159954685231912,0.039580504693414856,0.004636812789351852,0.02746726721525192,0.03623465935389201,0.01622673193613688,0.044238438606262205,0.013169238964716593,0.9372472167015076,0.0,1.0000000000000004e-08,7.399207592010498,0.9372472167015076,0.0648857057094574,0.08655214309692383,0.09281568229198456
259,0.09029421599014946,0.013342906437490297,0.07695130939069002,0.03017940396523994,0.0009354380916034722,0.0007567002701208643,0.019418143424326958,0.06029568823135417,0.03628228434725948,0.17172353876673657,0.03950372613642527,0.0061043357566550925,0.027636047999064127,0.0371599547068278,0.016058541933695474,0.0442083199818929,0.013117375373840333,,,1.0000000000000004e-08,7.421741962432861,,,,
260,0.08983061462640762,0.013246578326367813,0.0765840369074241,0.03010559980959996,0.000929568734769102,0.0007527176589381112,0.019378421868643036,0.05989152322644773,0.036282294551315514,0.17051336298818173,0.03964896354338397,0.004372659640842014,0.02760363797346751,0.03685720046361288,0.016207195123036703,0.044133466879526774,0.013216689427693685,0.9369618892669678,0.0,1.0000000000000004e-08,7.252414703369141,0.9369618892669678,0.06447186321020126,0.0864894688129425,0.09017802774906158
261,0.0899471864104271,0.013169377394344496,0.07677780934002089,0.03016869893864445,0.0009321821929441522,0.0007542536123250813,0.019415349740049114,0.060240242306305015,0.03630094837559306,0.171072231038757,0.03949781304792217,0.005077587890625,0.028123597602049515,0.038315259615580244,0.01641904632250468,0.04443166732788086,0.01332841714223226,,,1.0000000000000004e-08,7.142799615859985,,,,
262,0.08962134757767552,0.013123607060507587,0.07649774023372194,0.030081809862800266,0.0009283186164279671,0.0007514248617276874,0.019328010389986244,0.06000041589140892,0.03619718826983286,0.17024474688198254,0.039548610377570854,0.004351517288773148,0.027800792356332146,0.03748968760172526,0.016325788497924806,0.04419682264328003,0.013190870682398478,0.9369439482688904,0.0,1.0000000000000004e-08,7.180927515029907,0.9369439482688904,0.06763394176959991,0.083812415599823,0.09219855070114136
263,0.09050021352975265,0.013321447591094868,0.0771787658981655,0.030272488684757896,0.0009381255367770791,0.0007594599813708793,0.019539887652448986,0.060156074069116425,0.03645925563962563,0.17241617778073187,0.03968355480743491,0.005510394965277778,0.02766240398089091,0.03636205196380615,0.01644433895746867,0.04453169027964274,0.013311534722646078,,,1.0000000000000004e-08,7.12416934967041,,,,
264,0.08995869107868361,0.01304395958457304,0.07691473189903342,0.030232859451485718,0.0009336374426746498,0.0007558532955084482,0.019415650597733,0.06015089769726214,0.036412270253767136,0.1714200785626536,0.039675679705713104,0.004334712840892651,0.027409331997235616,0.03569377819697062,0.01636318365732829,0.04431918621063233,0.01326117992401123,0.9371071457862854,0.0,1.0000000000000004e-08,7.176159858703613,0.9371071457862854,0.06584881991147995,0.08868619054555893,0.09374233335256577
265,0.0899610927571421,0.013170202951068464,0.07679088996804279,0.03014242219860139,0.0009329693882888102,0.0007552523596171776,0.019397026332824127,0.06002891420022301,0.0363807561604873,0.17117570340633392,0.03957818869663322,0.0049953939932364,0.027504193882147473,0.03595235347747803,0.01642538865407308,0.04435978412628174,0.01327924927075704,,,1.0000000000000004e-08,7.126772165298462,,,,
266,0.08984909822111545,0.013311759973673717,0.07653733731611916,0.03008908705542917,0.0009289649897255003,0.0007522777583369094,0.01936832969279393,0.06000185126195783,0.036211185805175614,0.17048097822977148,0.039455332023941955,0.006302663167317708,0.02836264729499817,0.03939498345057169,0.01640168110529582,0.044408442179361976,0.013245482444763184,0.9365651607513428,0.0,1.0000000000000004e-08,7.2097272872924805,0.9365651607513428,0.06822308152914047,0.08202935010194778,0.09296650439500809
267,0.08975014187719511,0.013143475410407003,0.07660666626432668,0.030106553159978077,0.0009300022704891213,0.0007526415410330114,0.019346374208512512,0.05998202056988426,0.03633958093174126,0.17063189330308334,0.03947317389690358,0.004325730613425926,0.02762277841567993,0.03694075028101603,0.016196395953496298,0.044156598250071205,0.01319736917813619,,,1.0000000000000004e-08,7.137175559997559,,,,
268,0.08965078352586082,0.013046816963216534,0.07660396591476772,0.030095488885822502,0.0009301695289373722,0.0007531165737537262,0.01934060446270134,0.059889978364757866,0.036342718759956566,0.1706849122824876,0.039498250445593956,0.004388915789568865,0.027373504638671876,0.03583165327707927,0.016339730421702066,0.04410878817240397,0.013213846683502197,0.9372725486755371,0.0,1.0000000000000004e-08,7.27677321434021,0.9372725486755371,0.06592138111591339,0.08657459914684296,0.09658023715019226
269,0.08967273228842279,0.013033884577453136,0.0766388472655545,0.030094058698286182,0.0009308957884533573,0.0007538240929336652,0.019334055807279503,0.05987074890214464,0.03631646963565246,0.17074053248633508,0.03962764111549958,0.0051087011266637734,0.02772312800089518,0.03733888943990071,0.01621301571528117,0.0441246763865153,0.013215930461883544,,,1.0000000000000004e-08,7.182012319564819,,,,
270,0.09038780662028686,0.013378586215169533,0.0770092201621636,0.030298929499543232,0.0009342058227680948,0.000756334966433275,0.019516413221540657,0.060302858929271286,0.036427062490712044,0.17138765687527863,0.039919303325207336,0.00687740241156684,0.027868278920650486,0.03807192881902059,0.01614242116610209,0.04410838603973389,0.013150379657745362,0.9367345571517944,0.0,1.0000000000000004e-08,7.351869583129883,0.9367345571517944,0.06477126479148865,0.08177906274795532,0.0944134071469307
271,0.09001438870378163,0.013235155533513298,0.07677923272485318,0.03015068958958854,0.0009325708657422143,0.0007548812199788897,0.01938612880590169,0.060122082576803536,0.036358960134827575,0.1710598676101021,0.03957601944389551,0.0067692482277199074,0.027910100122292832,0.03806538581848144,0.016086224714914957,0.04415303548177083,0.01333575447400411,,,1.0000000000000004e-08,7.1874260902404785,,,,
