epoch,train_total,train_recon,train_mixing,train_zero_recon,train_z_l2,val_recon,val_separation,sep_base,n_dup,tops,clean_max_corr,max_pair_corr,min_energy_ratio,n_dead,lr,sec,corr_e0_x_clean,corr_e1_x_clean,corr_e2_x_clean,corr_e3_x_clean,corr_e4_x_clean,corr_e5_x_clean,corr_e6_x_clean,corr_e7_x_clean,corr_e0_bw,corr_e1_bw,corr_e2_bw,corr_e3_bw,corr_e4_bw,corr_e5_bw,corr_e6_bw,corr_e7_bw,corr_e0_ma,corr_e1_ma,corr_e2_ma,corr_e3_ma,corr_e4_ma,corr_e5_ma,corr_e6_ma,corr_e7_ma,corr_e0_em,corr_e1_em,corr_e2_em,corr_e3_em,corr_e4_em,corr_e5_em,corr_e6_em,corr_e7_em
1,0.378074498280235,0.3394962121611056,3.5675132585608442,0.09300100430846214,1.9731387366419253,0.15566444227430556,0.0038339614868164174,0.3038339614868164,2,5222,0.10891367495059967,0.6615831851959229,0.04546213522553444,0,0.001,4.797532081604004,0.08866564929485321,0.08972670137882233,0.10500921308994293,0.09979379922151566,0.07518605887889862,0.10891367495059967,0.08735073357820511,0.09214083850383759,0.4279841482639313,0.319186806678772,0.4930371642112732,0.3843730688095093,0.2603747844696045,0.43445566296577454,0.33223116397857666,0.37498870491981506,0.321662575006485,0.2664795517921448,0.38171982765197754,0.34010618925094604,0.23371097445487976,0.37947332859039307,0.2884371280670166,0.30604520440101624,0.21063639223575592,0.16757141053676605,0.23166516423225403,0.20234254002571106,0.1504126489162445,0.22865869104862213,0.19173015654087067,0.2001427710056305
2,0.2471260551525199,0.20917636544808096,3.515173455943232,0.051927359734216465,2.2786848648734717,0.13822724971064815,-0.12545941472053523,0.3245405852794647,3,2222,0.11804421246051788,0.6039261221885681,0.05243152379989624,0,0.001,4.39104962348938,0.09301469475030899,0.08608853816986084,0.11804421246051788,0.10743541270494461,0.09858166426420212,0.1075998917222023,0.07990705221891403,0.09603701531887054,0.4476659595966339,0.3399485647678375,0.5252819657325745,0.4076988697052002,0.3972660303115845,0.37351396679878235,0.3251328468322754,0.42973849177360535,0.33795660734176636,0.2725430727005005,0.41193097829818726,0.39920270442962646,0.340537965297699,0.39137208461761475,0.3036237955093384,0.34273457527160645,0.21349066495895386,0.17242734134197235,0.24290522933006287,0.2048288881778717,0.20545122027397156,0.1896211802959442,0.1678749918937683,0.22305524349212646
3,0.22283329976641614,0.18678872546424036,3.39769985364831,0.025403399506340855,1.8135390696318254,0.12160025589554398,-0.12568632960319515,0.3243136703968048,3,2222,0.12048766762018204,0.5645463466644287,0.03758694976568222,0,0.001,4.310420513153076,0.09061893820762634,0.08521830290555954,0.12048766762018204,0.09751898795366287,0.09585700929164886,0.10300050675868988,0.0772915855050087,0.08769281953573227,0.3459010124206543,0.3004097640514374,0.5241806507110596,0.3509579002857208,0.362216591835022,0.32741570472717285,0.27740830183029175,0.37432441115379333,0.27900204062461853,0.26819995045661926,0.40914446115493774,0.34861382842063904,0.30842167139053345,0.35691893100738525,0.26347771286964417,0.31757333874702454,0.18152841925621033,0.1688842475414276,0.2434418946504593,0.18900109827518463,0.1973007321357727,0.17773985862731934,0.15765859186649323,0.19587232172489166
4,0.2132456088843553,0.17913869671199634,3.2496162704799487,0.013213438265349554,1.4786170410073323,0.11878132459852431,-0.13644645810127254,0.3135535418987274,3,2222,0.13562558591365814,0.4669916331768036,0.045545462518930435,0,0.001,4.524713039398193,0.09414000064134598,0.0903964415192604,0.13562558591365814,0.08832859992980957,0.09435806423425674,0.10767171531915665,0.08663763850927353,0.08110490441322327,0.36134907603263855,0.393587589263916,0.483126699924469,0.3154500126838684,0.3865765929222107,0.30034559965133667,0.3049646317958832,0.3442210257053375,0.27413296699523926,0.31978681683540344,0.39219239354133606,0.2844636142253876,0.32932206988334656,0.32200416922569275,0.2773374915122986,0.29261934757232666,0.1907123178243637,0.19517181813716888,0.2432694137096405,0.19529996812343597,0.21019954979419708,0.18536944687366486,0.1960449069738388,0.20009273290634155
5,0.2042319295199021,0.17160319245379904,3.111616684042889,0.016908418306190033,1.343486557836118,0.11001693838614005,-0.11788965463638301,0.33211034536361694,3,2222,0.1380918025970459,0.49028733372688293,0.03112643025815487,0,0.001,5.220354795455933,0.09436004608869553,0.08979177474975586,0.1380918025970459,0.09247302263975143,0.08678332716226578,0.11782187223434448,0.08228052407503128,0.08460552990436554,0.3418768048286438,0.3458199203014374,0.5021734237670898,0.29163655638694763,0.3705040514469147,0.35017696022987366,0.28677886724472046,0.3471970856189728,0.3065169155597687,0.2905784845352173,0.41215360164642334,0.2784227430820465,0.3081197738647461,0.34745460748672485,0.2282751500606537,0.2866079807281494,0.1792759895324707,0.17974697053432465,0.2760225832462311,0.2552596628665924,0.19438813626766205,0.23085269331932068,0.25814133882522583,0.19234530627727509
6,0.1911880367476007,0.16017185022001681,2.9730703830718994,0.006261227227261533,1.222871614539105,0.10666460842556423,-0.11247844696044917,0.3375215530395508,3,2222,0.14185521006584167,0.5454245805740356,0.026371058076620102,0,0.001,4.301490068435669,0.09320295602083206,0.08934434503316879,0.14185521006584167,0.1082051694393158,0.09182210266590118,0.1217799261212349,0.09295834600925446,0.08578061312437057,0.3358747959136963,0.36293157935142517,0.5092813968658447,0.2900163233280182,0.394164502620697,0.32552480697631836,0.285331666469574,0.37244975566864014,0.299540638923645,0.3045533001422882,0.41680848598480225,0.28753018379211426,0.3262440860271454,0.33506399393081665,0.22478599846363068,0.2978033423423767,0.1788395494222641,0.18923746049404144,0.2821410596370697,0.2552681863307953,0.21197956800460815,0.2309611737728119,0.2550179958343506,0.19919610023498535
7,0.18713531027669492,0.15765267934488214,2.836668449899425,0.00509972264484057,1.0649497353512307,0.11434775797526042,-0.1176203608512878,0.33237963914871216,3,2222,0.14531485736370087,0.48862743377685547,0.017188897356390953,0,0.001,4.330904006958008,0.09439456462860107,0.09439095109701157,0.14531485736370087,0.12066038697957993,0.08377085626125336,0.12186992913484573,0.10266947746276855,0.08897428214550018,0.41194626688957214,0.39719080924987793,0.4860716760158539,0.2433265745639801,0.366301953792572,0.3055412769317627,0.2553844451904297,0.3877709209918976,0.29398196935653687,0.3231002688407898,0.40564507246017456,0.23925337195396423,0.29968252778053284,0.32434454560279846,0.21370606124401093,0.3091752827167511,0.21017208695411682,0.19747374951839447,0.29248693585395813,0.24312913417816162,0.2039380967617035,0.2443319410085678,0.2311648577451706,0.19474877417087555
8,0.18376307966916458,0.15518584393936655,2.729089581448099,0.023478545734415882,1.0515542237654976,0.10534534143518519,-0.10796738862991329,0.34203261137008667,3,2222,0.14819695055484772,0.4720853269100189,0.03193001076579094,0,0.001,4.28976583480835,0.09534583240747452,0.09240653365850449,0.14819695055484772,0.13408514857292175,0.08820971846580505,0.1307835429906845,0.11797879636287689,0.08457069098949432,0.31903257966041565,0.34918874502182007,0.5047821998596191,0.25545188784599304,0.3650091588497162,0.34723609685897827,0.24202558398246765,0.38884153962135315,0.2755034565925598,0.2888509929180145,0.4227585196495056,0.2523004412651062,0.3042809069156647,0.35417717695236206,0.19009244441986084,0.31207075715065,0.1667046844959259,0.18211786448955536,0.292392760515213,0.2458285689353943,0.19875597953796387,0.24214373528957367,0.21905264258384705,0.20301319658756256
9,0.16986295321713324,0.14255627665830695,2.620385491329691,0.00888738080697215,1.0139479222504988,0.09402988801179109,0.04524437785148622,0.3452443778514862,2,3222,0.15686360001564026,0.44819626212120056,0.014571134932339191,0,0.001,4.387632608413696,0.09375298023223877,0.09267052263021469,0.1497531533241272,0.15686360001564026,0.08307015150785446,0.13016366958618164,0.12581780552864075,0.0856110155582428,0.3782223165035248,0.40265902876853943,0.5031529664993286,0.2528590261936188,0.36846694350242615,0.320435494184494,0.24522966146469116,0.3813803195953369,0.3002660572528839,0.3309060335159302,0.4227263927459717,0.22855573892593384,0.31314513087272644,0.3330094814300537,0.2107866108417511,0.2950423061847687,0.2027600109577179,0.21427245438098907,0.29823458194732666,0.2219175398349762,0.19812887907028198,0.2264728993177414,0.21758615970611572,0.21219003200531006
10,0.15676634013652802,0.13059134392634683,2.517148961191592,0.001878193964290878,0.9847263071847998,0.08788464581524884,0.04354838728904725,0.34354838728904724,2,3222,0.20674650371074677,0.44893184304237366,0.012282250449061394,0,0.001,4.407904863357544,0.09267985820770264,0.09305388480424881,0.14761114120483398,0.20674650371074677,0.0799965038895607,0.134654238820076,0.13857154548168182,0.08480605483055115,0.40819552540779114,0.4136783480644226,0.47347527742385864,0.21721705794334412,0.3437941372394562,0.32710638642311096,0.22460350394248962,0.3766839802265167,0.31589820981025696,0.3414154350757599,0.40255334973335266,0.19644322991371155,0.2886134088039398,0.33855903148651123,0.1982380449771881,0.28782951831817627,0.21376146376132965,0.20820406079292297,0.2914184629917145,0.18849579989910126,0.19238145649433136,0.23345208168029785,0.2276993840932846,0.20771971344947815
11,0.14344067418056985,0.11812912802333417,2.4326380232106084,0.0010887146320032036,0.974279408869536,0.08147417873806424,0.07022367119789125,0.37022367119789124,2,3222,0.25226420164108276,0.42302244901657104,0.00978867243975401,1,0.001,4.299681901931763,0.09029094874858856,0.08890844881534576,0.15022318065166473,0.25226420164108276,0.07962755858898163,0.13380636274814606,0.15779151022434235,0.08356591314077377,0.3541286289691925,0.3856305181980133,0.5015457272529602,0.16229978203773499,0.354293555021286,0.3222896456718445,0.17835921049118042,0.3616567552089691,0.29620110988616943,0.3230741322040558,0.422552227973938,0.1409171223640442,0.291390061378479,0.34144559502601624,0.1604238748550415,0.29782402515411377,0.18694564700126648,0.19787970185279846,0.304532527923584,0.18406735360622406,0.20247657597064972,0.23984426259994507,0.24873442947864532,0.19813840091228485
12,0.1400286879228509,0.11538672479598419,2.366446640180505,0.002149021007505286,0.9560066176497418,0.08267420902958622,0.07000858783721925,0.37000858783721924,2,3222,0.2735311686992645,0.4338518977165222,0.013809632509946823,0,0.001,4.2964324951171875,0.09171724319458008,0.08987913280725479,0.14931870996952057,0.2735311686992645,0.07913265377283096,0.12681350111961365,0.1585347205400467,0.0846465453505516,0.39152732491493225,0.3879176080226898,0.4843175709247589,0.17336760461330414,0.34669041633605957,0.340755820274353,0.2060021162033081,0.38928624987602234,0.309517502784729,0.31305477023124695,0.41353514790534973,0.14894014596939087,0.28916341066360474,0.3391883969306946,0.1757771521806717,0.3057429790496826,0.19506581127643585,0.1939247101545334,0.30865052342414856,0.16666507720947266,0.20076440274715424,0.23376406729221344,0.23969019949436188,0.20813140273094177
13,0.1269831019251243,0.10283843039170555,2.3153258510257886,0.0020889782944046283,0.9705253684002421,0.07620215521918403,0.09121830463409425,0.39121830463409424,2,3222,0.33189842104911804,0.3708656430244446,0.013320797123014927,0,0.001,4.373492956161499,0.08649316430091858,0.08264954388141632,0.1473894566297531,0.33189842104911804,0.07632087916135788,0.13048242032527924,0.16020572185516357,0.0831439271569252,0.3942134976387024,0.3506186604499817,0.5046005845069885,0.14674316346645355,0.3307230770587921,0.31059393286705017,0.1721937656402588,0.37250903248786926,0.3103359341621399,0.30355167388916016,0.42276498675346375,0.12140227109193802,0.2811005413532257,0.3278706967830658,0.15247897803783417,0.3075036406517029,0.20527337491512299,0.19120053946971893,0.30560919642448425,0.1437692940235138,0.19822297990322113,0.2314789891242981,0.26072174310684204,0.19720731675624847
14,0.11989416279222655,0.09634468639674394,2.2579694830853008,0.0012557022501309605,0.9572235008944636,0.06784906910083913,0.12334783077239991,0.4233478307723999,2,3222,0.4258410632610321,0.488974392414093,0.00857988465577364,1,0.001,4.3677051067352295,0.08584251254796982,0.08147601038217545,0.15223585069179535,0.4258410632610321,0.07669676095247269,0.1382017731666565,0.17017409205436707,0.08240193128585815,0.352805495262146,0.3310544490814209,0.5099443793296814,0.1040155291557312,0.31049787998199463,0.35819026827812195,0.14339782297611237,0.3404707610607147,0.30022916197776794,0.28095951676368713,0.44131314754486084,0.0864478126168251,0.2653611898422241,0.380202978849411,0.13739152252674103,0.2798786163330078,0.17047877609729767,0.1732098013162613,0.31629282236099243,0.11835930496454239,0.19370508193969727,0.2454672008752823,0.24831871688365936,0.18325237929821014
15,0.11666069536105446,0.0936393067240715,2.206975252731987,0.0007123522860321985,0.9445126963698346,0.0689666748046875,0.1254906475543976,0.4254906475543976,2,3222,0.44659945368766785,0.417532742023468,0.013805191032588482,0,0.001,4.324140310287476,0.08245466649532318,0.07992805540561676,0.15182235836982727,0.44659945368766785,0.0773133859038353,0.131818488240242,0.17793917655944824,0.08381159603595734,0.34970688819885254,0.32903096079826355,0.5002611875534058,0.08184754103422165,0.3082411289215088,0.3223128616809845,0.13403275609016418,0.35130295157432556,0.29420074820518494,0.282754123210907,0.43248334527015686,0.07176362723112106,0.27256840467453003,0.3506140112876892,0.12675467133522034,0.29148873686790466,0.17011421918869019,0.1752108484506607,0.32261860370635986,0.10464606434106827,0.1952972114086151,0.23568400740623474,0.2513323128223419,0.19093674421310425
16,0.110242351565672,0.0876939105598823,2.1598751233971636,0.0005731337384887687,0.9439594901126364,0.06089946831597222,0.13741601705551149,0.4374160170555115,2,3222,0.5004332065582275,0.4084208309650421,0.010192109271883965,0,0.001,4.302237272262573,0.09022755920886993,0.08766228705644608,0.15429344773292542,0.5004332065582275,0.07639938592910767,0.13252760469913483,0.17179903388023376,0.08424627035856247,0.3675937354564667,0.3807879090309143,0.4977380037307739,0.09827035665512085,0.33856043219566345,0.32543256878852844,0.17142416536808014,0.38387322425842285,0.3073606789112091,0.3058486580848694,0.4285258948802948,0.08054066449403763,0.29198890924453735,0.343806654214859,0.155922532081604,0.306747168302536,0.17492304742336273,0.19295136630535126,0.32296693325042725,0.09288887679576874,0.19732026755809784,0.23499591648578644,0.24781331419944763,0.19808238744735718
17,0.10102315052695897,0.0789747992935388,2.1121689340342646,0.0006636739948906167,0.920025892879652,0.07464335801866319,0.14796687364578248,0.44796687364578247,2,3222,0.5404927134513855,0.5004293322563171,0.007897977717220783,1,0.001,4.3481950759887695,0.08613008260726929,0.07795578241348267,0.15788786113262177,0.5404927134513855,0.0773659273982048,0.14507052302360535,0.1754090040922165,0.08167991042137146,0.3368874192237854,0.3384536802768707,0.4939750134944916,0.05346843600273132,0.29699578881263733,0.32455796003341675,0.1263890266418457,0.3295131325721741,0.27338120341300964,0.2717019319534302,0.4286774694919586,0.046148885041475296,0.26816487312316895,0.35961049795150757,0.12162743508815765,0.27426305413246155,0.17674289643764496,0.17258130013942719,0.32872235774993896,0.06416629254817963,0.18309855461120605,0.2528949975967407,0.248457670211792,0.1777566522359848
18,0.10075799634923106,0.07911342447218687,2.072501503902933,0.000742129222287432,0.9121372725652612,0.0560868394639757,0.15182085037231446,0.45182085037231445,2,3222,0.5679787993431091,0.43664172291755676,0.011704718694090843,0,0.001,4.352978229522705,0.0887182280421257,0.08547104895114899,0.15602833032608032,0.5679787993431091,0.08205737918615341,0.13244910538196564,0.16822277009487152,0.08431009203195572,0.3731249272823334,0.35268673300743103,0.4918041229248047,0.06992864608764648,0.3477226793766022,0.3019448220729828,0.16097433865070343,0.34933972358703613,0.29530662298202515,0.2889246344566345,0.43289223313331604,0.057770270854234695,0.30531710386276245,0.3317957818508148,0.14710402488708496,0.28259921073913574,0.18347319960594177,0.1793353259563446,0.31460827589035034,0.0678301602602005,0.18672622740268707,0.2292385697364807,0.23522493243217468,0.1823989897966385
19,0.09740168730849805,0.07601205389136853,2.0452032503874404,0.0019593001267386844,0.9180085166640903,0.05524286566840278,0.1560281038284302,0.4560281038284302,2,3222,0.5683469772338867,0.4486188292503357,0.011954622343182564,0,0.001,4.430401086807251,0.09024514257907867,0.08188849687576294,0.15580587089061737,0.5683469772338867,0.0825839564204216,0.1362527459859848,0.17459779977798462,0.08202806860208511,0.4064463675022125,0.34906819462776184,0.49919643998146057,0.06338410079479218,0.35278549790382385,0.3193591237068176,0.16148771345615387,0.38432976603507996,0.32613682746887207,0.29941925406455994,0.43659505248069763,0.05365164950489998,0.30169570446014404,0.3439265191555023,0.14634127914905548,0.3123503625392914,0.19093655049800873,0.18606583774089813,0.319973886013031,0.06242379918694496,0.19968721270561218,0.23761585354804993,0.23724578320980072,0.203159362077713
20,0.09013093522061473,0.06913588843915773,2.007793296938357,0.0005153789901194851,0.9119612704152646,0.049843946668836805,0.16970027685165406,0.46970027685165405,2,3222,0.6100735664367676,0.5223707556724548,0.014333616010844707,0,0.001,4.371067523956299,0.08769712597131729,0.07467862963676453,0.159323588013649,0.6100735664367676,0.07721832394599915,0.14305739104747772,0.17541523277759552,0.07854095101356506,0.3872663676738739,0.3145889639854431,0.4993254542350769,0.05445267632603645,0.30822238326072693,0.32038015127182007,0.1279367208480835,0.34880530834198,0.30780526995658875,0.2730197012424469,0.44137150049209595,0.0470917709171772,0.26486271619796753,0.35917845368385315,0.12135713547468185,0.285307377576828,0.19314336776733398,0.17303918302059174,0.3280305862426758,0.05803598091006279,0.17291788756847382,0.24620942771434784,0.23066343367099762,0.18756398558616638
21,0.08587843309278073,0.06527773566220117,1.9692990728046582,0.0006210018916096052,0.9014965192131374,0.050005740695529516,0.1615391492843628,0.4615391492843628,2,3222,0.5961421132087708,0.4402777850627899,0.010745237581431866,0,0.001,4.312922477722168,0.08684522658586502,0.08031228929758072,0.1542675495147705,0.5961421132087708,0.07623860985040665,0.13174201548099518,0.17283105850219727,0.08354625850915909,0.3581876754760742,0.3307708501815796,0.5009633898735046,0.06460408866405487,0.3171631097793579,0.292531818151474,0.14510738849639893,0.3764527142047882,0.29127949476242065,0.2754705250263214,0.43263718485832214,0.05505196750164032,0.27752193808555603,0.32955843210220337,0.13350890576839447,0.3014760911464691,0.18956786394119263,0.18032023310661316,0.3164138197898865,0.060395143926143646,0.18573859333992004,0.22851121425628662,0.23507621884346008,0.19720235466957092
22,0.08713047530340112,0.06685862139515254,1.9372001057085784,0.0007365377829916289,0.8924884044605753,0.049357737223307295,0.15953071117401124,0.45953071117401123,2,3222,0.6018242835998535,0.49455714225769043,0.010092337615787983,0,0.001,4.334465503692627,0.08743558824062347,0.07718180119991302,0.16032680869102478,0.6018242835998535,0.07535043358802795,0.14615054428577423,0.1770002692937851,0.08108445256948471,0.3926982581615448,0.3332410454750061,0.4810834527015686,0.05591914802789688,0.30779141187667847,0.2952461540699005,0.12790173292160034,0.35804837942123413,0.30455824732780457,0.27782154083251953,0.42652809619903564,0.04628530889749527,0.2723113000392914,0.3407551348209381,0.12052436172962189,0.2823740541934967,0.19235537946224213,0.17755663394927979,0.3286871314048767,0.056741468608379364,0.17742837965488434,0.23937559127807617,0.22370466589927673,0.18648938834667206
23,0.08512501321409059,0.06513821641388147,1.9093383602474048,0.0002460705075898896,0.8909544478292051,0.04739606956199363,0.18269248008728028,0.4826924800872803,2,3222,0.6362178325653076,0.5510276556015015,0.010381662286818027,0,0.001,4.37055516242981,0.09047861397266388,0.0839308351278305,0.16105562448501587,0.6362178325653076,0.0746069997549057,0.14837440848350525,0.18355770409107208,0.08145985007286072,0.42016634345054626,0.35923856496810913,0.5120442509651184,0.047685787081718445,0.3103429973125458,0.3315882682800293,0.11625269055366516,0.3193599581718445,0.3221748173236847,0.29265397787094116,0.4470274746417999,0.042101774364709854,0.2621595859527588,0.35971298813819885,0.10944288223981857,0.2576056718826294,0.20206132531166077,0.18617135286331177,0.3354804515838623,0.05409330129623413,0.18771493434906006,0.2516968250274658,0.23175880312919617,0.1692044585943222
24,0.0805764042812845,0.06087516831315082,1.881576392961585,0.0003515957669942113,0.8819557506105175,0.04799025358977141,0.1686027467250824,0.4686027467250824,2,3222,0.6082842946052551,0.5123668313026428,0.01129528321325779,0,0.001,4.444179534912109,0.0900765135884285,0.08141759783029556,0.16036908328533173,0.6082842946052551,0.07960668206214905,0.1437608152627945,0.17539377510547638,0.08396640419960022,0.3880021274089813,0.3625488579273224,0.500792384147644,0.061876676976680756,0.33030977845191956,0.31694871187210083,0.14237163960933685,0.36091870069503784,0.31269556283950806,0.3025471866130829,0.43538039922714233,0.05127045512199402,0.2869332432746887,0.35043472051620483,0.12647728621959686,0.2895263135433197,0.1948224902153015,0.1896153837442398,0.3299538195133209,0.05470873415470123,0.1870971918106079,0.24683526158332825,0.21502918004989624,0.19237765669822693
25,0.07582429245762203,0.05634376244700473,1.859405289525571,0.0003605992292843597,0.8828721797984579,0.041892414799443,0.18529529571533204,0.48529529571533203,2,3222,0.6628042459487915,0.5575865507125854,0.011525439098477364,0,0.001,4.3239099979400635,0.08719979226589203,0.07660365104675293,0.16220632195472717,0.6628042459487915,0.08257463574409485,0.15005803108215332,0.18036715686321259,0.08379757404327393,0.41617536544799805,0.3251185119152069,0.5067415237426758,0.055677805095911026,0.31668147444725037,0.33727601170539856,0.1346450299024582,0.35269680619239807,0.3260127007961273,0.27438294887542725,0.4405093193054199,0.048340581357479095,0.2811832129955292,0.36970973014831543,0.12454691529273987,0.286477267742157,0.1992468237876892,0.18254750967025757,0.3311261534690857,0.0542605035007,0.1871531903743744,0.2530582547187805,0.2153848260641098,0.19083839654922485
26,0.07239960036847902,0.053240865145040596,1.8284102522808572,0.00025960284540854883,0.8720365995946138,0.0418432696307147,0.19208864569664003,0.49208864569664,2,3222,0.6483108401298523,0.5887128114700317,0.012354251928627491,0,0.001,4.274874925613403,0.08966875076293945,0.08503729850053787,0.1619066298007965,0.6483108401298523,0.08703181147575378,0.15270376205444336,0.1864515244960785,0.08433547616004944,0.4200142025947571,0.3781842291355133,0.5257085561752319,0.046570952981710434,0.31941917538642883,0.3351391553878784,0.11792057752609253,0.34665507078170776,0.3250141739845276,0.29949280619621277,0.45641204714775085,0.041437484323978424,0.2649356722831726,0.3692795932292938,0.11097297072410583,0.2898831069469452,0.20111870765686035,0.19514600932598114,0.33792319893836975,0.04863865301012993,0.18941055238246918,0.2548060417175293,0.22522011399269104,0.1902858167886734
27,0.07180685679549756,0.05292804296249929,1.8011508765427962,0.00030639212681031177,0.8642416570497595,0.044730851350007234,0.19198928475379945,0.49198928475379944,2,3222,0.6411572098731995,0.612305760383606,0.016314266249537468,0,0.001,4.281492233276367,0.08949121087789536,0.08575240522623062,0.16093792021274567,0.6411572098731995,0.08476096391677856,0.15354126691818237,0.1939324289560318,0.07765937596559525,0.4132770001888275,0.361184298992157,0.5275355577468872,0.039807867258787155,0.31398603320121765,0.3510492742061615,0.10229016840457916,0.29627931118011475,0.3255617916584015,0.2809143364429474,0.4597625434398651,0.035668425261974335,0.2562929689884186,0.3813117742538452,0.10179437696933746,0.24478188157081604,0.19824330508708954,0.18768364191055298,0.3395017385482788,0.04469699412584305,0.1830018162727356,0.25508981943130493,0.2160857617855072,0.1661047339439392
28,0.07953243573074756,0.060788829365502235,1.786050444063933,0.0006467059473557722,0.8766356266063192,0.045866695827907984,0.16995928883552552,0.4699592888355255,2,3222,0.6590988636016846,0.5288602113723755,0.0170623566955328,0,0.001,4.361881256103516,0.08528236299753189,0.08164485543966293,0.16148410737514496,0.6590988636016846,0.08320373296737671,0.14582332968711853,0.17700615525245667,0.08400405943393707,0.4103814959526062,0.38297945261001587,0.47219908237457275,0.06151082366704941,0.33867084980010986,0.30803558230400085,0.15416042506694794,0.3683469593524933,0.31731361150741577,0.3010023534297943,0.4213182330131531,0.05207996815443039,0.29214242100715637,0.34016889333724976,0.13819476962089539,0.29857027530670166,0.2034154087305069,0.20530016720294952,0.3272210359573364,0.05896340683102608,0.1912143975496292,0.24457672238349915,0.2074042558670044,0.19732333719730377
29,0.07437426953212074,0.055741579798252686,1.7738024048183276,0.0004106538291797852,0.8905594141586967,0.04142179701063368,0.17688204050064088,0.47688204050064087,2,3222,0.6579254269599915,0.5325005650520325,0.012585250660777092,0,0.001,4.3123228549957275,0.08311709761619568,0.07735404372215271,0.16500224173069,0.6579254269599915,0.08361470699310303,0.14799217879772186,0.1817769557237625,0.08241833001375198,0.3859174847602844,0.3370872735977173,0.48162901401519775,0.04481127858161926,0.3333078622817993,0.3001565933227539,0.1340111643075943,0.3462543785572052,0.3011743724346161,0.28562432527542114,0.43529778718948364,0.03988682106137276,0.2757331430912018,0.34351402521133423,0.12337522953748703,0.29272109270095825,0.19509486854076385,0.18339543044567108,0.33267590403556824,0.048744287341833115,0.1909172385931015,0.24158741533756256,0.20999640226364136,0.18893638253211975
30,0.06793905065759369,0.049577455157819,1.749049590981525,0.000301283103434126,0.8680873357731363,0.0385613030327691,0.18295509815216066,0.48295509815216064,2,3222,0.6665973663330078,0.5343219041824341,0.014076029881834984,0,0.001,4.385989665985107,0.08690813183784485,0.0822366401553154,0.16589592397212982,0.6665973663330078,0.08617936819791794,0.1501132994890213,0.18472228944301605,0.08360350131988525,0.42486727237701416,0.3691650629043579,0.49174878001213074,0.04384632036089897,0.3629572093486786,0.30863094329833984,0.1423567533493042,0.34412461519241333,0.31900525093078613,0.29686903953552246,0.4383378028869629,0.03925853222608566,0.30193132162094116,0.34515154361724854,0.12819023430347443,0.28253182768821716,0.2066255807876587,0.19941937923431396,0.33513638377189636,0.04771272838115692,0.1929042786359787,0.24260427057743073,0.21837656199932098,0.19011159241199493
31,0.06672977656126022,0.048621904752824616,1.7243775803109873,0.00023303931748555243,0.8617659781290137,0.03801720287181713,0.18430168628692628,0.48430168628692627,2,3222,0.6628775596618652,0.595458984375,0.011304784566164017,0,0.001,4.384778022766113,0.08433539420366287,0.07688135653734207,0.1667979210615158,0.6628775596618652,0.08294964581727982,0.1532599776983261,0.18711930513381958,0.08331537991762161,0.4269101321697235,0.3362567722797394,0.49493545293807983,0.0519881434738636,0.3229564428329468,0.3365035653114319,0.12516959011554718,0.3563981056213379,0.32014504075050354,0.2772316634654999,0.44051188230514526,0.04650194197893143,0.2665294408798218,0.37263718247413635,0.11865033209323883,0.2940511405467987,0.20992238819599152,0.1840147227048874,0.33888179063796997,0.052950821816921234,0.18770311772823334,0.26362845301628113,0.2138843685388565,0.19130662083625793
32,0.07114624086281528,0.053217492025831474,1.704868311467378,0.0005537926500318977,0.8745277368504069,0.039923937762225116,0.17455793619155885,0.47455793619155884,2,3222,0.6477248668670654,0.5948802828788757,0.016229409724473953,0,0.001,4.403803825378418,0.08951468765735626,0.08536124229431152,0.1688232570886612,0.6477248668670654,0.08543304353952408,0.15076972544193268,0.18781466782093048,0.08461181819438934,0.45467409491539,0.3865974545478821,0.4743645489215851,0.05239333212375641,0.33935949206352234,0.34206387400627136,0.12863455712795258,0.3579663038253784,0.3352836072444916,0.29779908061027527,0.43530839681625366,0.04578149691224098,0.28715890645980835,0.3685433268547058,0.11673115938901901,0.28807616233825684,0.21372978389263153,0.20022261142730713,0.340833842754364,0.050398070365190506,0.18376274406909943,0.2525153160095215,0.22073915600776672,0.19088055193424225
33,0.062125473404708115,0.04437915138576342,1.6874745980553005,0.0003502765552105342,0.8680726186088894,0.0342178305166739,0.19083802103996278,0.49083802103996277,2,3222,0.6806095242500305,0.5702091455459595,0.010189627297222614,0,0.001,4.374388933181763,0.08045776188373566,0.07416032254695892,0.1653970628976822,0.6806095242500305,0.08739648759365082,0.15228889882564545,0.18028923869132996,0.08099512755870819,0.4064934551715851,0.3208444118499756,0.4998149871826172,0.046252116560935974,0.3314489424228668,0.3125957250595093,0.14861802756786346,0.3565671145915985,0.3094155788421631,0.2652900815010071,0.44333958625793457,0.04083339869976044,0.2831094264984131,0.3556637167930603,0.1351523995399475,0.302974671125412,0.20790353417396545,0.1819797307252884,0.3395880460739136,0.04833380505442619,0.1901741921901703,0.2579028904438019,0.1979973018169403,0.19687871634960175
34,0.06245273513638455,0.04494555019166158,1.665884608807771,0.00022147424359623668,0.8461241462956304,0.03722912315086082,0.18961785435676576,0.48961785435676575,2,3222,0.6712839603424072,0.6052528023719788,0.010416132397949696,0,0.001,5.264985084533691,0.0882103443145752,0.07753458619117737,0.163681760430336,0.6712839603424072,0.08879755437374115,0.1582893580198288,0.18584993481636047,0.08282520622015,0.44313278794288635,0.34441903233528137,0.504245936870575,0.04114506021142006,0.33653077483177185,0.3359657824039459,0.14886300265789032,0.3666861057281494,0.31405016779899597,0.2717148959636688,0.4444105923175812,0.03682124242186546,0.291251540184021,0.3692605793476105,0.13215425610542297,0.3092474937438965,0.21975396573543549,0.18521061539649963,0.33853089809417725,0.049116600304841995,0.1899249106645584,0.2675354778766632,0.20824989676475525,0.19999217987060547
35,0.06169398550106132,0.0443985332613406,1.6450444926386294,0.0002140900102423747,0.8428670323413351,0.035610400164568866,0.19169597029685975,0.49169597029685974,2,3222,0.6786817312240601,0.6130967140197754,0.0112039465457201,0,0.001,5.7778160572052,0.08768053352832794,0.07797769457101822,0.16455653309822083,0.6786817312240601,0.0851941630244255,0.15228773653507233,0.18417461216449738,0.08523843437433243,0.4544409215450287,0.35203322768211365,0.5013933777809143,0.045520003885030746,0.335395872592926,0.36448970437049866,0.14260360598564148,0.37095049023628235,0.33141568303108215,0.2843162417411804,0.4476003050804138,0.04097974672913551,0.28496024012565613,0.39080214500427246,0.1312064677476883,0.30665040016174316,0.2234121859073639,0.18982835114002228,0.33910834789276123,0.050205208361148834,0.1887761801481247,0.2694903612136841,0.1997683048248291,0.19778990745544434
36,0.058407804240351135,0.041294815747634224,1.6264004914656929,0.0002175222020330535,0.8468087989351024,0.03523424275716146,0.18716700077056886,0.48716700077056885,2,3222,0.6662150025367737,0.6245584487915039,0.0095925098285079,1,0.001,4.80314564704895,0.08590757846832275,0.07745293527841568,0.16545897722244263,0.6662150025367737,0.0842919573187828,0.15724310278892517,0.18701305985450745,0.07865329086780548,0.4240933954715729,0.32539263367652893,0.4962444305419922,0.03453698754310608,0.31215062737464905,0.36607736349105835,0.12546196579933167,0.31811875104904175,0.3045230805873871,0.261909544467926,0.44237011671066284,0.032012440264225006,0.26261356472969055,0.3882952928543091,0.11337865144014359,0.26537826657295227,0.21651069819927216,0.17599783837795258,0.3438384234905243,0.044422343373298645,0.17790564894676208,0.27200838923454285,0.20280970633029938,0.17586025595664978
37,0.06249687512931616,0.045550785310890365,1.6108075276665066,0.00031032951443668696,0.8349116055861764,0.037229432847764754,0.19062883853912355,0.49062883853912354,2,3222,0.6614128351211548,0.6215706467628479,0.010751870460808277,0,0.001,4.305740594863892,0.08889549970626831,0.07865114510059357,0.162054643034935,0.6614128351211548,0.08551719784736633,0.14968006312847137,0.18183378875255585,0.0837986022233963,0.4602353870868683,0.32780328392982483,0.509161114692688,0.05401844531297684,0.31769871711730957,0.3671565651893616,0.1518474668264389,0.37389054894447327,0.3289804458618164,0.2642455995082855,0.45232170820236206,0.047594740986824036,0.2769583463668823,0.39201924204826355,0.1376473605632782,0.3131028711795807,0.22752100229263306,0.17620599269866943,0.33961957693099976,0.05207172781229019,0.19407634437084198,0.26997461915016174,0.20005455613136292,0.20352256298065186
38,0.058344671421724816,0.04150898981353511,1.599284908045893,0.0002922240882585554,0.8399108881535737,0.03422467041015625,0.18896968364715577,0.48896968364715576,2,3222,0.6806501150131226,0.5949661135673523,0.00946225505322218,1,0.001,4.425878286361694,0.08433697372674942,0.08082729578018188,0.16481901705265045,0.6806501150131226,0.08755464851856232,0.15732896327972412,0.19250865280628204,0.0830913856625557,0.434243768453598,0.34889093041419983,0.4916885793209076,0.0396777018904686,0.33544057607650757,0.3254091143608093,0.13297396898269653,0.35995012521743774,0.3220747113227844,0.2755584716796875,0.4403919577598572,0.03606608510017395,0.2860489785671234,0.3681143820285797,0.1230403333902359,0.2975790202617645,0.2136187106370926,0.18692080676555634,0.3431479334831238,0.04758186638355255,0.1895984560251236,0.26159167289733887,0.21278123557567596,0.194132000207901
39,0.05750437291420024,0.04092250667188479,1.5753139723902163,0.0001360486295079286,0.827367075111555,0.03465013348614728,0.19058386683464051,0.4905838668346405,2,3222,0.6611085534095764,0.6244536638259888,0.011634706519544125,0,0.001,4.387972116470337,0.08765394240617752,0.07870163023471832,0.16480116546154022,0.6611085534095764,0.09016241133213043,0.15740056335926056,0.18763017654418945,0.08140329271554947,0.4461333155632019,0.33506080508232117,0.5064353942871094,0.036366574466228485,0.32605379819869995,0.3421667814254761,0.13588178157806396,0.3523743748664856,0.33935487270355225,0.27484631538391113,0.45249539613723755,0.033780042082071304,0.27570250630378723,0.37795931100845337,0.1235056221485138,0.2972712814807892,0.21932010352611542,0.18609660863876343,0.34229621291160583,0.045320846140384674,0.18555215001106262,0.2682437598705292,0.20509131252765656,0.1922760009765625
40,0.05636162845336873,0.039970652078804764,1.5562294099641882,0.0002976316745448655,0.8257063886393672,0.032550322356047455,0.18954162001609803,0.489541620016098,2,3222,0.6700789332389832,0.5994812250137329,0.011308956891298294,0,0.001,4.297364234924316,0.08063136041164398,0.07360398769378662,0.16271866858005524,0.6700789332389832,0.08337992429733276,0.1503903865814209,0.18430769443511963,0.07171956449747086,0.39181631803512573,0.29863983392715454,0.5029754042625427,0.04047778621315956,0.30866703391075134,0.35162779688835144,0.13591517508029938,0.3307737708091736,0.2965654730796814,0.2542790472507477,0.4485377371311188,0.038100652396678925,0.25956302881240845,0.3853769600391388,0.1261802613735199,0.2870403230190277,0.20250074565410614,0.1695394515991211,0.3365744650363922,0.048594750463962555,0.18312257528305054,0.2645372152328491,0.19105924665927887,0.17806892096996307
41,0.05469161919925524,0.038496029279802155,1.5377591796543286,0.0002615577478022517,0.8153820582058119,0.03193789672851562,0.19990466237068177,0.49990466237068176,2,3222,0.6762162446975708,0.6640909314155579,0.013131664134562016,0,0.001,4.411085367202759,0.09117843955755234,0.07784000039100647,0.16488705575466156,0.6762162446975708,0.09184368699789047,0.1565747708082199,0.19489926099777222,0.0809304416179657,0.44882094860076904,0.3454777002334595,0.5156612396240234,0.03907059505581856,0.3295884430408478,0.3739577531814575,0.13444572687149048,0.3087752163410187,0.33244588971138,0.2756119668483734,0.46035221219062805,0.036969102919101715,0.2781221270561218,0.3993448317050934,0.12307953089475632,0.2626030743122101,0.21967849135398865,0.18786738812923431,0.34738898277282715,0.04805094003677368,0.18035683035850525,0.27538442611694336,0.21542468667030334,0.1711985468864441
42,0.05424898166371429,0.038217954985473465,1.5219222151714822,0.0002657182833544262,0.809147368306699,0.0321416349057798,0.19328821897506715,0.49328821897506714,2,3222,0.652998685836792,0.6612752079963684,0.01142093539237976,0,0.001,4.460482120513916,0.08878710120916367,0.07841300219297409,0.16461047530174255,0.652998685836792,0.0854591429233551,0.15811285376548767,0.19588270783424377,0.08274341374635696,0.4344698190689087,0.3406500816345215,0.517780065536499,0.03409068286418915,0.30225494503974915,0.37062737345695496,0.13284224271774292,0.3311454951763153,0.3237169086933136,0.2807360291481018,0.45575955510139465,0.031896259635686874,0.24951200187206268,0.39023715257644653,0.12272436171770096,0.26809820532798767,0.20736274123191833,0.1782054454088211,0.3466145396232605,0.04556378349661827,0.16146045923233032,0.2738463282585144,0.21357575058937073,0.18172913789749146
43,0.05324985945354337,0.03737790672027547,1.5060530123503313,0.0003803621635281319,0.8076194343359574,0.031092528731734664,0.1823090434074402,0.4823090434074402,2,3222,0.6419602632522583,0.6333832740783691,0.0077042048797011375,1,0.001,4.322500944137573,0.082865871489048,0.07254862785339355,0.16496798396110535,0.6419602632522583,0.08520934730768204,0.1540112942457199,0.18913789093494415,0.07660015672445297,0.42034241557121277,0.2928142547607422,0.49600905179977417,0.04187760502099991,0.31217432022094727,0.37389424443244934,0.14429563283920288,0.3525821268558502,0.3175472021102905,0.24327661097049713,0.44686171412467957,0.03800797834992409,0.26414111256599426,0.40253981947898865,0.1308862268924713,0.2974275052547455,0.2100626677274704,0.16693800687789917,0.3444051444530487,0.04938575625419617,0.17359624803066254,0.27632635831832886,0.20183086395263672,0.18166577816009521
44,0.0523794452133386,0.03668616712093353,1.4888317533161328,0.0002422524899568247,0.8025383068167645,0.03403873471860532,0.18404082655906678,0.4840408265590668,2,3222,0.6296107172966003,0.6423457264900208,0.007953468710184097,1,0.001,4.367908239364624,0.0864998996257782,0.0762181505560875,0.1637295037508011,0.6296107172966003,0.0847843736410141,0.15130014717578888,0.1852494478225708,0.07748858630657196,0.4239700734615326,0.30858296155929565,0.5130147933959961,0.042621299624443054,0.33861273527145386,0.3694017827510834,0.1548571139574051,0.35046011209487915,0.32050821185112,0.25042447447776794,0.4563700258731842,0.039196111261844635,0.27282992005348206,0.39629265666007996,0.13828344643115997,0.2974241375923157,0.21040336787700653,0.17243966460227966,0.33716776967048645,0.04872119799256325,0.18458066880702972,0.27575764060020447,0.20042428374290466,0.18167948722839355
45,0.05425918474793434,0.038702746448309525,1.475193360577459,0.00032938578173659903,0.8012113985807999,0.036399563824688945,0.17727560997009278,0.4772756099700928,2,3222,0.62767094373703,0.6527770757675171,0.006162792444229126,1,0.001,4.5224289894104,0.08201572299003601,0.07466594874858856,0.16503190994262695,0.62767094373703,0.08531350642442703,0.158370703458786,0.19489538669586182,0.07784463465213776,0.3785000741481781,0.3027896583080292,0.4870678782463074,0.036480896174907684,0.3157593309879303,0.35976076126098633,0.12218032032251358,0.35552018880844116,0.29299411177635193,0.2543315291404724,0.44787076115608215,0.034326180815696716,0.2565436065196991,0.38854172825813293,0.11460128426551819,0.29701584577560425,0.19642168283462524,0.17359177768230438,0.3464929461479187,0.04902929067611694,0.17786145210266113,0.2817085385322571,0.2040669322013855,0.18635247647762299
46,0.05112039556969767,0.035713098214372345,1.4610338833021081,0.00012173223797657081,0.7957419934480087,0.02993294044777199,0.19517855048179628,0.49517855048179626,2,3222,0.6572322845458984,0.6915549039840698,0.010555338114500046,0,0.001,4.402748107910156,0.08539804816246033,0.07350197434425354,0.16465581953525543,0.6572322845458984,0.08185064792633057,0.15888845920562744,0.19113031029701233,0.07895874977111816,0.42520231008529663,0.33713406324386597,0.5138593316078186,0.04047023877501488,0.30264967679977417,0.385467529296875,0.13838458061218262,0.3393937945365906,0.31792378425598145,0.2650061249732971,0.46139371395111084,0.038102224469184875,0.2519446611404419,0.40459364652633667,0.12816491723060608,0.2806577682495117,0.21110329031944275,0.17920172214508057,0.34822893142700195,0.04738791286945343,0.17179030179977417,0.2866570055484772,0.22007441520690918,0.17777222394943237
47,0.049816120739864266,0.03457516561383787,1.4453489365785017,0.00020424743327210942,0.7854229989259139,0.03134465196397569,0.1847383499145508,0.4847383499145508,2,3222,0.6509793996810913,0.648079514503479,0.008115188218653202,1,0.001,4.328343152999878,0.07966773211956024,0.0718223825097084,0.16641508042812347,0.6509793996810913,0.08650460839271545,0.15610192716121674,0.19346201419830322,0.08118730038404465,0.4024629294872284,0.2951505482196808,0.49537393450737,0.03478289023041725,0.3197280168533325,0.36059004068374634,0.13662749528884888,0.37980586290359497,0.302386075258255,0.24081966280937195,0.44907963275909424,0.03325805068016052,0.2620835602283478,0.39506587386131287,0.12383603304624557,0.30758538842201233,0.207748144865036,0.16798648238182068,0.3435203731060028,0.04694908484816551,0.17554152011871338,0.2716679573059082,0.21426747739315033,0.1890055537223816
48,0.051138357947701996,0.03605617518010347,1.4302802189536716,0.00012418938548881155,0.7781385934871176,0.031970270227502894,0.18816663026809693,0.4881666302680969,2,3222,0.6410778760910034,0.6693741083145142,0.010407233610749245,0,0.001,4.312839508056641,0.08215906471014023,0.07393088936805725,0.16578814387321472,0.6410778760910034,0.08377645164728165,0.157500758767128,0.20189650356769562,0.07884019613265991,0.403249591588974,0.3307639956474304,0.5082781910896301,0.03604452311992645,0.30597683787345886,0.37703728675842285,0.12637099623680115,0.3417688012123108,0.30442652106285095,0.2607332766056061,0.4568621814250946,0.03443426638841629,0.2453806847333908,0.3987545669078827,0.11761816591024399,0.28499582409858704,0.20251457393169403,0.1771291047334671,0.34644815325737,0.04795632138848305,0.16678720712661743,0.2804892659187317,0.21935011446475983,0.17741072177886963
49,0.050079894616552025,0.0351350163312062,1.4166554368060569,0.00020565923731065476,0.7762673730435579,0.030089964690031827,0.19394530057907106,0.49394530057907104,2,3222,0.6287676095962524,0.6911442279815674,0.01036234013736248,0,0.001,4.409086465835571,0.08640079200267792,0.0798567682504654,0.16379289329051971,0.6287676095962524,0.08041834831237793,0.15868547558784485,0.20505648851394653,0.07759188860654831,0.4356187582015991,0.35611099004745483,0.5278370380401611,0.03959975391626358,0.28463613986968994,0.3766773045063019,0.10471251606941223,0.31229493021965027,0.31678536534309387,0.28197526931762695,0.46763861179351807,0.03638983517885208,0.23842230439186096,0.4020159840583801,0.10194365680217743,0.2510395646095276,0.2098836898803711,0.18635037541389465,0.35153791308403015,0.049439381808042526,0.1620340645313263,0.27753323316574097,0.22431272268295288,0.1636393964290619
50,0.04952248250660689,0.034712574404218925,1.4040004325949627,0.00023688509606037533,0.7675349349560945,0.028797663935908564,0.17683078050613404,0.47683078050613403,2,3222,0.6174902319908142,0.6667398810386658,0.006965827662497759,1,0.0001,4.312001705169678,0.08300208300352097,0.07230769097805023,0.16673824191093445,0.6174902319908142,0.08327202498912811,0.15814591944217682,0.1954733282327652,0.08048611134290695,0.39504653215408325,0.29940560460090637,0.495510458946228,0.04185057803988457,0.32561755180358887,0.3844030797481537,0.13741469383239746,0.3959583342075348,0.2980814278125763,0.24609775841236115,0.44785869121551514,0.03877754881978035,0.2665706276893616,0.4098738729953766,0.12744717299938202,0.329289048910141,0.20407329499721527,0.17213895916938782,0.34646376967430115,0.04928388446569443,0.17916414141654968,0.2820064425468445,0.2080438882112503,0.19554810225963593
51,0.04471835040527841,0.0300231677196596,1.3928878618323284,8.542031940558682e-05,0.7654500111289646,0.028313691315827547,0.18720520734786988,0.4872052073478699,2,3222,0.6287631988525391,0.6773361563682556,0.00621816935017705,1,0.0001,4.406558513641357,0.08449733257293701,0.0780360996723175,0.16580887138843536,0.6287631988525391,0.08287585526704788,0.15990570187568665,0.1975249946117401,0.08065193146467209,0.40020304918289185,0.34036949276924133,0.5130721926689148,0.03618038073182106,0.33564257621765137,0.3761264383792877,0.1272769570350647,0.37857475876808167,0.2944060266017914,0.2655564248561859,0.4576708972454071,0.0344804972410202,0.2685091197490692,0.40371429920196533,0.11788618564605713,0.31201091408729553,0.2035454660654068,0.18496546149253845,0.34931451082229614,0.04731481894850731,0.17599329352378845,0.2799070179462433,0.21389883756637573,0.18767434358596802
52,0.04361764552152675,0.02899855472471403,1.3856075950290845,6.776103122240823e-05,0.7623372466667838,0.027416987101236977,0.18784220218658448,0.4878422021865845,2,3222,0.6286538243293762,0.6808604001998901,0.006584760267287493,1,0.0001,4.492513418197632,0.08551327139139175,0.0799163430929184,0.16449065506458282,0.6286538243293762,0.08316602557897568,0.1606239378452301,0.19958269596099854,0.07960551977157593,0.4074989855289459,0.3445006012916565,0.5157754421234131,0.035401273518800735,0.33014073967933655,0.3771190643310547,0.12343684583902359,0.36223211884498596,0.2967071533203125,0.2682138979434967,0.45957374572753906,0.03365908935666084,0.2614109218120575,0.4049573838710785,0.11516702175140381,0.3001273572444916,0.20300133526325226,0.18675678968429565,0.3473658561706543,0.04740947484970093,0.17349328100681305,0.2816990911960602,0.2160390317440033,0.18062037229537964
53,0.04356580875490023,0.028995985084253807,1.3809444593346638,5.632824737087662e-05,0.7598166206608647,0.027527327078360097,0.18650225996971131,0.4865022599697113,2,3222,0.6254065036773682,0.6833207011222839,0.007069110870361328,1,0.0001,4.459183692932129,0.08501181751489639,0.07832153141498566,0.16499294340610504,0.6254065036773682,0.0827026218175888,0.15905113518238068,0.19303354620933533,0.07987990230321884,0.40176787972450256,0.34030723571777344,0.5130594372749329,0.03540081903338432,0.2982625663280487,0.3820110261440277,0.12521858513355255,0.35400208830833435,0.2969798445701599,0.26584815979003906,0.4591822624206543,0.03384018316864967,0.24461545050144196,0.40846434235572815,0.11514005810022354,0.28775790333747864,0.20177185535430908,0.18336516618728638,0.34836092591285706,0.04715079814195633,0.16210831701755524,0.28197237849235535,0.2133658230304718,0.17666573822498322
54,0.042791698127985,0.02826279709520547,1.3769944439763608,6.132447078530474e-05,0.7583440671796384,0.026548072814941405,0.18798444867134095,0.48798444867134094,2,3222,0.6233120560646057,0.6844164133071899,0.00663440627977252,1,0.0001,4.455302000045776,0.08520743250846863,0.07696341723203659,0.1643693745136261,0.6233120560646057,0.08251576870679855,0.1583329439163208,0.19471849501132965,0.07917369157075882,0.4057556092739105,0.3346911668777466,0.5208426117897034,0.03457576036453247,0.31463032960891724,0.3825015723705292,0.12724405527114868,0.3558669686317444,0.2957909405231476,0.26523733139038086,0.4617455303668976,0.03302982822060585,0.25377410650253296,0.40853455662727356,0.11784389615058899,0.29258155822753906,0.2011987864971161,0.1801428198814392,0.3460376560688019,0.046989910304546356,0.16985024511814117,0.28137829899787903,0.21542784571647644,0.17625252902507782
55,0.04271510437778805,0.02822094232491825,1.3737243776736052,5.716862964934831e-05,0.756346899530162,0.026805862991898147,0.18890575766563417,0.48890575766563416,2,3222,0.6179633140563965,0.6823280453681946,0.0064463140442967415,1,0.0001,4.345256805419922,0.08562144637107849,0.0752197876572609,0.16433435678482056,0.6179633140563965,0.08223889768123627,0.15814146399497986,0.19568853080272675,0.07899464666843414,0.40947115421295166,0.32718291878700256,0.5249797701835632,0.0355057530105114,0.3040018379688263,0.37855997681617737,0.12560369074344635,0.35739555954933167,0.30079999566078186,0.26062434911727905,0.4641933739185333,0.0338878370821476,0.2477162778377533,0.4045676589012146,0.1170077919960022,0.2954952120780945,0.20096834003925323,0.1773483157157898,0.3484865427017212,0.047359999269247055,0.16562524437904358,0.27963361144065857,0.21617014706134796,0.17616218328475952
56,0.04232238799981449,0.027859556853123333,1.370719930400019,5.9036592416384295e-05,0.7550422808398372,0.027547555711534288,0.1873257577419281,0.4873257577419281,2,3222,0.6171718835830688,0.6749691963195801,0.006694921292364597,1,0.0001,4.352415561676025,0.08471779525279999,0.07568002492189407,0.16468258202075958,0.6171718835830688,0.08260967582464218,0.1588325798511505,0.19815853238105774,0.07942714542150497,0.4074900448322296,0.32053548097610474,0.5206131935119629,0.03331375494599342,0.2958032190799713,0.37708353996276855,0.12237319350242615,0.3527492582798004,0.2943118214607239,0.2506183683872223,0.4610745906829834,0.03232903406023979,0.24148868024349213,0.40345263481140137,0.11545681953430176,0.29200300574302673,0.20294351875782013,0.17682597041130066,0.3504433333873749,0.04669758677482605,0.16388969123363495,0.27840456366539,0.21627072989940643,0.1738351285457611
57,0.04237859777134398,0.027943901474709095,1.3681436828944995,6.730078925813913e-05,0.7525877071463544,0.026785677874529804,0.18382702469825746,0.48382702469825745,2,3222,0.6198791265487671,0.6852752566337585,0.005713906139135361,1,0.0001,4.383866786956787,0.08281105756759644,0.0737304836511612,0.1657509058713913,0.6198791265487671,0.08275645971298218,0.16156524419784546,0.1967570185661316,0.08048967272043228,0.402525931596756,0.32220330834388733,0.5082712173461914,0.03396777808666229,0.3042615056037903,0.37979093194007874,0.12506790459156036,0.36283236742019653,0.292402446269989,0.2627984881401062,0.4564841687679291,0.032387733459472656,0.24728278815746307,0.4071314036846161,0.11619968712329865,0.29648855328559875,0.20287275314331055,0.1785256564617157,0.3506735563278198,0.04684168100357056,0.16810950636863708,0.2839653789997101,0.2167247235774994,0.17761124670505524
58,0.0425534883271093,0.02814375576765641,1.3657019241996433,7.539075348809685e-05,0.7519596555958623,0.026969398498535156,0.1871167540550232,0.4871167540550232,2,3222,0.6175402402877808,0.6891775727272034,0.005957388784736395,1,0.0001,4.447409391403198,0.08481023460626602,0.07390732318162918,0.16521523892879486,0.6175402402877808,0.08151484280824661,0.16053442656993866,0.19743062555789948,0.07991214096546173,0.4033193290233612,0.31882062554359436,0.5201411247253418,0.03397277370095253,0.2966693043708801,0.3772066831588745,0.12230084091424942,0.3544294536113739,0.2950456440448761,0.25766870379447937,0.4616376459598541,0.03249846026301384,0.24174055457115173,0.4046080410480499,0.11526528745889664,0.29112839698791504,0.2003108412027359,0.1746148020029068,0.34914809465408325,0.046941258013248444,0.1622842401266098,0.2832050025463104,0.21969357132911682,0.1753298044204712
59,0.04272520331584889,0.028343714611685795,1.3629624325296152,6.358465939031348e-05,0.7512287367945132,0.02675701621726707,0.1874602258205414,0.4874602258205414,2,3222,0.6181974411010742,0.6948139071464539,0.006453327834606171,1,0.0001,4.396191596984863,0.08417436480522156,0.07279902696609497,0.16484394669532776,0.6181974411010742,0.08023320883512497,0.15983326733112335,0.19676388800144196,0.07887353748083115,0.4087442457675934,0.31032976508140564,0.5189220309257507,0.03555537015199661,0.28042086958885193,0.38918831944465637,0.11832335591316223,0.34482958912849426,0.2929863929748535,0.24996626377105713,0.46262720227241516,0.034067559987306595,0.23086245357990265,0.4140256643295288,0.11155985295772552,0.28493237495422363,0.20454993844032288,0.17104150354862213,0.350094199180603,0.04718263819813728,0.1576060950756073,0.2828817367553711,0.21557563543319702,0.17182183265686035
60,0.04214905736886937,0.027794153227106384,1.360517170118249,5.6812835480187736e-05,0.7491641355597455,0.026927576983416524,0.18221272230148317,0.48221272230148315,2,3222,0.6113526821136475,0.6983794569969177,0.006980260368436575,1,0.0001,4.374090671539307,0.0839935913681984,0.0725795179605484,0.16684409976005554,0.6113526821136475,0.08279573172330856,0.16255232691764832,0.2007383406162262,0.0801333412528038,0.3985162377357483,0.3159480392932892,0.5063812732696533,0.03418837487697601,0.3115994334220886,0.38653892278671265,0.1143961101770401,0.35818880796432495,0.2908671796321869,0.25921717286109924,0.4566769301891327,0.0329875685274601,0.25040924549102783,0.4114075005054474,0.10913974046707153,0.2935769259929657,0.19897520542144775,0.17229153215885162,0.35444003343582153,0.04673256725072861,0.1712573915719986,0.2857641875743866,0.2168063223361969,0.17466339468955994
61,0.04179933537607607,0.027471100587559784,1.357952708783357,4.9854198669376984e-05,0.7482097563536271,0.02638763569019459,0.1904008209705353,0.4904008209705353,2,3222,0.6252160668373108,0.6936763525009155,0.006934531964361668,1,0.0001,4.343327045440674,0.08403699100017548,0.07297798246145248,0.1645488142967224,0.6252160668373108,0.0822097435593605,0.1611151099205017,0.19763676822185516,0.07976072281599045,0.40596458315849304,0.3047809600830078,0.5237908959388733,0.032325923442840576,0.29131659865379333,0.3837875723838806,0.11467874050140381,0.34783193469047546,0.29167938232421875,0.24307522177696228,0.4643603563308716,0.031239395961165428,0.23476508259773254,0.409346342086792,0.1095924824476242,0.28601059317588806,0.20075565576553345,0.16844506561756134,0.34823599457740784,0.04593849927186966,0.15978659689426422,0.2809497117996216,0.21885113418102264,0.17164388298988342
62,0.04251469250606454,0.028207571043268494,1.355951469877492,9.761467774059501e-05,0.7466307852579199,0.027240889090078848,0.18940497636795045,0.48940497636795044,2,3222,0.6211299896240234,0.6818354725837708,0.0055872793309390545,1,0.0001,4.527297735214233,0.08312362432479858,0.07482471317052841,0.1650993525981903,0.6211299896240234,0.08104202896356583,0.16016539931297302,0.19852979481220245,0.07967550307512283,0.4041840136051178,0.31411346793174744,0.5225206613540649,0.03528382256627083,0.28920090198516846,0.3751163184642792,0.1162920892238617,0.3570619821548462,0.289249986410141,0.25080186128616333,0.46300429105758667,0.033443499356508255,0.23641815781593323,0.4038199484348297,0.11159349977970123,0.29461392760276794,0.20165285468101501,0.17244353890419006,0.3509649634361267,0.04696507751941681,0.16142193973064423,0.2789451777935028,0.21731087565422058,0.1750839501619339
63,0.041971702290617904,0.02768683433532715,1.3537994623184204,7.210719163792774e-05,0.7461526238400004,0.026356686344853154,0.18381879925727845,0.48381879925727844,2,3222,0.6128741502761841,0.6876083612442017,0.00791108701378107,1,0.0001,4.474062919616699,0.08385976403951645,0.07367219775915146,0.1664566844701767,0.6128741502761841,0.08097770065069199,0.16148683428764343,0.1996297538280487,0.07983676344156265,0.4026772379875183,0.3127318024635315,0.5103577375411987,0.03388140723109245,0.29551342129707336,0.3818427324295044,0.11793214827775955,0.35213541984558105,0.2915167212486267,0.252215176820755,0.45825836062431335,0.03264574706554413,0.24222621321678162,0.407405287027359,0.11140535026788712,0.2863558828830719,0.19849121570587158,0.16751134395599365,0.3537849187850952,0.04678695276379585,0.16330838203430176,0.2811899185180664,0.21455766260623932,0.17225466668605804
64,0.04164686637080234,0.027391051063719002,1.351136705149775,5.5488716379445776e-05,0.7438936000284941,0.0267503995542173,0.19127218127250672,0.4912721812725067,2,3222,0.6241441369056702,0.6936836838722229,0.006995691917836666,1,0.0001,4.492482423782349,0.08437421917915344,0.07239997386932373,0.16479000449180603,0.6241441369056702,0.08059347420930862,0.16085204482078552,0.20078818500041962,0.07954812049865723,0.4019697308540344,0.2978050708770752,0.5259070992469788,0.031702328473329544,0.2840415835380554,0.3862138092517853,0.10971137136220932,0.3455602824687958,0.28863510489463806,0.24073021113872528,0.46459275484085083,0.03063168004155159,0.2250358611345291,0.40857627987861633,0.10698828101158142,0.2840029001235962,0.19831740856170654,0.1646861582994461,0.3504446744918823,0.04557148367166519,0.15739744901657104,0.2816523611545563,0.21940967440605164,0.17047534883022308
65,0.0412623665255049,0.027031117483325626,1.3487877171972524,6.153684665585625e-05,0.7427561412686887,0.026431598522044995,0.18489272594451905,0.48489272594451904,2,3222,0.6095772981643677,0.6949295997619629,0.007168111857026815,1,0.0001,4.404892683029175,0.08380161225795746,0.07073486596345901,0.16628827154636383,0.6095772981643677,0.08180899918079376,0.16045908629894257,0.20040984451770782,0.08014053851366043,0.4020758867263794,0.29263630509376526,0.5150907039642334,0.03294248506426811,0.28070196509361267,0.38679444789886475,0.11105441302061081,0.34399887919425964,0.2894526422023773,0.23715811967849731,0.46111971139907837,0.03190816566348076,0.23080146312713623,0.41243448853492737,0.10633555799722672,0.2836281955242157,0.19998013973236084,0.16179127991199493,0.35378310084342957,0.04684487730264664,0.15997928380966187,0.28185221552848816,0.2182047963142395,0.16747768223285675
66,0.041496166554482086,0.02729090254591859,1.3464396414549455,5.428543195391641e-05,0.7403250725372977,0.026693410237630208,0.19128568172454835,0.49128568172454834,2,3222,0.6169894337654114,0.698668897151947,0.0057008517906069756,1,0.0001,4.4078168869018555,0.08401594310998917,0.06994058936834335,0.1639440953731537,0.6169894337654114,0.08086580783128738,0.1591937243938446,0.19474340975284576,0.0793488398194313,0.40195226669311523,0.2893427908420563,0.5304755568504333,0.030965715646743774,0.2803747355937958,0.384177029132843,0.11168836802244186,0.34564408659935,0.29153966903686523,0.23745164275169373,0.4685324728488922,0.029999244958162308,0.2266099750995636,0.4097887873649597,0.10657142847776413,0.28786784410476685,0.19697639346122742,0.162644624710083,0.3491452634334564,0.045062243938446045,0.1593339741230011,0.2804598808288574,0.21900758147239685,0.16899457573890686
67,0.04133431807808254,0.02715012171994085,1.3443438281183657,7.467610481873398e-05,0.7400110726771147,0.026229399504484954,0.1868173897266388,0.4868173897266388,2,3222,0.6147581934928894,0.6891528964042664,0.006790331099182367,1,0.0001,4.367266893386841,0.08331143110990524,0.07168689370155334,0.16548465192317963,0.6147581934928894,0.0801248848438263,0.16111867129802704,0.1992097645998001,0.08067955076694489,0.4063452482223511,0.2964073419570923,0.5191382765769958,0.034489959478378296,0.27440527081489563,0.3828507363796234,0.1105840876698494,0.35019877552986145,0.290679007768631,0.23926620185375214,0.46169358491897583,0.03294907510280609,0.2234428972005844,0.40965068340301514,0.10611201077699661,0.29088327288627625,0.1999102681875229,0.16494418680667877,0.3516794443130493,0.04641563445329666,0.15780898928642273,0.2815070152282715,0.2179720103740692,0.17102694511413574
68,0.041671529088331306,0.02750781818252543,1.3423759211664614,0.00010344299137258254,0.7389173274454863,0.027721535011574074,0.1926058351993561,0.4926058351993561,2,3222,0.6197785139083862,0.6784464716911316,0.004932228475809097,1,0.0001,4.457464218139648,0.08390683680772781,0.06916224956512451,0.1630438268184662,0.6197785139083862,0.08153937757015228,0.16011470556259155,0.1982100009918213,0.07900763303041458,0.4021082818508148,0.2882592976093292,0.5324147939682007,0.03171238303184509,0.28949832916259766,0.3701266348361969,0.1070183590054512,0.3438679277896881,0.29316210746765137,0.23064523935317993,0.4677261710166931,0.030381906777620316,0.23075874149799347,0.39928755164146423,0.10445260256528854,0.29115939140319824,0.19862014055252075,0.15918748080730438,0.3505038022994995,0.045501068234443665,0.16451191902160645,0.27757659554481506,0.21733693778514862,0.17109085619449615
69,0.04177327713240748,0.027632246198861496,1.3402824194534966,7.886996520581938e-05,0.7374188718588456,0.026618869075068722,0.18776483535766603,0.487764835357666,2,3222,0.6132318377494812,0.6797573566436768,0.005518588237464428,1,0.0001,4.41711688041687,0.08346670120954514,0.07022224366664886,0.16505363583564758,0.6132318377494812,0.08137038350105286,0.1587427407503128,0.1952122002840042,0.07978715747594833,0.39508384466171265,0.29804593324661255,0.5245154500007629,0.032120972871780396,0.287004679441452,0.37540170550346375,0.11283703148365021,0.3445553779602051,0.2902747690677643,0.24542997777462006,0.46344974637031555,0.030688578262925148,0.23378974199295044,0.404508501291275,0.10812336206436157,0.2873085141181946,0.19495455920696259,0.1654839813709259,0.34986233711242676,0.046073611825704575,0.16347339749336243,0.2782996594905853,0.21776263415813446,0.17065759003162384
70,0.04187104672841404,0.02775204870040002,1.3381207922230596,0.00011820009667249194,0.736608422320822,0.025928689179597078,0.18747920989990235,0.48747920989990234,2,3222,0.6157470941543579,0.6926584839820862,0.008982622995972633,1,0.0001,4.427094221115112,0.08456940203905106,0.07239054888486862,0.16509360074996948,0.6157470941543579,0.08062971383333206,0.1614726036787033,0.19884668290615082,0.08012426644563675,0.4081694781780243,0.2998834252357483,0.5210059881210327,0.034318890422582626,0.2656252086162567,0.38323625922203064,0.10959455370903015,0.34441304206848145,0.2970726191997528,0.24651245772838593,0.46237778663635254,0.03264634311199188,0.2189037799835205,0.408414751291275,0.10606784373521805,0.2788715064525604,0.19784221053123474,0.16224046051502228,0.3507859408855438,0.04653874784708023,0.15415680408477783,0.2820117473602295,0.2192961871623993,0.1697332262992859
71,0.04123487453097883,0.027141528770975445,1.335699350937553,8.535514042824101e-05,0.735498441302258,0.02692005298755787,0.18998236656188966,0.48998236656188965,2,3222,0.6141663789749146,0.6862818598747253,0.005021146032959223,1,0.0001,4.386899709701538,0.08336703479290009,0.06894364953041077,0.1638045608997345,0.6141663789749146,0.08023235946893692,0.16038182377815247,0.20080877840518951,0.07857200503349304,0.4014195501804352,0.28567060828208923,0.5279889702796936,0.03165051341056824,0.2817862927913666,0.376630961894989,0.10305822640657425,0.3410585820674896,0.29089683294296265,0.23191432654857635,0.4664444029331207,0.030519453808665276,0.22420953214168549,0.4041594862937927,0.10202492773532867,0.28820157051086426,0.19711431860923767,0.16143503785133362,0.35132962465286255,0.04584255814552307,0.16223882138729095,0.27935367822647095,0.22136139869689941,0.17038963735103607
72,0.04116313289041105,0.0270939152687788,1.333400265030239,8.556441326104307e-05,0.7343596867893053,0.02666520012749566,0.1901067614555359,0.4901067614555359,2,3222,0.6222115755081177,0.6952826380729675,0.00779340136796236,1,0.0001,4.34912371635437,0.08356788009405136,0.07021915167570114,0.16510029137134552,0.6222115755081177,0.07897499948740005,0.16302898526191711,0.2008175551891327,0.07999801635742188,0.41048184037208557,0.2756083905696869,0.5214930772781372,0.03164995089173317,0.25315171480178833,0.3820206820964813,0.09927312284708023,0.3386387526988983,0.2955605387687683,0.22587662935256958,0.46353667974472046,0.030422518029808998,0.20641452074050903,0.4078199863433838,0.09828833490610123,0.2804650068283081,0.2006385624408722,0.15573713183403015,0.35318562388420105,0.04512450471520424,0.14974959194660187,0.2829046845436096,0.21976065635681152,0.16615305840969086
73,0.0411052036544551,0.0270615263801554,1.3310133115105007,6.214861597349544e-05,0.7329230904579163,0.0266535398695204,0.18448356986045839,0.4844835698604584,2,3222,0.6096563935279846,0.6915266513824463,0.009386656805872917,1,0.0001,4.370174884796143,0.08435419201850891,0.07103022187948227,0.1655479222536087,0.6096563935279846,0.0795295462012291,0.16153469681739807,0.19720856845378876,0.0801934003829956,0.3996860682964325,0.2950000762939453,0.5154992938041687,0.03366447612643242,0.25345945358276367,0.37990909814834595,0.1096978411078453,0.33657822012901306,0.29410701990127563,0.24793186783790588,0.46091392636299133,0.032092705368995667,0.21015039086341858,0.40600675344467163,0.1054825484752655,0.2752692997455597,0.19531801342964172,0.15982495248317719,0.3518647253513336,0.04644646495580673,0.14769519865512848,0.28218984603881836,0.21961645781993866,0.16634885966777802
74,0.04111472047541453,0.02709255594274272,1.3289547122043113,0.0001007891090842389,0.7316101219343103,0.026462005615234374,0.19084174633026124,0.49084174633026123,2,3222,0.6166185736656189,0.6938351988792419,0.00667929369956255,1,0.0001,4.436015367507935,0.08232571929693222,0.06936435401439667,0.16392844915390015,0.6166185736656189,0.08224079757928848,0.16101311147212982,0.19942094385623932,0.07927771657705307,0.3979220986366272,0.2841494679450989,0.5287156701087952,0.031826961785554886,0.2758084833621979,0.38002392649650574,0.10203386098146439,0.34171509742736816,0.28567928075790405,0.22989927232265472,0.46693965792655945,0.030621280893683434,0.22325344383716583,0.4066598117351532,0.1021818220615387,0.2906002998352051,0.19676993787288666,0.1586618423461914,0.3510931134223938,0.04558508098125458,0.15997838973999023,0.2808566987514496,0.22396184504032135,0.16843362152576447
75,0.041147221041762314,0.027147108122058537,1.3268509895905205,0.00011558611969002928,0.7304474711418152,0.02588089074028863,0.18523929715156556,0.48523929715156555,2,3222,0.6105937957763672,0.6945580244064331,0.006526864133775234,1,0.0001,4.398976564407349,0.08398742973804474,0.07036604732275009,0.1664150208234787,0.6105937957763672,0.0814371258020401,0.15985336899757385,0.19887712597846985,0.08020732551813126,0.3982708156108856,0.294281542301178,0.517778754234314,0.03191261366009712,0.278586208820343,0.3846912384033203,0.10439663380384445,0.3454594016075134,0.29457855224609375,0.247457817196846,0.46113166213035583,0.030989576131105423,0.23103396594524384,0.4108583629131317,0.102419413626194,0.2863723039627075,0.19393950700759888,0.16482551395893097,0.3514529764652252,0.045981984585523605,0.15966267883777618,0.2806570529937744,0.2214386761188507,0.16951650381088257
76,0.04081543794144755,0.0268376637250185,1.3247433434361997,6.833239698924287e-05,0.7296581086905106,0.02604893324110243,0.19070173501968385,0.49070173501968384,2,3222,0.615719735622406,0.6870446801185608,0.007871435023844242,1,0.0001,4.387357711791992,0.08450858294963837,0.06966542452573776,0.1646111160516739,0.615719735622406,0.0804167166352272,0.1600184440612793,0.19906684756278992,0.07929986715316772,0.4125899374485016,0.2805784344673157,0.5283190011978149,0.0324123315513134,0.2683534026145935,0.37608903646469116,0.10089576244354248,0.33636876940727234,0.30145877599716187,0.22788091003894806,0.46716269850730896,0.03094482235610485,0.21648837625980377,0.40413975715637207,0.10089191794395447,0.2819325029850006,0.19901099801063538,0.15453781187534332,0.35160550475120544,0.04536104574799538,0.15483707189559937,0.2787765860557556,0.2205454707145691,0.16725793480873108
77,0.0407268239752106,0.02677488845327626,1.322383154993472,6.082834838509924e-05,0.7274963596592778,0.027071524726019966,0.18682510852813722,0.4868251085281372,2,3222,0.6070271730422974,0.6871790885925293,0.008967608213424683,1,0.0001,4.372607946395874,0.08473960310220718,0.07055909186601639,0.16562248766422272,0.6070271730422974,0.07880811393260956,0.16002029180526733,0.19964599609375,0.07974670082330704,0.4034332036972046,0.2861751914024353,0.5231744647026062,0.03424395993351936,0.26022765040397644,0.3759123384952545,0.10512378066778183,0.33725225925445557,0.29644379019737244,0.23822814226150513,0.464947909116745,0.03285220265388489,0.2141958624124527,0.40457773208618164,0.10307488590478897,0.2766730785369873,0.19624164700508118,0.15653367340564728,0.35215094685554504,0.04654257744550705,0.15284813940525055,0.2774578630924225,0.21882258355617523,0.16664287447929382
78,0.04062381451544554,0.026697921769126602,1.3198562601338262,9.377220450677787e-05,0.7263928962790448,0.026799916020146124,0.18652228713035585,0.48652228713035583,2,3222,0.6081946492195129,0.6867585778236389,0.00516138831153512,1,0.0001,4.429168462753296,0.08346661925315857,0.0683574452996254,0.16550417244434357,0.6081946492195129,0.08210678398609161,0.16153696179389954,0.19916990399360657,0.07946078479290009,0.4002978503704071,0.27520427107810974,0.5224953889846802,0.03223934769630432,0.2852693200111389,0.3793391287326813,0.1033620536327362,0.3379717767238617,0.2900548577308655,0.22461818158626556,0.4626275599002838,0.031181085854768753,0.22709931433200836,0.4069146513938904,0.10157673805952072,0.28446418046951294,0.1995915025472641,0.15578942000865936,0.3527715504169464,0.04601868614554405,0.16398459672927856,0.2797277569770813,0.21651631593704224,0.1693953424692154
79,0.041271718623845474,0.0273642727052388,1.3181174475213755,8.404411346418783e-05,0.7254314889078555,0.026911424707483363,0.18670175671577455,0.48670175671577454,2,3222,0.6062948107719421,0.6899257898330688,0.006375267636030912,1,0.0001,4.394258975982666,0.08316753059625626,0.07051888108253479,0.16470372676849365,0.6062948107719421,0.08136793226003647,0.16016656160354614,0.20035725831985474,0.08088584989309311,0.3942198157310486,0.2931889593601227,0.5251342058181763,0.03233930096030235,0.28295910358428955,0.38391801714897156,0.09744223207235336,0.35180121660232544,0.2832796275615692,0.23492591083049774,0.46390292048454285,0.03133166581392288,0.22787876427173615,0.40950772166252136,0.09789920598268509,0.29474741220474243,0.19527894258499146,0.16023992002010345,0.35147514939308167,0.045933742076158524,0.1603853553533554,0.27868950366973877,0.22006496787071228,0.17154578864574432
80,0.040917385207570114,0.027033029933986458,1.3159000458924666,8.618411084171385e-05,0.7244935761327329,0.026166838186758537,0.18787379264831544,0.48787379264831543,2,3222,0.6148316860198975,0.7021454572677612,0.0057016657665371895,1,0.0001,4.431559085845947,0.08247607201337814,0.06956280022859573,0.1648048758506775,0.6148316860198975,0.08232706785202026,0.16072291135787964,0.19986814260482788,0.07966799288988113,0.39630427956581116,0.2830618917942047,0.5229032039642334,0.03216303512454033,0.27427351474761963,0.39008936285972595,0.10188982635736465,0.33761194348335266,0.2856513261795044,0.22780954837799072,0.46283799409866333,0.030975574627518654,0.2250586450099945,0.4144127070903778,0.10074260830879211,0.2833471894264221,0.19608120620250702,0.1573774814605713,0.3509223759174347,0.045551497489213943,0.16092677414417267,0.2833745777606964,0.22329598665237427,0.16861672699451447
81,0.04035560835314834,0.02649580938336642,1.3134864827860957,0.0001413454315890862,0.723520955313807,0.026476192615650318,0.1902085065841675,0.4902085065841675,2,3222,0.6140924096107483,0.695895254611969,0.008675135672092438,1,0.0001,4.476461410522461,0.08397530764341354,0.06884298473596573,0.1649169623851776,0.6140924096107483,0.08145076036453247,0.16133169829845428,0.20169606804847717,0.07964528352022171,0.40680527687072754,0.2629147469997406,0.5257070660591125,0.03130607679486275,0.25719231367111206,0.38068079948425293,0.09192460775375366,0.32193270325660706,0.2968231439590454,0.21068744361400604,0.46694281697273254,0.030301876366138458,0.21244235336780548,0.40820661187171936,0.09321693331003189,0.26737409830093384,0.19958586990833282,0.1462169587612152,0.3540917634963989,0.04534978047013283,0.15140196681022644,0.28000807762145996,0.22050578892230988,0.1604221612215042
82,0.040668904619372406,0.02683292329311371,1.311292000438856,0.00012962446065933403,0.7217649195505225,0.02767187867341218,0.18589622974395753,0.4858962297439575,2,3222,0.6068463921546936,0.6971037983894348,0.00577066745609045,1,0.0001,4.398400545120239,0.08156054466962814,0.06886599957942963,0.16594253480434418,0.6068463921546936,0.08272597938776016,0.16300666332244873,0.2000415176153183,0.08010810613632202,0.39581406116485596,0.26770851016044617,0.5195918679237366,0.032699257135391235,0.277126282453537,0.3825327455997467,0.09563244879245758,0.3414095640182495,0.2889390289783478,0.21973414719104767,0.46225494146347046,0.031477127224206924,0.21733297407627106,0.40914788842201233,0.09505914151668549,0.28474631905555725,0.19981062412261963,0.15379483997821808,0.354891836643219,0.046479519456624985,0.15817469358444214,0.2821252644062042,0.21777430176734924,0.1671265810728073
83,0.04030849331099054,0.02649723301115243,1.3089070371959521,0.0001055138166955895,0.7211352768151656,0.02697973661069517,0.19161005020141603,0.491610050201416,2,3222,0.6181883215904236,0.6955046653747559,0.0076029254123568535,1,0.0001,4.385815143585205,0.08404212445020676,0.0684695839881897,0.16431041061878204,0.6181883215904236,0.07991205900907516,0.16301795840263367,0.20109473168849945,0.07991177588701248,0.4034574329853058,0.2623083293437958,0.5273259878158569,0.030505774542689323,0.24940471351146698,0.3779977560043335,0.09271259605884552,0.3275020122528076,0.29358381032943726,0.2118096947669983,0.4673645794391632,0.029554076492786407,0.200002521276474,0.4064350724220276,0.09361536055803299,0.27565300464630127,0.20187367498874664,0.1474476456642151,0.3535614609718323,0.0448836013674736,0.14953625202178955,0.2817454934120178,0.2196122407913208,0.1640661656856537
84,0.04043305373710135,0.02664564784778201,1.3067155143489009,8.080521413079543e-05,0.7194426578024159,0.026465283429181134,0.18633465170860292,0.4863346517086029,2,3222,0.6081249713897705,0.7045291662216187,0.008656638674438,1,0.0001,4.406992673873901,0.08240523934364319,0.07239610701799393,0.1654396802186966,0.6081249713897705,0.08036559820175171,0.1618393212556839,0.199179008603096,0.07965835928916931,0.3919239044189453,0.28993818163871765,0.5222223997116089,0.03185171261429787,0.26046621799468994,0.3861403167247772,0.10036244988441467,0.3344535231590271,0.28941696882247925,0.2466897964477539,0.4636043608188629,0.030700862407684326,0.21622636914253235,0.41170546412467957,0.09942524135112762,0.2748180031776428,0.19642134010791779,0.15631024539470673,0.3513868749141693,0.04570169374346733,0.15239153802394867,0.28156113624572754,0.2182401716709137,0.16621270775794983
85,0.04036851097708163,0.026601906217958615,1.3046948339628137,0.00011200529368816997,0.7185359027074731,0.026589545921043112,0.18971554636955262,0.4897155463695526,2,3222,0.6112059354782104,0.6988407373428345,0.007136688567698002,1,0.0001,4.371029615402222,0.08221305161714554,0.06920462101697922,0.16437503695487976,0.6112059354782104,0.08145149052143097,0.16086676716804504,0.19939731061458588,0.0784551352262497,0.3969666063785553,0.27148687839508057,0.5278053879737854,0.03217579424381256,0.26875877380371094,0.3893657624721527,0.09505774825811386,0.3295168876647949,0.2886483371257782,0.21660363674163818,0.4676266014575958,0.031090019270777702,0.21831117570400238,0.4128916561603546,0.09512843936681747,0.2759404182434082,0.19880248606204987,0.14996300637722015,0.3522242605686188,0.04593176022171974,0.15601886808872223,0.2798546254634857,0.2152336835861206,0.1645009070634842
86,0.04058703666795855,0.02684590544389642,1.3023094975430032,5.7718432483101346e-05,0.7174594402313232,0.02854290771484375,0.19337130784988404,0.49337130784988403,2,3222,0.6204680800437927,0.6892043948173523,0.005989827215671539,1,0.0001,4.3888068199157715,0.08228504657745361,0.07037897408008575,0.16289113461971283,0.6204680800437927,0.08070269972085953,0.1613401621580124,0.20011970400810242,0.07932064682245255,0.39222899079322815,0.2801682949066162,0.5332289934158325,0.031396377831697464,0.26493021845817566,0.3800267279148102,0.09232937544584274,0.3198530673980713,0.28868505358695984,0.215384840965271,0.4683077931404114,0.030194314196705818,0.21327446401119232,0.40622183680534363,0.09403542429208755,0.27380943298339844,0.1961100697517395,0.15193913877010345,0.35148054361343384,0.04534853622317314,0.15563009679317474,0.2802463471889496,0.2189539223909378,0.16444158554077148
87,0.040170448791721595,0.02645311536996261,1.2999426489290984,0.00010255158311970855,0.7168814850890118,0.02605850897894965,0.18568475246429444,0.48568475246429443,2,3222,0.606094479560852,0.6976472735404968,0.006749317049980164,1,0.0001,4.481662034988403,0.08051944524049759,0.07052031904459,0.16494984924793243,0.606094479560852,0.07973749935626984,0.1616743803024292,0.19887565076351166,0.08131537586450577,0.3905071020126343,0.2912721037864685,0.5207136869430542,0.030896319076418877,0.2594086229801178,0.3826385736465454,0.09665871411561966,0.34453529119491577,0.28247538208961487,0.23597115278244019,0.4633241891860962,0.03014739789068699,0.21428710222244263,0.41026708483695984,0.09629925340414047,0.29167115688323975,0.1946740746498108,0.1565237045288086,0.3526066839694977,0.04537121206521988,0.1538967341184616,0.28141868114471436,0.21890157461166382,0.1695902794599533
88,0.039950561912163444,0.026259090265502102,1.297570783159007,6.14267871993513e-05,0.715149153833804,0.025904428835268375,0.1873810112476349,0.4873810112476349,2,3222,0.6048387885093689,0.698040246963501,0.008096951059997082,1,0.0001,4.4016125202178955,0.0832265242934227,0.07114614546298981,0.16445034742355347,0.6048387885093689,0.07949605584144592,0.16110830008983612,0.19848771393299103,0.08036378771066666,0.39993950724601746,0.29011180996894836,0.5267214775085449,0.03365665301680565,0.26512545347213745,0.3813440203666687,0.09569695591926575,0.33722835779190063,0.2924058735370636,0.23240835964679718,0.46594899892807007,0.03219917416572571,0.21539418399333954,0.40795502066612244,0.09672317653894424,0.28182312846183777,0.19474424421787262,0.1532127410173416,0.3520146310329437,0.046369343996047974,0.1516023427248001,0.2812381386756897,0.21871230006217957,0.16748552024364471
89,0.039797065212674766,0.026131148409584293,1.295194817625958,5.3758073709500224e-05,0.7134323042371998,0.026811201024938513,0.1859783947467804,0.4859783947467804,2,3222,0.6076197624206543,0.6871389150619507,0.007440540473908186,1,0.0001,4.430100679397583,0.08201735466718674,0.07035727053880692,0.16658209264278412,0.6076197624206543,0.08026546239852905,0.16132418811321259,0.19767993688583374,0.0801628977060318,0.3809838593006134,0.28654706478118896,0.5206152200698853,0.03153744712471962,0.250064879655838,0.37285616993904114,0.09442852437496185,0.34259772300720215,0.2829630970954895,0.23395484685897827,0.46161919832229614,0.03034033067524433,0.21019546687602997,0.40240010619163513,0.09484050422906876,0.28402915596961975,0.19210433959960938,0.1534792184829712,0.3540593683719635,0.04566841945052147,0.14894148707389832,0.27808550000190735,0.21604637801647186,0.16870395839214325
90,0.040069618626781135,0.02642162937832915,1.2934329302414604,9.742312028285359e-05,0.7126857197802999,0.02625169485586661,0.19012440443038942,0.4901244044303894,2,3222,0.6134354472160339,0.6967350840568542,0.01141130831092596,0,0.0001,4.488499641418457,0.08374384790658951,0.07026020437479019,0.16417476534843445,0.6134354472160339,0.0780542865395546,0.1600397676229477,0.20007507503032684,0.08014149218797684,0.4089837074279785,0.26126864552497864,0.5275686383247375,0.03237542510032654,0.2310960739850998,0.3859069347381592,0.0937633067369461,0.3214927017688751,0.2965467572212219,0.21513915061950684,0.46721458435058594,0.031143056228756905,0.1946696639060974,0.4105684757232666,0.09406838566064835,0.26637935638427734,0.19947613775730133,0.14431144297122955,0.3522789776325226,0.04584026336669922,0.14060431718826294,0.27875784039497375,0.21779605746269226,0.16184797883033752
91,0.03981378301978111,0.026191979808651882,1.290994053301604,9.953223612367013e-05,0.7108680942784185,0.02645875831886574,0.1907282590866089,0.4907282590866089,2,3222,0.6106916666030884,0.6974422335624695,0.007390676997601986,1,0.0001,4.452460050582886,0.08314565569162369,0.0686899796128273,0.16376307606697083,0.6106916666030884,0.07987353205680847,0.16093729436397552,0.1994858980178833,0.07959520816802979,0.4010471701622009,0.26797446608543396,0.5317546725273132,0.03234509751200676,0.24974052608013153,0.3838133215904236,0.09256294369697571,0.3316470980644226,0.2941673994064331,0.2133224606513977,0.4682168662548065,0.030971869826316833,0.20181062817573547,0.4083468019962311,0.09383612126111984,0.27741101384162903,0.1966857761144638,0.1470930278301239,0.3522498607635498,0.04527854546904564,0.14819447696208954,0.2803618013858795,0.22034309804439545,0.16702015697956085
92,0.03959024746132934,0.025990574742140976,1.2888684117275735,6.497474627711041e-05,0.7103391315626062,0.028394920066550925,0.18967060446739198,0.48967060446739197,2,3222,0.6082125306129456,0.6952934265136719,0.006431138142943382,1,0.0001,4.32323431968689,0.08204665035009384,0.06917166709899902,0.1639762818813324,0.6082125306129456,0.08085079491138458,0.162397563457489,0.20158573985099792,0.0810207948088646,0.3979039192199707,0.267697811126709,0.5291236042976379,0.029218170791864395,0.2615121006965637,0.3829042315483093,0.0907299667596817,0.3364464044570923,0.2924526333808899,0.21033978462219238,0.4678347706794739,0.028643982484936714,0.20901601016521454,0.40934988856315613,0.09129992872476578,0.2852809429168701,0.19890852272510529,0.1498429775238037,0.3535114824771881,0.04483724385499954,0.15501797199249268,0.2802535593509674,0.21681492030620575,0.1670408695936203
93,0.039520134744436844,0.025946581493253292,1.2864710351695186,4.830109585031017e-05,0.7083600085714589,0.027198950590910737,0.19187153577804567,0.49187153577804565,2,3222,0.620854914188385,0.7019657492637634,0.007032129447907209,1,0.0001,4.315773010253906,0.08141123503446579,0.06731792539358139,0.16421695053577423,0.620854914188385,0.07843895256519318,0.16254258155822754,0.20042884349822998,0.08125820755958557,0.3991847634315491,0.25326091051101685,0.5259314775466919,0.03162355720996857,0.2429986596107483,0.3857662081718445,0.08669649064540863,0.33397793769836426,0.2905735373497009,0.20379638671875,0.4664079546928406,0.030424105003476143,0.19547002017498016,0.4121932089328766,0.08911144733428955,0.2834354341030121,0.1998569369316101,0.14425648748874664,0.3542916774749756,0.0451800674200058,0.14681856334209442,0.28185105323791504,0.2200029194355011,0.16632486879825592
94,0.03962348207183506,0.026068814260804134,1.2846835126047549,9.783053104436713e-05,0.7068545896074047,0.025843416002061633,0.18498111963272096,0.48498111963272095,2,3222,0.6022087931632996,0.6886664032936096,0.006594197824597359,1,0.0001,4.314407110214233,0.0810592770576477,0.06858492642641068,0.16575117409229279,0.6022087931632996,0.07955913990736008,0.1608130782842636,0.20138771831989288,0.08054251968860626,0.39432504773139954,0.2785258889198303,0.5224438905715942,0.03321697562932968,0.2524768114089966,0.3798352777957916,0.08945704996585846,0.34055399894714355,0.2842930853366852,0.2260659784078598,0.46220070123672485,0.03189244121313095,0.20843859016895294,0.406532883644104,0.09135105460882187,0.2834256589412689,0.19570878148078918,0.1517142355442047,0.3530711829662323,0.04629175364971161,0.15052206814289093,0.27912241220474243,0.22133535146713257,0.1690630465745926
95,0.039171515761510185,0.025644027668496838,1.2820674595625505,7.199997502460104e-05,0.7060935082642928,0.025966388843677662,0.18530489206314088,0.48530489206314087,2,3222,0.6031328439712524,0.6988839507102966,0.007554137147963047,1,0.0001,4.307432174682617,0.0825321301817894,0.06804591417312622,0.1656941920518875,0.6031328439712524,0.07913997024297714,0.16198067367076874,0.1999264359474182,0.08154700696468353,0.40151700377464294,0.266107439994812,0.5205264091491699,0.03247983753681183,0.24532009661197662,0.38389620184898376,0.09366485476493835,0.34370699524879456,0.28964927792549133,0.22040067613124847,0.46266084909439087,0.03144340217113495,0.2021694928407669,0.4100590944290161,0.09433013945817947,0.2861613631248474,0.19853539764881134,0.1475081890821457,0.35489943623542786,0.045838963240385056,0.14658859372138977,0.28104913234710693,0.21860505640506744,0.16981597244739532
96,0.03959141979398935,0.026089323441619457,1.279646873474121,4.4669543611867674e-05,0.7051812177119048,0.025877888714825666,0.18610106110572816,0.48610106110572815,2,3222,0.6016978025436401,0.7007055282592773,0.007686706259846687,1,0.0001,4.338445425033569,0.08414974063634872,0.06856609135866165,0.16428425908088684,0.6016978025436401,0.07877903431653976,0.16062095761299133,0.1979057490825653,0.07936780154705048,0.40944844484329224,0.26229551434516907,0.5268044471740723,0.03213966637849808,0.2529405653476715,0.38791248202323914,0.09395111352205276,0.32550203800201416,0.2992132902145386,0.2140604704618454,0.46558061242103577,0.03104095533490181,0.20700840651988983,0.4124515652656555,0.09520738571882248,0.273617684841156,0.19841669499874115,0.14411404728889465,0.3503214418888092,0.04563898220658302,0.14922286570072174,0.28140249848365784,0.21881742775440216,0.1640520542860031
97,0.03918517526725064,0.025703806430101395,1.2776613805605017,5.21801756922682e-05,0.7042336982229481,0.02584601338704427,0.19019578099250795,0.49019578099250793,2,3222,0.6149935126304626,0.697765588760376,0.007306723389774561,1,0.0001,4.313488483428955,0.08274685591459274,0.0673111155629158,0.16456225514411926,0.6149935126304626,0.07716179639101028,0.16131074726581573,0.19727402925491333,0.07900897413492203,0.40237319469451904,0.25988417863845825,0.5274165868759155,0.03165155276656151,0.23697932064533234,0.3826483190059662,0.09029481559991837,0.3282153308391571,0.29416853189468384,0.21269682049751282,0.4668251574039459,0.030622558668255806,0.19463887810707092,0.40944045782089233,0.09182476252317429,0.27197620272636414,0.1955895721912384,0.14426788687705994,0.3515479266643524,0.045087166130542755,0.14444930851459503,0.27990803122520447,0.21644043922424316,0.163773775100708
98,0.039241404637046486,0.02578503176893877,1.275203658186871,8.216337743721417e-05,0.7035144722980001,0.026423319498697917,0.1870632290840149,0.4870632290840149,2,3222,0.6085352897644043,0.6961697340011597,0.0094872135668993,1,0.0001,4.306110858917236,0.08325857669115067,0.06707178801298141,0.16452725231647491,0.6085352897644043,0.07919955998659134,0.16205021739006042,0.1984582543373108,0.07870983332395554,0.4037218689918518,0.23760531842708588,0.5211164355278015,0.03191346302628517,0.23559418320655823,0.38414812088012695,0.08640391379594803,0.31760942935943604,0.29361459612846375,0.1985316425561905,0.46368539333343506,0.031142106279730797,0.1967620551586151,0.4113842844963074,0.08838341385126114,0.26844480633735657,0.20076461136341095,0.1385045051574707,0.3549157977104187,0.04579753056168556,0.1438654512166977,0.28128525614738464,0.21758213639259338,0.16057263314723969
99,0.039515186911043915,0.026081089902183285,1.273086869198343,0.00011419572167695783,0.7020864849505217,0.02591686785662616,0.18817843198776246,0.48817843198776245,2,3222,0.6063669323921204,0.6930822134017944,0.006074691656976938,1,0.0001,4.2967894077301025,0.08231460303068161,0.06759296357631683,0.16495318710803986,0.6063669323921204,0.0791909471154213,0.16036051511764526,0.19864434003829956,0.0781569555401802,0.3981287181377411,0.2648375928401947,0.527790367603302,0.029795311391353607,0.25386741757392883,0.3806220293045044,0.08656082302331924,0.32352715730667114,0.2910158038139343,0.21351729333400726,0.4658810496330261,0.029102321714162827,0.20454441010951996,0.4079715311527252,0.08965151757001877,0.27185723185539246,0.19554530084133148,0.1475292593240738,0.3526754379272461,0.044738609343767166,0.15102584660053253,0.27897393703460693,0.2202918827533722,0.1621229499578476
100,0.03901995119193326,0.02561113011577855,1.2706590424413267,0.00011443398350662471,0.7010869124661321,0.026503164785879628,0.19184620380401612,0.4918462038040161,2,3222,0.6158355474472046,0.6997926831245422,0.008833280764520168,1,1e-05,4.289546966552734,0.08395133167505264,0.06471877545118332,0.16450798511505127,0.6158355474472046,0.07907633483409882,0.16322685778141022,0.19796259701251984,0.07960242033004761,0.40147864818573,0.2374398112297058,0.5291544198989868,0.02804168500006199,0.2319643795490265,0.37816235423088074,0.0810161828994751,0.3168545663356781,0.2986893653869629,0.19715988636016846,0.4678659439086914,0.02744794823229313,0.19187520444393158,0.4066462814807892,0.08480486273765564,0.26613885164260864,0.1963333934545517,0.13901546597480774,0.35452887415885925,0.04361717402935028,0.14326472580432892,0.2817017734050751,0.2192685306072235,0.15764746069908142
101,0.03909989689355311,0.025708823910225994,1.2689890187719595,5.9402776178498954e-05,0.7005883481191553,0.026324261135525173,0.18940134048461915,0.48940134048461914,2,3222,0.6090141534805298,0.7005353569984436,0.006275385618209839,1,1e-05,4.311427116394043,0.08185901492834091,0.06762690842151642,0.16461063921451569,0.6090141534805298,0.08013958483934402,0.160733163356781,0.19952641427516937,0.08120882511138916,0.3944173753261566,0.2678203582763672,0.5288375020027161,0.02983119897544384,0.24812214076519012,0.38576561212539673,0.08661921322345734,0.3446577191352844,0.28809404373168945,0.21547895669937134,0.4669005870819092,0.028985196724534035,0.2015240490436554,0.4112567603588104,0.08905098587274551,0.2879968285560608,0.19363942742347717,0.14735352993011475,0.35285302996635437,0.04480765387415886,0.1486278474330902,0.28018948435783386,0.21902455389499664,0.16757313907146454
102,0.038296476492415306,0.024918693077305088,1.2677246280338452,4.2149887240552545e-05,0.700115530387215,0.026588623612015336,0.18606055974960328,0.48606055974960327,2,3222,0.6098209619522095,0.7033296823501587,0.007211470510810614,1,1e-05,4.3004913330078125,0.0808705985546112,0.06635543704032898,0.16571728885173798,0.6098209619522095,0.07840201258659363,0.16363626718521118,0.1987750232219696,0.08018458634614944,0.3899681270122528,0.26339825987815857,0.5181913375854492,0.03065834380686283,0.23454220592975616,0.38397538661956787,0.08692944049835205,0.3323022425174713,0.28241750597953796,0.2163221538066864,0.46289679408073425,0.029673991724848747,0.19596606492996216,0.4104158580303192,0.08877373486757278,0.2769849896430969,0.1945504993200302,0.14608952403068542,0.35333311557769775,0.04504362866282463,0.144571453332901,0.2830028831958771,0.218244269490242,0.16430868208408356
103,0.03842611432723377,0.025054188364225884,1.2671137581700864,3.9343593569988706e-05,0.7003947392753933,0.025982008757414642,0.18859620094299318,0.48859620094299316,2,3222,0.6040846109390259,0.6907613277435303,0.00746407313272357,1,1e-05,4.321366310119629,0.08365942537784576,0.06750129908323288,0.1633738875389099,0.6040846109390259,0.07893446087837219,0.15807603299617767,0.196503147482872,0.07890338450670242,0.39878731966018677,0.26180148124694824,0.5337000489234924,0.03073706291615963,0.23737505078315735,0.38491377234458923,0.08945661783218384,0.32601624727249146,0.2960835099220276,0.21379360556602478,0.46836379170417786,0.02990727126598358,0.19687815010547638,0.4103858768939972,0.09139692783355713,0.2708646059036255,0.19513945281505585,0.14501726627349854,0.3482363224029541,0.0450081042945385,0.1457526683807373,0.27696824073791504,0.21684621274471283,0.16298456490039825
104,0.038409573714370315,0.025042309223309807,1.2666991223459658,4.480852405085107e-05,0.6998249240543531,0.026029526321976273,0.18620328307151796,0.48620328307151794,2,3222,0.6039016842842102,0.6991044282913208,0.007961204275488853,1,1e-05,4.2902069091796875,0.08143145591020584,0.06707607954740524,0.16480909287929535,0.6039016842842102,0.07854294776916504,0.1617044061422348,0.19873839616775513,0.08059544861316681,0.3867914378643036,0.26240596175193787,0.5236499309539795,0.03130332753062248,0.239441379904747,0.3824244737625122,0.08800459653139114,0.3383040428161621,0.2829340994358063,0.21717068552970886,0.4648522138595581,0.030411483719944954,0.1976192146539688,0.4099271893501282,0.08991388976573944,0.2832607328891754,0.19490331411361694,0.14487841725349426,0.35240936279296875,0.045248039066791534,0.14635764062404633,0.28007251024246216,0.21776558458805084,0.16684123873710632
105,0.0382999231957871,0.024935948136060135,1.2663969889931057,4.1188249546710566e-05,0.6995937357778135,0.02673349338107639,0.18964840173721315,0.48964840173721313,2,3222,0.6100256443023682,0.6967197060585022,0.006596072111278772,1,1e-05,4.438717603683472,0.0815400704741478,0.06677873432636261,0.1637488752603531,0.6100256443023682,0.08071911334991455,0.16322366893291473,0.19731661677360535,0.0806015208363533,0.3941509425640106,0.2600327134132385,0.5291514992713928,0.03065883181989193,0.2531086504459381,0.3809710144996643,0.08678143471479416,0.33433133363723755,0.2865459620952606,0.20881690084934235,0.466718852519989,0.029554199427366257,0.20421715080738068,0.4074717164039612,0.08931111544370651,0.2832006812095642,0.1956413984298706,0.1460648775100708,0.3526976406574249,0.045145805925130844,0.1504921168088913,0.2819386422634125,0.21881213784217834,0.16500188410282135
106,0.03856062694736149,0.025201185241989468,1.2660136481989985,3.932873052848584e-05,0.6989127345707106,0.026762218616626882,0.18501163721084596,0.48501163721084595,2,3222,0.6047200560569763,0.7024344801902771,0.007848178036510944,1,1e-05,4.32547402381897,0.08383344858884811,0.06777183711528778,0.16494618356227875,0.6047200560569763,0.07869382202625275,0.16038738191127777,0.19759179651737213,0.07998476922512054,0.39732059836387634,0.2639692425727844,0.5210960507392883,0.03170458599925041,0.23458251357078552,0.38943973183631897,0.08877590298652649,0.328204482793808,0.29087182879447937,0.21862314641475677,0.46282777190208435,0.030786175280809402,0.19862529635429382,0.41375142335891724,0.09009169787168503,0.27548545598983765,0.19535502791404724,0.14462651312351227,0.35140261054039,0.0454719178378582,0.14535699784755707,0.28173133730888367,0.21838341653347015,0.16242823004722595
107,0.03848456688549207,0.025128146714490394,1.2656585029933765,3.850065917029734e-05,0.6994505213654559,0.026203587849934897,0.19028754234313966,0.49028754234313965,2,3222,0.6124178171157837,0.6914831399917603,0.007028915453702211,1,1e-05,4.334868907928467,0.08137483149766922,0.06627312302589417,0.16402998566627502,0.6124178171157837,0.07858994603157043,0.1617036759853363,0.19779181480407715,0.07911866903305054,0.3904845714569092,0.25797346234321594,0.5306868553161621,0.029059123247861862,0.2436538189649582,0.37909960746765137,0.08704023063182831,0.3310343623161316,0.2839769124984741,0.2096405029296875,0.46664005517959595,0.028253760188817978,0.20021946728229523,0.40582266449928284,0.08981256932020187,0.27619481086730957,0.19441846013069153,0.14411446452140808,0.35140538215637207,0.044253598898649216,0.14704549312591553,0.2789642810821533,0.21732714772224426,0.1628955453634262
108,0.03834371916625811,0.024990463548380394,1.2653597230496614,3.843186546557421e-05,0.699274454427802,0.028110257184063948,0.1914079010486603,0.4914079010486603,2,3222,0.6129633784294128,0.6858653426170349,0.006763930898159742,1,1e-05,4.377468824386597,0.08199130743741989,0.0673922598361969,0.16288085281848907,0.6129633784294128,0.07894206047058105,0.1615067422389984,0.19622795283794403,0.07897903770208359,0.39505907893180847,0.25606080889701843,0.5341679453849792,0.028955740854144096,0.2476232945919037,0.37631943821907043,0.08629023283720016,0.32724979519844055,0.2908242344856262,0.2049744725227356,0.4683213233947754,0.028102748095989227,0.19758720695972443,0.40386155247688293,0.0892137959599495,0.2784939706325531,0.19607073068618774,0.14379645884037018,0.35017895698547363,0.04428797587752342,0.14917074143886566,0.2786703109741211,0.21759170293807983,0.16455811262130737
109,0.03829572819497274,0.02494606861601705,1.2650321566540261,3.938233108467261e-05,0.698944135852482,0.02803434866446036,0.18579442501068116,0.48579442501068115,2,3222,0.6054277420043945,0.6978293657302856,0.006572163198143244,1,1e-05,4.3739471435546875,0.0809420570731163,0.06660688668489456,0.16490529477596283,0.6054277420043945,0.07951534539461136,0.16430611908435822,0.2012091875076294,0.080618716776371,0.3932128846645355,0.2579384744167328,0.5210072994232178,0.030437111854553223,0.24421639740467072,0.38339823484420776,0.08558055758476257,0.33457034826278687,0.28421249985694885,0.20585830509662628,0.46231913566589355,0.029632367193698883,0.19707998633384705,0.4099017083644867,0.08749508857727051,0.2828795313835144,0.19805915653705597,0.1454477161169052,0.354423463344574,0.045080557465553284,0.1482274979352951,0.2823913097381592,0.21657772362232208,0.16574129462242126
110,0.03820680162828902,0.024860036923833515,1.2647824753885684,3.857458811936617e-05,0.6985544743745223,0.02648033905029297,0.18804798722267152,0.4880479872226715,2,3222,0.6083213090896606,0.6943907737731934,0.006698303390294313,1,1e-05,4.408169269561768,0.0824025496840477,0.06696834415197372,0.1642351597547531,0.6083213090896606,0.0800679549574852,0.16186103224754333,0.19849680364131927,0.07979535311460495,0.3984925448894501,0.26497793197631836,0.5269746780395508,0.03066951036453247,0.24463728070259094,0.38224464654922485,0.087131567299366,0.32994046807289124,0.2907082140445709,0.21295739710330963,0.46477171778678894,0.029714852571487427,0.20082302391529083,0.4081239104270935,0.08971919864416122,0.2816554307937622,0.1969665288925171,0.14484502375125885,0.3521241843700409,0.0449085608124733,0.14774921536445618,0.2810702919960022,0.21898944675922394,0.16566580533981323
111,0.038277060927256294,0.024932860599263855,1.2645180380862693,4.047931044782593e-05,0.6986150378766267,0.02583236750849971,0.18654189705848695,0.48654189705848694,2,3222,0.6037231683731079,0.6920310854911804,0.007763150613754988,1,1e-05,4.422486782073975,0.08282417804002762,0.0674624964594841,0.16470251977443695,0.6037231683731079,0.07973387837409973,0.16097663342952728,0.19707785546779633,0.08065024763345718,0.3982696235179901,0.2595583200454712,0.5256623029708862,0.03197094425559044,0.24307771027088165,0.38111722469329834,0.09017550945281982,0.3346840441226959,0.2918556034564972,0.2101643979549408,0.4640365540981293,0.030881894752383232,0.2007400244474411,0.40788984298706055,0.09215181320905685,0.28446105122566223,0.19458656013011932,0.14383527636528015,0.35274550318717957,0.04573820158839226,0.14754953980445862,0.27951115369796753,0.21606725454330444,0.1657298505306244
112,0.03849027370629103,0.02514926514223866,1.264208689979885,3.963896723808316e-05,0.6985251333402551,0.026484558953179253,0.18529380559921266,0.48529380559921265,2,3222,0.6035259962081909,0.7013525366783142,0.008236437104642391,1,1e-05,4.551727533340454,0.08309545367956161,0.06771137565374374,0.16446265578269958,0.6035259962081909,0.07844116538763046,0.16219377517700195,0.1998198926448822,0.08018419146537781,0.39602071046829224,0.2591756284236908,0.5214613080024719,0.03172843158245087,0.23538950085639954,0.38743793964385986,0.0881044939160347,0.3284268081188202,0.28862595558166504,0.21515344083309174,0.4637242257595062,0.030840326100587845,0.19523465633392334,0.41132643818855286,0.08951692283153534,0.27697932720184326,0.19616316258907318,0.14345356822013855,0.3524635434150696,0.04553040489554405,0.1443023383617401,0.28298234939575195,0.21774472296237946,0.1632450371980667
113,0.03860014936198359,0.025262696425551952,1.263885321824447,3.8686290993253984e-05,0.6982131678125133,0.02572102129900897,0.186798495054245,0.486798495054245,2,3222,0.6051148772239685,0.6951484084129333,0.007227621041238308,1,1e-05,4.496745586395264,0.08284827321767807,0.06817134469747543,0.16476063430309296,0.6051148772239685,0.07930957525968552,0.1624242514371872,0.19854524731636047,0.07915271073579788,0.3979543149471283,0.26511475443840027,0.5251688361167908,0.03219088912010193,0.2465631663799286,0.38097867369651794,0.08923707902431488,0.32820260524749756,0.2908478379249573,0.21477873623371124,0.46414774656295776,0.030951637774705887,0.2010572850704193,0.4077301025390625,0.09117493778467178,0.27592548727989197,0.19518379867076874,0.14452455937862396,0.3527625501155853,0.045644648373126984,0.14756295084953308,0.2810351550579071,0.21722231805324554,0.16424570977687836
114,0.0382068094028079,0.02487230713924636,1.2635985561039136,3.8077104482394844e-05,0.6981366484061532,0.02548537473325376,0.1855582118034363,0.4855582118034363,2,3222,0.6021817922592163,0.7043306231498718,0.007453465834259987,1,1e-05,4.536680459976196,0.0830516666173935,0.06729087233543396,0.16487963497638702,0.6021817922592163,0.0800071582198143,0.1620141714811325,0.20001600682735443,0.0806041955947876,0.40034016966819763,0.26033180952072144,0.523066520690918,0.031746573746204376,0.24715296924114227,0.3895469903945923,0.08463697135448456,0.33220174908638,0.2914559245109558,0.21061526238918304,0.46423211693763733,0.030881403014063835,0.20661291480064392,0.4141980707645416,0.0869433581829071,0.2785125970840454,0.19581833481788635,0.14502015709877014,0.3527523875236511,0.04552103579044342,0.1491256207227707,0.28209465742111206,0.2183203101158142,0.1635950356721878
115,0.03823364979547003,0.02490274600036766,1.2632688076599785,3.78022619849577e-05,0.6978378218153248,0.02532627557825159,0.18863458633422853,0.4886345863342285,2,3222,0.6050418615341187,0.6925978660583496,0.006723499856889248,1,1e-05,4.505278587341309,0.08270838111639023,0.06761826574802399,0.1639244556427002,0.6050418615341187,0.07868485152721405,0.16057613492012024,0.1966215819120407,0.0804925486445427,0.3973277509212494,0.26141151785850525,0.5306589603424072,0.030727121978998184,0.2522100806236267,0.3796822130680084,0.08681575953960419,0.33648523688316345,0.29342612624168396,0.21112234890460968,0.4673449993133545,0.029907744377851486,0.20178750157356262,0.4075895845890045,0.08969958126544952,0.2832692563533783,0.1931535303592682,0.14388668537139893,0.3514925241470337,0.04510805383324623,0.14975492656230927,0.2781141996383667,0.2170504778623581,0.16602587699890137
116,0.038143814905830055,0.024815796348063843,1.2630146534546562,3.9710275260680966e-05,0.6974751716074736,0.02636408487955729,0.18520681262016297,0.48520681262016296,2,3222,0.6056037545204163,0.7011389136314392,0.007876517251133919,1,1e-05,4.582978248596191,0.08088287711143494,0.06652788072824478,0.16552114486694336,0.6056037545204163,0.07963677495718002,0.1647995263338089,0.19971498847007751,0.0813683569431305,0.3909006714820862,0.25016170740127563,0.5181218385696411,0.030416525900363922,0.23779338598251343,0.3799581527709961,0.08605070412158966,0.3326512277126312,0.28383198380470276,0.2058098316192627,0.4620493948459625,0.029615864157676697,0.19853459298610687,0.40695950388908386,0.08807733654975891,0.28209003806114197,0.19548571109771729,0.14129537343978882,0.35505226254463196,0.04498269781470299,0.1437510848045349,0.2838357985019684,0.2195417732000351,0.1647479087114334
117,0.038239332482866616,0.024913802500004353,1.2627672682637754,4.147632764373987e-05,0.6974428788475369,0.02559429281729239,0.186331045627594,0.486331045627594,2,3222,0.6011757254600525,0.6963127255439758,0.007054109126329422,1,1e-05,4.592456579208374,0.08104882389307022,0.06651605665683746,0.1647171676158905,0.6011757254600525,0.07880093157291412,0.16165608167648315,0.1993463635444641,0.07983159273862839,0.3892534077167511,0.2580105662345886,0.5264585614204407,0.030435964465141296,0.2434835433959961,0.3829406201839447,0.08691246807575226,0.3357027769088745,0.28282007575035095,0.20819349586963654,0.46575039625167847,0.029750952497124672,0.1992565244436264,0.40896597504615784,0.0887417271733284,0.2794305980205536,0.19247907400131226,0.14457519352436066,0.35193943977355957,0.04499746486544609,0.14719749987125397,0.27878817915916443,0.21641486883163452,0.16450534760951996
118,0.038466038587300674,0.02514322255940541,1.262503603230352,3.837208667233505e-05,0.6973971620849941,0.02693621939199942,0.19069499969482423,0.4906949996948242,2,3222,0.6075721979141235,0.6907215714454651,0.006264202296733856,1,1e-05,4.540417432785034,0.08129414916038513,0.06589366495609283,0.16302147507667542,0.6075721979141235,0.08043958246707916,0.1616894155740738,0.19718748331069946,0.07908475399017334,0.38949716091156006,0.2562592625617981,0.5341313481330872,0.030276509001851082,0.25325819849967957,0.37588247656822205,0.08356079459190369,0.3280675709247589,0.28606322407722473,0.20614054799079895,0.4694644510746002,0.029292747378349304,0.2012711614370346,0.40367990732192993,0.08756067603826523,0.27731436491012573,0.19286978244781494,0.14264456927776337,0.35161203145980835,0.04482220113277435,0.1500929594039917,0.2790561616420746,0.21941746771335602,0.16379600763320923
119,0.03809010966316513,0.02476974690090055,1.2622961376024329,4.092418511509491e-05,0.6969925735307776,0.02630356767442491,0.1884631633758545,0.4884631633758545,2,3222,0.6067055463790894,0.6963479518890381,0.007183651905506849,1,1e-05,4.452044725418091,0.08210097253322601,0.06671573966741562,0.16494543850421906,0.6067055463790894,0.07948099821805954,0.1613709181547165,0.19825264811515808,0.0798177644610405,0.395229697227478,0.24890553951263428,0.5276185870170593,0.02986075170338154,0.2380291074514389,0.38266146183013916,0.08272113651037216,0.3290114402770996,0.2910645604133606,0.20157349109649658,0.46611344814300537,0.029091496020555496,0.19533023238182068,0.4087216556072235,0.08618532121181488,0.273190975189209,0.19300423562526703,0.14198780059814453,0.3534151315689087,0.04470338672399521,0.14444421231746674,0.2794267535209656,0.21853233873844147,0.16280214488506317
120,0.03846837709779325,0.02515074691694716,1.26207711385644,3.826876475258082e-05,0.6964767730754354,0.025527614452220775,0.18625424504280091,0.4862542450428009,2,3222,0.6033746600151062,0.6995554566383362,0.0072252205573022366,1,1e-05,4.486101865768433,0.08245502412319183,0.0671769306063652,0.16395632922649384,0.6033746600151062,0.07930245250463486,0.163106769323349,0.19754531979560852,0.0791761577129364,0.39936575293540955,0.2591507136821747,0.5257490277290344,0.03144426643848419,0.24699881672859192,0.381957083940506,0.08945605903863907,0.32665571570396423,0.28954705595970154,0.21098943054676056,0.4653453826904297,0.030423616990447044,0.20249290764331818,0.4085284471511841,0.09131067246198654,0.27451691031455994,0.1964225471019745,0.14303924143314362,0.3505479395389557,0.045466985553503036,0.1468982994556427,0.2818852365016937,0.21772433817386627,0.16363173723220825
121,0.03793707085044488,0.0246201164048651,1.2619590500126714,3.837763158472903e-05,0.6969804556473441,0.026064439279061775,0.1867994785308838,0.4867994785308838,2,3222,0.6040305495262146,0.6976118087768555,0.006907152943313122,1,1e-05,4.452842712402344,0.08188880234956741,0.06612254679203033,0.1649339199066162,0.6040305495262146,0.07896590977907181,0.16237546503543854,0.1998099833726883,0.08029067516326904,0.39454886317253113,0.2526686191558838,0.524520754814148,0.030109835788607597,0.24052032828330994,0.38469770550727844,0.08492716401815414,0.33071184158325195,0.2859521210193634,0.20360958576202393,0.4642634391784668,0.029415490105748177,0.19412395358085632,0.4102140963077545,0.08739110082387924,0.2777969241142273,0.1968260258436203,0.14213918149471283,0.354383260011673,0.04481444135308266,0.14637593924999237,0.2807783782482147,0.21765011548995972,0.16350938379764557
122,0.03835544573224109,0.025044226290091225,1.2614186276560244,3.8318662320860945e-05,0.696650056735329,0.02669088179976852,0.18852521181106568,0.4885252118110657,2,3222,0.6056070923805237,0.6908414959907532,0.006547871045768261,1,1e-05,4.394686937332153,0.08239981532096863,0.06657624989748001,0.16415274143218994,0.6056070923805237,0.07933187484741211,0.16218887269496918,0.1997893899679184,0.07965784519910812,0.3972732424736023,0.25416892766952515,0.5288019180297852,0.030203744769096375,0.25633037090301514,0.38217881321907043,0.08661065250635147,0.3320165276527405,0.29078179597854614,0.20193788409233093,0.46640652418136597,0.029438259080052376,0.2034328579902649,0.40808820724487305,0.08860200643539429,0.27897778153419495,0.19712859392166138,0.1428806334733963,0.3532853424549103,0.045149337500333786,0.15015223622322083,0.27845296263694763,0.21492543816566467,0.1639326959848404
123,0.03833746100249498,0.025029162106954533,1.2611018574756125,3.8040237679682754e-05,0.6968996887621672,0.02566394155996817,0.18981600999832154,0.48981600999832153,2,3222,0.6060446500778198,0.688155472278595,0.0069703529588878155,1,1e-05,4.399421215057373,0.0819065272808075,0.0670250728726387,0.1636640727519989,0.6060446500778198,0.07920867949724197,0.16008488833904266,0.19750674068927765,0.07896502315998077,0.389457643032074,0.25305619835853577,0.5336492657661438,0.029863249510526657,0.2522982656955719,0.3785780072212219,0.08738411962985992,0.3266414701938629,0.2883855998516083,0.20482029020786285,0.4684767723083496,0.029174532741308212,0.20453386008739471,0.4051998555660248,0.08961023390293121,0.27262580394744873,0.19186033308506012,0.14180023968219757,0.3510933518409729,0.04457174986600876,0.1501062959432602,0.2773362696170807,0.21688851714134216,0.16289229691028595
124,0.03816913716171099,0.02486399407296077,1.2608468169751375,3.7560061331453696e-05,0.6962999131368555,0.02539483501293041,0.18534548282623292,0.4853454828262329,2,3222,0.602722704410553,0.6942875385284424,0.007386841811239719,1,1e-05,4.423755407333374,0.08186238259077072,0.06749697029590607,0.16492454707622528,0.602722704410553,0.07902465760707855,0.16315113008022308,0.20013898611068726,0.08003702014684677,0.3936048746109009,0.2578132152557373,0.5224156379699707,0.03113490156829357,0.24878139793872833,0.37966373562812805,0.08473514020442963,0.33201178908348083,0.2856345474720001,0.2083408683538437,0.462826669216156,0.03036305494606495,0.2047053575515747,0.4066501557826996,0.08725134283304214,0.28250405192375183,0.19496940076351166,0.1426507532596588,0.35341694951057434,0.04550012946128845,0.14846976101398468,0.2808813750743866,0.2180308848619461,0.1646818071603775
125,0.03834759427801422,0.02504509501159191,1.2606068175771963,3.8226136973168216e-05,0.6960492652395497,0.02563073334870515,0.18660820722579957,0.48660820722579956,2,3222,0.6052699685096741,0.6991720795631409,0.007320378441363573,1,1e-05,4.386245250701904,0.08165698498487473,0.06699967384338379,0.16482698917388916,0.6052699685096741,0.07945066690444946,0.16174738109111786,0.1977183222770691,0.08030300587415695,0.39231249690055847,0.25468653440475464,0.5251715779304504,0.030263379216194153,0.2402333915233612,0.38722625374794006,0.08675011247396469,0.33327043056488037,0.28567105531692505,0.20420052111148834,0.46404290199279785,0.029555875808000565,0.196607768535614,0.4119451940059662,0.08912275731563568,0.2773757576942444,0.19416867196559906,0.1417643129825592,0.3519483208656311,0.0449979305267334,0.14461222290992737,0.280752569437027,0.21712489426136017,0.16440948843955994
126,0.03804874258196872,0.024749543922750847,1.260260706362517,3.772604949240897e-05,0.6962150438972141,0.025812754878291377,0.18681929707527162,0.4868192970752716,2,3222,0.607236921787262,0.6992186903953552,0.007605940569192171,1,1e-05,4.587366104125977,0.08265279233455658,0.06791901588439941,0.1656106859445572,0.607236921787262,0.07847849279642105,0.1616835743188858,0.19840951263904572,0.07944339513778687,0.39160048961639404,0.25296756625175476,0.5228241682052612,0.030854059383273125,0.24280059337615967,0.3836950957775116,0.08591713756322861,0.32873186469078064,0.28969720005989075,0.20836836099624634,0.4633592367172241,0.029924141243100166,0.20082591474056244,0.40989887714385986,0.0881526917219162,0.2752954065799713,0.1950281709432602,0.1410495638847351,0.35385677218437195,0.04524480551481247,0.1466069519519806,0.2807713449001312,0.2170514315366745,0.16280511021614075
127,0.03825265314915906,0.02495632263953271,1.2600217694821565,3.767075189819519e-05,0.6957368747047756,0.027106359128598812,0.18569935560226442,0.4856993556022644,2,3222,0.6084902882575989,0.6974599361419678,0.008023671805858612,1,1e-05,4.673248052597046,0.08261863142251968,0.0680529847741127,0.16526775062084198,0.6084902882575989,0.07752694934606552,0.1625802218914032,0.19719718396663666,0.0798569768667221,0.39136427640914917,0.25409042835235596,0.5195819735527039,0.03008382022380829,0.23360420763492584,0.379714697599411,0.08749106526374817,0.3256194591522217,0.2887091636657715,0.21453344821929932,0.46179425716400146,0.029330849647521973,0.19484056532382965,0.4064638018608093,0.08925732970237732,0.27571791410446167,0.19486062228679657,0.14193731546401978,0.3529309630393982,0.04470629245042801,0.14409510791301727,0.28216472268104553,0.21886342763900757,0.1631910502910614
128,0.038053817723108375,0.0247589020949343,1.2598607332810112,3.922151612958101e-05,0.6959161162376404,0.02706902539288556,0.19087893962860109,0.4908789396286011,2,3222,0.6106403470039368,0.6957480907440186,0.006569925229996443,1,1e-05,4.571301698684692,0.08131055533885956,0.06645382940769196,0.16351105272769928,0.6106403470039368,0.07967992126941681,0.16273942589759827,0.1972341537475586,0.07996287941932678,0.3932216465473175,0.25674018263816833,0.5320971012115479,0.029405377805233,0.24630442261695862,0.37874847650527954,0.08264541625976562,0.33067184686660767,0.2870487570762634,0.20435096323490143,0.46839049458503723,0.028499115258455276,0.19740992784500122,0.406570702791214,0.08636069297790527,0.2792949676513672,0.19514338672161102,0.14260894060134888,0.3523879051208496,0.04465440660715103,0.14743295311927795,0.28013715147972107,0.21904942393302917,0.16407814621925354
129,0.03816444896485494,0.024873919623053593,1.2594843014426853,3.761498263212042e-05,0.6953107092691504,0.02559042697482639,0.18824200034141542,0.4882420003414154,2,3222,0.6054447293281555,0.6956812739372253,0.006772816181182861,1,1e-05,4.5712244510650635,0.08200044184923172,0.06703231483697891,0.16412881016731262,0.6054447293281555,0.07930134981870651,0.16266387701034546,0.199517622590065,0.08011309057474136,0.3945488929748535,0.2580947279930115,0.528678834438324,0.031161677092313766,0.2572917640209198,0.3800513744354248,0.08443857729434967,0.3307368755340576,0.2887711822986603,0.20582856237888336,0.4660367965698242,0.030208930373191833,0.20577338337898254,0.40700680017471313,0.08763944357633591,0.281771719455719,0.19367508590221405,0.14277993142604828,0.3528076708316803,0.04530242830514908,0.15053920447826385,0.27973368763923645,0.2180091142654419,0.16391214728355408
130,0.038183867283489395,0.024896864576832108,1.2591386152350383,3.734780282526196e-05,0.695243775844574,0.02616165104618779,0.18727333545684816,0.48727333545684814,2,3222,0.6014596819877625,0.6970529556274414,0.006665647495537996,1,1e-05,4.596867322921753,0.08188240975141525,0.06678584218025208,0.16491103172302246,0.6014596819877625,0.07969382405281067,0.16049787402153015,0.20022745430469513,0.0797635167837143,0.39556118845939636,0.25161096453666687,0.5271211862564087,0.03171668201684952,0.2461201250553131,0.38684964179992676,0.08454106748104095,0.3325050175189972,0.2905119061470032,0.2011134773492813,0.46654048562049866,0.030738167464733124,0.1968449056148529,0.41184529662132263,0.0870029553771019,0.2783924341201782,0.19420257210731506,0.14206600189208984,0.35397210717201233,0.0459505170583725,0.1479145884513855,0.2777502238750458,0.2154233753681183,0.16341884434223175
131,0.038048694315163986,0.02476353943347931,1.2589456672253816,3.741636876087717e-05,0.6953240814416305,0.026510577731662325,0.18579138517379762,0.4857913851737976,2,3222,0.6054074168205261,0.6920585036277771,0.006842023693025112,1,1e-05,4.589924573898315,0.08210908621549606,0.0672486424446106,0.16480576992034912,0.6054074168205261,0.07777144014835358,0.16365152597427368,0.1995571106672287,0.07890168577432632,0.3967422544956207,0.25870341062545776,0.5221585631370544,0.030072838068008423,0.23933804035186768,0.3810068666934967,0.0837218388915062,0.3278708755970001,0.28725171089172363,0.20549306273460388,0.4625459909439087,0.029376165941357613,0.19352734088897705,0.40753018856048584,0.08624905347824097,0.2739884555339813,0.19712276756763458,0.14230406284332275,0.35305359959602356,0.04499590024352074,0.14494100213050842,0.28065383434295654,0.21815437078475952,0.16309285163879395
132,0.03790243520684864,0.024620645801010338,1.2586274924485579,3.6810282915172614e-05,0.6951467239338419,0.026001314516420716,0.18540940880775453,0.4854094088077545,2,3222,0.6025237441062927,0.7002595067024231,0.00715439161285758,1,1e-05,4.4766845703125,0.0807066485285759,0.06599801033735275,0.1655379980802536,0.6025237441062927,0.07956328988075256,0.16292795538902283,0.19818595051765442,0.08055394142866135,0.3866420388221741,0.2511845827102661,0.5217316746711731,0.03152690455317497,0.23847651481628418,0.3837123215198517,0.0830964744091034,0.33228492736816406,0.28117212653160095,0.20293644070625305,0.46339866518974304,0.030540326610207558,0.1959877908229828,0.4105226695537567,0.08572456240653992,0.277084618806839,0.1930989921092987,0.14170566201210022,0.3539835214614868,0.04561170935630798,0.1451835185289383,0.2811427116394043,0.21760371327400208,0.16328057646751404
133,0.03793984214248865,0.0246613467031199,1.2583123860151872,3.761686077822283e-05,0.6949956624404244,0.02682996114095052,0.1898146390914917,0.4898146390914917,2,3222,0.6125383973121643,0.6919862031936646,0.0066612581722438335,1,1e-05,4.541400671005249,0.08209094405174255,0.06567780673503876,0.1640990525484085,0.6125383973121643,0.07792678475379944,0.16230960190296173,0.1994221955537796,0.0802304819226265,0.3971213400363922,0.24709533154964447,0.5278310179710388,0.029191890731453896,0.23435163497924805,0.3806377053260803,0.08480028063058853,0.3282793462276459,0.2901885509490967,0.1996774971485138,0.4659000635147095,0.028478950262069702,0.18885257840156555,0.4079756736755371,0.08707895129919052,0.2757498025894165,0.1977078914642334,0.14154617488384247,0.3529890179634094,0.04439319297671318,0.14328663051128387,0.27881452441215515,0.2158541977405548,0.1630118489265442
134,0.03805149945875873,0.024775794018869816,1.258090827776038,4.018935800084601e-05,0.6943959541942762,0.026177981341326678,0.18834097385406495,0.48834097385406494,2,3222,0.6061516404151917,0.6912444233894348,0.00629629660397768,1,1e-05,4.416211366653442,0.08139672875404358,0.06647135317325592,0.16442349553108215,0.6061516404151917,0.07959740608930588,0.16233323514461517,0.19769924879074097,0.07867202907800674,0.3905353546142578,0.25696027278900146,0.5281247496604919,0.030213119462132454,0.25270357728004456,0.37794381380081177,0.08452404290437698,0.3297062814235687,0.2859663665294647,0.20680393278598785,0.46582967042922974,0.029324371367692947,0.20179784297943115,0.40525680780410767,0.08779381960630417,0.27901768684387207,0.19329719245433807,0.14351405203342438,0.3532579243183136,0.04499224200844765,0.1495215892791748,0.27958282828330994,0.2179183065891266,0.1644434928894043
135,0.037925341207048165,0.024653200303082882,1.2577340395554253,4.051898102498735e-05,0.6943957779718481,0.025595106336805555,0.18618459701538087,0.48618459701538086,2,3222,0.6067463755607605,0.702603280544281,0.007230343762785196,1,1e-05,4.444013595581055,0.08146382123231888,0.06658574193716049,0.16584475338459015,0.6067463755607605,0.07920955866575241,0.16439782083034515,0.19968870282173157,0.08094906061887741,0.39221248030662537,0.25201043486595154,0.520317018032074,0.030700793489813805,0.24169929325580597,0.38213473558425903,0.08333612978458405,0.3318822681903839,0.2859920263290405,0.20444877445697784,0.46185579895973206,0.029830388724803925,0.19574519991874695,0.40852871537208557,0.08639353513717651,0.2795737385749817,0.19423624873161316,0.14031261205673218,0.3558192849159241,0.04510868340730667,0.14651665091514587,0.2837018370628357,0.21923336386680603,0.164073646068573
136,0.03835785777672478,0.025088026552744534,1.2574994615886523,4.261651812829887e-05,0.6944102981816167,0.02617842271592882,0.18653867840766908,0.48653867840766907,2,3222,0.6020510792732239,0.6991547346115112,0.006801511626690626,1,1e-05,4.400338649749756,0.08000515401363373,0.06642988324165344,0.16583697497844696,0.6020510792732239,0.07897476106882095,0.16161289811134338,0.19985273480415344,0.08002569526433945,0.3819645047187805,0.2518180012702942,0.5230568647384644,0.031746648252010345,0.24492371082305908,0.38471537828445435,0.08321597427129745,0.33818405866622925,0.2799142599105835,0.20336373150348663,0.46468186378479004,0.030791133642196655,0.20135928690433502,0.4105878472328186,0.08659782260656357,0.2833477854728699,0.19220319390296936,0.14189916849136353,0.3563648462295532,0.04579178988933563,0.14789852499961853,0.27844977378845215,0.21530389785766602,0.1659948229789734
137,0.038066175158904945,0.024799879640340805,1.2571753885435022,3.7453429167330995e-05,0.694167567336041,0.025677502667462385,0.1872296452522278,0.4872296452522278,2,3222,0.6019930243492126,0.6955946087837219,0.007368224207311869,1,1e-05,4.376884937286377,0.08266003429889679,0.06666868925094604,0.1636924296617508,0.6019930243492126,0.07987476885318756,0.16071048378944397,0.19923067092895508,0.07739358395338058,0.3960832953453064,0.25445792078971863,0.5297916531562805,0.03062797151505947,0.2519990801811218,0.38519272208213806,0.08568357676267624,0.32305213809013367,0.28890952467918396,0.20467668771743774,0.4674605429172516,0.03001662716269493,0.20634284615516663,0.41134822368621826,0.08781850337982178,0.27034538984298706,0.194581538438797,0.14070312678813934,0.3496733605861664,0.045045748353004456,0.14915843307971954,0.2781737744808197,0.2162667214870453,0.16143375635147095
138,0.03842383687910826,0.025160175626692566,1.2569288948307866,3.7690185348290704e-05,0.6939963335576265,0.026748087565104165,0.18723492026329042,0.4872349202632904,2,3222,0.6085918545722961,0.6977843046188354,0.006599621847271919,1,1e-05,4.4556052684783936,0.08186747133731842,0.06614807993173599,0.16489821672439575,0.6085918545722961,0.07873691618442535,0.16198907792568207,0.1969403773546219,0.07987876236438751,0.39159247279167175,0.25475266575813293,0.5246530771255493,0.029992256313562393,0.23684057593345642,0.3831707835197449,0.08655494451522827,0.32775723934173584,0.2875455617904663,0.2047932744026184,0.463346004486084,0.028986793011426926,0.19469253718852997,0.40889981389045715,0.08885175734758377,0.2749451994895935,0.19347795844078064,0.14018864929676056,0.352348655462265,0.04479457437992096,0.1452305167913437,0.28190258145332336,0.2180241197347641,0.16416993737220764
139,0.03787762963253519,0.024615031788530556,1.2568014341851939,4.0225513657787815e-05,0.6941815640615381,0.026632466351544416,0.18896133899688722,0.4889613389968872,2,3222,0.6074542999267578,0.696330726146698,0.007122466340661049,1,1e-05,4.4377195835113525,0.08177347481250763,0.06559556722640991,0.16444158554077148,0.6074542999267578,0.07929830253124237,0.16205373406410217,0.20018742978572845,0.07995755225419998,0.39339447021484375,0.24287866055965424,0.5280453562736511,0.03105034865438938,0.24239186942577362,0.38340678811073303,0.08301868289709091,0.3288179934024811,0.2876775562763214,0.19629159569740295,0.46701931953430176,0.029999490827322006,0.1966123729944229,0.40910059213638306,0.08579424768686295,0.2749912440776825,0.19616900384426117,0.13982093334197998,0.35332638025283813,0.04526457563042641,0.14665408432483673,0.27868562936782837,0.2161032259464264,0.16293540596961975
140,0.038109495264032615,0.02485258383271487,1.2563331541807756,3.855714606723505e-05,0.6931944308073624,0.02544160348397714,0.1872049391269684,0.4872049391269684,2,3222,0.6056467890739441,0.6951704621315002,0.0073163993656635284,1,1e-05,4.486214637756348,0.08230745047330856,0.06694930046796799,0.16504918038845062,0.6056467890739441,0.0790121853351593,0.16136281192302704,0.19888491928577423,0.0795104131102562,0.3936994969844818,0.250652015209198,0.5256151556968689,0.031056130304932594,0.24285195767879486,0.3843920826911926,0.08443846553564072,0.3319726586341858,0.2899847626686096,0.20385535061359406,0.46472468972206116,0.030255861580371857,0.19930905103683472,0.4094601571559906,0.08723818510770798,0.27636873722076416,0.19265054166316986,0.1403643935918808,0.3528331518173218,0.04549059271812439,0.14639225602149963,0.27882853150367737,0.21578684449195862,0.16325362026691437
141,0.03829252655091493,0.025038527810703152,1.2559832179028054,3.7385125008016907e-05,0.6937924467999003,0.025445993494104455,0.18489680886268617,0.48489680886268616,2,3222,0.6023954153060913,0.6958425641059875,0.007861604914069176,1,1e-05,4.5788750648498535,0.08193336427211761,0.06640661507844925,0.16551774740219116,0.6023954153060913,0.07892125099897385,0.16161079704761505,0.2000490427017212,0.08053846657276154,0.39268091320991516,0.24434098601341248,0.5205374956130981,0.031197577714920044,0.24464194476604462,0.3854820728302002,0.0867878794670105,0.3286474943161011,0.2874744236469269,0.2010498046875,0.4620855450630188,0.030448881909251213,0.19944056868553162,0.4109833836555481,0.08854587376117706,0.27569398283958435,0.19447311758995056,0.13743789494037628,0.35456880927085876,0.04552532732486725,0.14743128418922424,0.2804456651210785,0.2151421755552292,0.16327086091041565
142,0.03818153735736142,0.02493130358988824,1.2556872989820398,3.727884825860636e-05,0.6929880665696185,0.025467599939416954,0.1873638153076172,0.4873638153076172,2,3222,0.6011229753494263,0.6937532424926758,0.007192937657237053,1,1e-05,4.400190114974976,0.08291983604431152,0.0673312097787857,0.16448506712913513,0.6011229753494263,0.07870829105377197,0.15988671779632568,0.19615480303764343,0.07865387201309204,0.39380934834480286,0.25835007429122925,0.5294882655143738,0.030520731583237648,0.23708119988441467,0.37978827953338623,0.0864524394273758,0.3277866244316101,0.2925127446651459,0.20946258306503296,0.4677767753601074,0.029824212193489075,0.19613410532474518,0.40745118260383606,0.08865383267402649,0.27298933267593384,0.19469843804836273,0.14082121849060059,0.35106736421585083,0.045024558901786804,0.14555269479751587,0.27697640657424927,0.2160162627696991,0.16289272904396057
143,0.0379654319713945,0.024718394988904827,1.2553533108338066,3.7119374610483646e-05,0.6931327866471332,0.025654511628327548,0.18467081785202027,0.48467081785202026,2,3222,0.6003560423851013,0.7013676166534424,0.0076021915301680565,1,1e-05,4.505988359451294,0.08181343972682953,0.06682722270488739,0.1651555448770523,0.6003560423851013,0.07882633060216904,0.16095565259456635,0.1983540654182434,0.07976635545492172,0.39064961671829224,0.25170397758483887,0.5213431715965271,0.031793296337127686,0.2373591810464859,0.38845548033714294,0.0864977315068245,0.3278484642505646,0.28467708826065063,0.2059709131717682,0.46405869722366333,0.0310357715934515,0.19748148322105408,0.412910133600235,0.08848555386066437,0.2749844491481781,0.19502796232700348,0.1403178572654724,0.3529253602027893,0.045671142637729645,0.14536556601524353,0.2802084982395172,0.217055082321167,0.16287080943584442
144,0.038036735323460205,0.024792149662971497,1.2550955596177473,3.7187196342173316e-05,0.6932584410128386,0.026236832795319735,0.18999091982841493,0.4899909198284149,2,3222,0.6121118068695068,0.6997929811477661,0.006563669070601463,1,1e-05,4.393222332000732,0.08075259625911713,0.06586702167987823,0.16409708559513092,0.6121118068695068,0.07967397570610046,0.1645016074180603,0.19765222072601318,0.079197458922863,0.38540446758270264,0.24659615755081177,0.5282741189002991,0.02926516719162464,0.24708902835845947,0.379079669713974,0.08200672268867493,0.3245922923088074,0.2815033197402954,0.1996067315340042,0.46601277589797974,0.02840084582567215,0.1999715119600296,0.4063037931919098,0.08566486090421677,0.27559927105903625,0.1920870691537857,0.13965585827827454,0.35356512665748596,0.04427693784236908,0.14765587449073792,0.2829113304615021,0.21950995922088623,0.16177985072135925
145,0.03798173529946286,0.024741342048282208,1.254729758138242,3.7019663780127935e-05,0.6927265213883441,0.026877605296947337,0.18762813210487367,0.48762813210487366,2,3222,0.6060364246368408,0.6979267597198486,0.006782114505767822,1,1e-05,4.39764404296875,0.08193095773458481,0.06507839262485504,0.16409069299697876,0.6060364246368408,0.08025243133306503,0.1635923981666565,0.19965389370918274,0.07961493730545044,0.3904564678668976,0.24661308526992798,0.5266756415367126,0.030505690723657608,0.2548491060733795,0.3842536211013794,0.0826638787984848,0.3255396783351898,0.28542664647102356,0.19892042875289917,0.4648147225379944,0.029645061120390892,0.2028437703847885,0.40984755754470825,0.08592040836811066,0.2750183641910553,0.19488339126110077,0.14007659256458282,0.3529857099056244,0.045040313154459,0.14812348783016205,0.2815937399864197,0.21727292239665985,0.1627301126718521
